Date,^KS11,^GSPC,KRW=X,^TNX,^VIX,HG=F,EEM,CL=F,DX-Y.NYB,GC=F,JPYKRW=X,CHF=X,^VVIX
2015-06-16,2028.719970703125,2096.2900390625,1114.530029296875,2.318000078201294,14.8100004196167,2.626499891281128,31.0003604888916,59.970001220703125,95.0,1180.5,9.036299705505371,0.9298400282859802,95.95999908447266
2015-06-17,2034.8599853515625,2100.43994140625,1116.77001953125,2.305999994277954,14.5,2.622999906539917,31.18729591369629,59.91999816894531,94.30000305175781,1176.4000244140625,9.054499626159668,0.9316999912261963,93.19000244140625
2015-06-18,2041.8800048828125,2121.239990234375,1111.5899658203125,2.3510000705718994,13.1899995803833,2.628499984741211,31.47549057006836,60.45000076293945,94.04000091552734,1201.5,9.005200386047363,0.9208999872207642,89.19999694824219
2015-06-19,2046.9599609375,2109.989990234375,1103.25,2.2669999599456787,13.960000038146973,2.5920000076293945,31.202878952026367,59.61000061035156,94.08999633789062,1201.5,8.975600242614746,0.9212999939918518,92.16000366210938
2015-06-22,2055.159912109375,2122.85009765625,1101.219970703125,2.359999895095825,12.739999771118164,2.5880000591278076,31.65464210510254,59.68000030517578,94.33000183105469,1183.699951171875,8.962599754333496,0.9181100130081177,83.87000274658203
2015-06-23,2081.199951171875,2124.199951171875,1098.780029296875,2.4089999198913574,12.109999656677246,2.634000062942505,31.966197967529297,61.0099983215332,95.43000030517578,1176.199951171875,8.910400390625,0.9211900234222412,78.8499984741211
2015-06-24,2085.530029296875,2108.580078125,1103.969970703125,2.371000051498413,13.260000228881836,2.6465001106262207,31.740318298339844,60.27000045776367,95.26000213623047,1172.5999755859375,8.917699813842773,0.9334999918937683,82.52999877929688
2015-06-25,2085.06005859375,2102.31005859375,1107.9200439453125,2.3929998874664307,14.010000228881836,2.6454999446868896,31.631242752075195,59.70000076293945,95.19000244140625,1171.5,8.950200080871582,0.9334999918937683,83.51000213623047
2015-06-26,2090.260009765625,2101.489990234375,1109.93994140625,2.4760000705718994,14.020000457763672,2.6449999809265137,31.33306312561035,59.630001068115234,95.47000122070312,1172.9000244140625,8.98960018157959,0.9365299940109253,83.08999633789062
2015-06-29,2060.489990234375,2057.639892578125,1120.9000244140625,2.3310000896453857,18.850000381469727,2.6384999752044678,30.634679794311523,58.33000183105469,94.79000091552734,1178.5,9.311200141906738,0.940500020980835,117.0
2015-06-30,2074.199951171875,2063.110107421875,1118.219970703125,2.3350000381469727,18.229999542236328,2.623500108718872,31.089799880981445,59.470001220703125,95.48999786376953,1171.5,9.125399589538574,0.9258999824523926,110.16999816894531
2015-07-01,2097.889892578125,2077.419921875,1117.56005859375,2.4179999828338623,16.09000015258789,2.635499954223633,31.066261291503906,56.959999084472656,96.30999755859375,1169.0,9.14799976348877,0.9347000122070312,97.5999984741211
2015-07-02,2107.330078125,2076.780029296875,1122.9300537109375,2.3929998874664307,16.790000915527344,2.634500026702881,31.215349197387695,56.93000030517578,96.11000061035156,1163.0,9.11359977722168,0.9487400054931641,105.13999938964844
2015-07-03,2104.409912109375,2076.780029296875,1120.949951171875,2.3929998874664307,16.790000915527344,2.634500026702881,31.215349197387695,56.93000030517578,96.11000061035156,1163.0,9.113800048828125,0.9434000253677368,105.13999938964844
2015-07-06,2053.929931640625,2068.760009765625,1120.949951171875,2.2780001163482666,17.010000228881836,2.5429999828338623,30.34433937072754,52.529998779296875,96.30000305175781,1172.9000244140625,9.255200386047363,0.944100022315979,105.97000122070312
2015-07-07,2040.2900390625,2081.340087890625,1124.22998046875,2.2309999465942383,16.09000015258789,2.4509999752044678,29.889209747314453,52.33000183105469,96.87000274658203,1152.4000244140625,9.172200202941895,0.9429299831390381,99.3499984741211
2015-07-08,2016.2099609375,2046.6800537109375,1132.9300537109375,2.2060000896453857,19.65999984741211,2.503999948501587,28.86125373840332,51.650001525878906,96.29000091552734,1163.300048828125,9.25510025024414,0.9465600252151489,111.66999816894531
2015-07-09,2027.81005859375,2051.31005859375,1134.43994140625,2.3010001182556152,19.969999313354492,2.558000087738037,29.41838836669922,52.779998779296875,96.61000061035156,1159.0,9.391400337219238,0.9455999732017517,115.36000061035156
2015-07-10,2031.1700439453125,2076.6201171875,1131.030029296875,2.4170000553131104,16.829999923706055,2.5455000400543213,30.163860321044922,52.7400016784668,96.02999877929688,1157.699951171875,9.296600341796875,0.9478999972343445,101.19000244140625
2015-07-13,2061.52001953125,2099.60009765625,1129.0400390625,2.430000066757202,13.899999618530273,2.555500030517578,30.367877960205078,52.20000076293945,96.86000061035156,1155.199951171875,9.253199577331543,0.9400299787521362,85.94999694824219
2015-07-14,2059.22998046875,2108.949951171875,1134.8199462890625,2.3989999294281006,13.369999885559082,2.5445001125335693,30.422805786132812,53.040000915527344,96.63999938964844,1153.300048828125,9.180700302124023,0.9503999948501587,87.3499984741211
2015-07-15,2072.909912109375,2107.39990234375,1141.3699951171875,2.3499999046325684,13.229999542236328,2.5304999351501465,30.077537536621094,51.40999984741211,97.12999725341797,1147.199951171875,9.259900093078613,0.9448699951171875,90.80999755859375
2015-07-16,2087.889892578125,2124.2900390625,1144.9200439453125,2.3519999980926514,12.109999656677246,2.5315001010894775,30.454195022583008,50.90999984741211,97.66000366210938,1143.800048828125,9.246399879455566,0.9521999955177307,87.12000274658203
2015-07-17,2076.7900390625,2126.639892578125,1145.1500244140625,2.3489999771118164,11.949999809265137,2.504499912261963,30.41495704650879,50.88999938964844,97.86000061035156,1131.800048828125,9.228799819946289,0.957099974155426,85.31999969482422
2015-07-20,2073.31005859375,2128.280029296875,1148.1099853515625,2.371999979019165,12.25,2.4839999675750732,30.21878433227539,50.150001525878906,98.02999877929688,1106.699951171875,9.256199836730957,0.9621999859809875,84.37999725341797
2015-07-21,2083.6201171875,2119.2099609375,1154.550048828125,2.3399999141693115,12.220000267028809,2.4774999618530273,30.22663116455078,50.36000061035156,97.33000183105469,1103.4000244140625,9.292699813842773,0.9634000062942505,82.55999755859375
2015-07-22,2064.72998046875,2114.14990234375,1146.8599853515625,2.322000026702881,12.119999885559082,2.43149995803833,29.79505157470703,49.189998626708984,97.5999984741211,1091.4000244140625,9.263099670410156,0.9580000042915344,78.88999938964844
2015-07-23,2065.070068359375,2102.14990234375,1155.530029296875,2.2769999504089355,12.640000343322754,2.385499954223633,29.50471305847168,48.45000076293945,97.12000274658203,1094.0,9.320699691772461,0.9596999883651733,81.63999938964844
2015-07-24,2045.9599609375,2079.64990234375,1160.260009765625,2.2709999084472656,13.739999771118164,2.381500005722046,29.080974578857422,48.13999938964844,97.23999786376953,1085.5999755859375,9.373200416564941,0.9592999815940857,88.36000061035156
2015-07-27,2038.81005859375,2067.639892578125,1168.199951171875,2.2279999256134033,15.600000381469727,2.3505001068115234,28.531681060791016,47.38999938964844,96.5,1096.5,9.455499649047852,0.9624999761581421,97.31999969482422
2015-07-28,2039.0999755859375,2093.25,1165.030029296875,2.25,13.4399995803833,2.4030001163482666,28.822017669677734,47.97999954223633,96.7699966430664,1096.300048828125,9.45419979095459,0.9620000123977661,84.7699966430664
2015-07-29,2037.6199951171875,2108.570068359375,1159.52001953125,2.2790000438690186,12.5,2.4079999923706055,29.104511260986328,48.790000915527344,96.9800033569336,1092.699951171875,9.38659954071045,0.9616299867630005,82.94000244140625
2015-07-30,2019.030029296875,2108.6298828125,1160.0699462890625,2.2679998874664307,12.130000114440918,2.381500005722046,28.814172744750977,48.52000045776367,97.55999755859375,1088.4000244140625,9.364899635314941,0.9673699736595154,80.6500015258789
2015-07-31,2030.1600341796875,2103.840087890625,1170.77001953125,2.2049999237060547,12.119999885559082,2.367500066757202,29.128047943115234,47.119998931884766,97.37000274658203,1094.9000244140625,9.441200256347656,0.9682999849319458,81.7699966430664
2015-08-03,2008.489990234375,2098.0400390625,1164.6400146484375,2.1500000953674316,12.5600004196167,2.3475000858306885,28.641536712646484,45.16999816894531,97.48999786376953,1089.4000244140625,9.409299850463867,0.9671000242233276,79.43000030517578
2015-08-04,2027.989990234375,2093.320068359375,1168.699951171875,2.2109999656677246,13.0,2.365000009536743,28.743541717529297,45.7400016784668,97.93000030517578,1090.699951171875,9.433799743652344,0.9692000150680542,80.81999969482422
2015-08-05,2029.760009765625,2099.840087890625,1167.1300048828125,2.2679998874664307,12.510000228881836,2.3529999256134033,28.751399993896484,45.150001525878906,97.95999908447266,1085.699951171875,9.395700454711914,0.9779000282287598,80.0999984741211
2015-08-06,2013.2900390625,2083.56005859375,1171.93994140625,2.2339999675750732,13.770000457763672,2.3480000495910645,28.500293731689453,44.65999984741211,97.83000183105469,1090.199951171875,9.400500297546387,0.9790400266647339,84.36000061035156
2015-08-07,2010.22998046875,2077.570068359375,1161.530029296875,2.174999952316284,13.390000343322754,2.3415000438690186,28.484594345092773,43.869998931884766,97.55999755859375,1094.0999755859375,9.31659984588623,0.9809899926185608,82.56999969482422
2015-08-10,2003.1700439453125,2104.179931640625,1161.530029296875,2.23799991607666,12.229999542236328,2.4075000286102295,28.963274002075195,44.959999084472656,97.16000366210938,1104.199951171875,9.36340045928955,0.9833999872207642,80.20999908447266
2015-08-11,1986.6500244140625,2084.070068359375,1157.050048828125,2.13700008392334,13.710000038146973,2.3410000801086426,28.327655792236328,43.08000183105469,97.29000091552734,1107.5999755859375,9.288100242614746,0.9836000204086304,85.22000122070312
2015-08-12,1975.469970703125,2086.050048828125,1177.280029296875,2.130000114440918,13.609999656677246,2.3605000972747803,27.888227462768555,43.29999923706055,96.26000213623047,1123.199951171875,9.415800094604492,0.9881600141525269,88.12999725341797
2015-08-13,1983.4599609375,2083.389892578125,1173.0,2.188999891281128,13.489999771118164,2.365499973297119,27.841140747070312,42.22999954223633,96.44999694824219,1115.699951171875,9.448699951171875,0.9753000140190125,88.36000061035156
2015-08-14,1983.4599609375,2091.5400390625,1176.449951171875,2.196000099182129,12.829999923706055,2.364000082015991,27.880374908447266,42.5,96.56999969482422,1112.9000244140625,9.461799621582031,0.9753999710083008,89.37999725341797
2015-08-17,1968.52001953125,2102.43994140625,1177.199951171875,2.1500000953674316,13.020000457763672,2.3324999809265137,27.574342727661133,41.869998931884766,96.81999969482422,1118.5999755859375,9.48840045928955,0.9771000146865845,87.3499984741211
2015-08-18,1956.260009765625,2096.919921875,1181.5799560546875,2.196000099182129,13.789999961853027,2.296999931335449,27.276161193847656,42.619998931884766,96.97000122070312,1117.0999755859375,9.49839973449707,0.9782000184059143,88.83999633789062
2015-08-19,1939.3800048828125,2079.610107421875,1184.449951171875,2.128999948501587,15.25,2.2829999923706055,26.938739776611328,40.79999923706055,96.45999908447266,1128.0999755859375,9.526900291442871,0.977400004863739,91.83999633789062
2015-08-20,1914.550048828125,2035.72998046875,1181.2099609375,2.0840001106262207,19.139999389648438,2.322999954223633,26.515005111694336,41.13999938964844,95.75,1153.0,9.538000106811523,0.9656999707221985,108.75
2015-08-21,1876.0699462890625,1970.8900146484375,1182.530029296875,2.053999900817871,28.030000686645508,2.306999921798706,25.698917388916016,40.45000076293945,94.83000183105469,1159.5999755859375,9.584199905395508,0.9591000080108643,138.57000732421875
2015-08-24,1829.81005859375,1893.2099609375,1193.5699462890625,1.996999979019165,40.7400016784668,2.2690000534057617,24.576797485351562,38.2400016784668,93.30999755859375,1153.4000244140625,9.827500343322754,0.9473000168800354,168.75
2015-08-25,1846.6300048828125,1867.6099853515625,1189.5799560546875,2.132999897003174,36.02000045776367,2.322999954223633,24.890668869018555,39.310001373291016,94.52999877929688,1138.199951171875,10.012999534606934,0.9325000047683716,152.4199981689453
2015-08-26,1894.0899658203125,1940.510009765625,1189.1600341796875,2.171999931335449,30.31999969482422,2.250999927520752,25.714609146118164,38.599998474121094,95.0999984741211,1124.5999755859375,10.043000221252441,0.9391000270843506,134.30999755859375
2015-08-27,1908.0,1987.6600341796875,1181.1600341796875,2.1679999828338623,26.100000381469727,2.3340001106262207,26.852426528930664,42.560001373291016,95.61000061035156,1122.4000244140625,9.847800254821777,0.9519000053405762,128.58999633789062
2015-08-28,1937.6700439453125,1988.8699951171875,1171.989990234375,2.186000108718872,26.049999237060547,2.3464999198913574,26.507152557373047,45.220001220703125,96.11000061035156,1133.0999755859375,9.690699577331543,0.9653000235557556,127.18000030517578
2015-08-31,1941.489990234375,1972.1800537109375,1177.5999755859375,2.200000047683716,28.43000030517578,2.3380000591278076,26.554231643676758,49.20000076293945,95.94999694824219,1131.5999755859375,9.69219970703125,0.9610999822616577,127.27999877929688
2015-09-01,1914.22998046875,1913.8499755859375,1180.949951171875,2.171999931335449,31.399999618530273,2.302500009536743,25.526275634765625,45.40999984741211,95.44999694824219,1138.699951171875,9.758299827575684,0.9650999903678894,128.94000244140625
2015-09-02,1915.219970703125,1948.8599853515625,1177.280029296875,2.193000078201294,26.09000015258789,2.3329999446868896,25.89508819580078,46.25,95.83000183105469,1132.5,9.84000015258789,0.9599999785423279,114.43000030517578
2015-09-03,1915.530029296875,1951.1300048828125,1182.1600341796875,2.1679999828338623,25.610000610351562,2.390000104904175,25.99710464477539,46.75,96.41000366210938,1123.699951171875,9.8100004196167,0.9697999954223633,118.16000366210938
2015-09-04,1886.0400390625,1921.219970703125,1189.1199951171875,2.128000020980835,27.799999237060547,2.319499969482422,25.220247268676758,46.04999923706055,96.2300033569336,1120.5999755859375,9.909199714660645,0.973800003528595,123.1500015258789
2015-09-07,1883.219970703125,1921.219970703125,1199.510009765625,2.128000020980835,27.799999237060547,2.319499969482422,25.220247268676758,46.04999923706055,96.2300033569336,1120.5999755859375,10.071000099182129,0.9718999862670898,123.1500015258789
2015-09-08,1878.6800537109375,1969.4100341796875,1201.18994140625,2.194000005722046,24.899999618530273,2.438499927520752,26.020639419555664,45.939998626708984,95.87999725341797,1120.4000244140625,10.065999984741211,0.9754999876022339,117.62000274658203
2015-09-09,1934.199951171875,1942.0400390625,1193.0,2.180999994277954,26.229999542236328,2.442500114440918,25.887243270874023,44.150001525878906,96.01000213623047,1102.199951171875,9.94320011138916,0.9778000116348267,131.3000030517578
2015-09-10,1962.1099853515625,1952.2900390625,1190.3399658203125,2.2219998836517334,24.3700008392334,2.4544999599456787,26.15404510498047,45.91999816894531,95.45999908447266,1109.5,9.902299880981445,0.9750999808311462,127.05999755859375
2015-09-11,1941.3699951171875,1961.050048828125,1180.5999755859375,2.183000087738037,23.200000762939453,2.4619998931884766,26.25605010986328,44.630001068115234,95.19000244140625,1103.5,9.791999816894531,0.9732000231742859,119.08999633789062
2015-09-14,1931.4599609375,1953.030029296875,1180.550048828125,2.180000066757202,24.25,2.4140000343322754,26.216814041137695,44.0,95.25,1107.699951171875,9.777299880981445,0.968999981880188,118.01000213623047
2015-09-15,1937.56005859375,1978.0899658203125,1182.0,2.2809998989105225,22.540000915527344,2.436000108718872,26.467924118041992,44.59000015258789,95.61000061035156,1102.800048828125,9.814599990844727,0.9682000279426575,109.33999633789062
2015-09-16,1975.449951171875,1995.31005859375,1176.81005859375,2.302999973297119,21.350000381469727,2.4614999294281006,27.111377716064453,47.150001525878906,95.41999816894531,1119.199951171875,9.777299880981445,0.9741100072860718,107.0199966430664
2015-09-17,1976.489990234375,1990.199951171875,1169.199951171875,2.2170000076293945,21.139999389648438,2.4614999294281006,27.048603057861328,46.900001525878906,94.55000305175781,1117.300048828125,9.70199966430664,0.9700999855995178,118.08999633789062
2015-09-18,1995.949951171875,1958.030029296875,1164.8900146484375,2.130000114440918,22.280000686645508,2.3970000743865967,26.5463924407959,44.68000030517578,94.86000061035156,1138.0999755859375,9.704899787902832,0.9620699882507324,116.26000213623047
2015-09-21,1964.6800537109375,1966.969970703125,1171.1099853515625,2.2139999866485596,20.139999389648438,2.3984999656677246,26.49930763244629,46.68000030517578,95.88999938964844,1133.0999755859375,9.773200035095215,0.9692999720573425,103.4000015258789
2015-09-22,1982.06005859375,1942.739990234375,1176.47998046875,2.125,22.440000534057617,2.306999921798706,26.004945755004883,45.83000183105469,96.27999877929688,1125.0,9.767999649047852,0.9718000292778015,111.36000061035156
2015-09-23,1944.6400146484375,1938.760009765625,1182.5400390625,2.1440000534057617,22.1299991607666,2.305500030517578,25.589059829711914,44.47999954223633,96.06999969482422,1131.5999755859375,9.85890007019043,0.9753999710083008,105.86000061035156
2015-09-24,1947.0999755859375,1932.239990234375,1192.4100341796875,2.119999885559082,23.469999313354492,2.312000036239624,25.47920036315918,44.90999984741211,95.98999786376953,1153.800048828125,9.925999641418457,0.9790999889373779,110.12000274658203
2015-09-25,1942.8499755859375,1931.3399658203125,1188.93994140625,2.1679999828338623,23.6200008392334,2.2915000915527344,25.424272537231445,45.70000076293945,96.2699966430664,1146.0,9.89330005645752,0.9779999852180481,110.54000091552734
2015-09-28,1942.8499755859375,1881.77001953125,1191.3199462890625,2.0950000286102295,27.6299991607666,2.25600004196167,24.882823944091797,44.43000030517578,96.02999877929688,1132.0,9.897600173950195,0.9793000221252441,115.30999755859375
2015-09-29,1942.8499755859375,1884.0899658203125,1193.81005859375,2.053999900817871,26.829999923706055,2.253499984741211,25.000532150268555,45.22999954223633,95.88999938964844,1127.0999755859375,9.965100288391113,0.9746999740600586,110.98999786376953
2015-09-30,1962.81005859375,1920.030029296875,1194.1600341796875,2.059999942779541,24.5,2.3454999923706055,25.722455978393555,45.09000015258789,96.3499984741211,1115.5,9.966899871826172,0.9710000157356262,103.27999877929688
2015-10-01,1979.3199462890625,1923.8199462890625,1183.8399658203125,2.0420000553131104,22.549999237060547,2.307499885559082,25.86370277404785,44.7400016784668,96.19000244140625,1114.199951171875,9.882100105285645,0.9740999937057495,98.2699966430664
2015-10-02,1969.6800537109375,1951.3599853515625,1177.0999755859375,1.9889999628067017,20.940000534057617,2.3294999599456787,26.554231643676758,45.540000915527344,95.83000183105469,1137.0999755859375,9.826800346374512,0.9761999845504761,95.06999969482422
2015-10-05,1978.25,1987.050048828125,1171.0899658203125,2.055999994277954,19.540000915527344,2.359999895095825,27.1270694732666,46.2599983215332,96.11000061035156,1138.0999755859375,9.751099586486816,0.9710999727249146,92.29000091552734
2015-10-06,1990.6500244140625,1979.9200439453125,1159.5699462890625,2.0350000858306885,19.399999618530273,2.3589999675750732,27.079988479614258,48.529998779296875,95.45999908447266,1146.800048828125,9.628399848937988,0.9753999710083008,92.45999908447266
2015-10-07,2005.8399658203125,1995.8299560546875,1159.3199462890625,2.062000036239624,18.399999618530273,2.371500015258789,27.801912307739258,47.810001373291016,95.5,1149.0,9.646200180053711,0.9674599766731262,89.43000030517578
2015-10-08,2019.530029296875,2013.4300537109375,1156.75,2.1080000400543213,17.420000076293945,2.3469998836517334,28.100093841552734,49.43000030517578,95.31999969482422,1144.699951171875,9.650899887084961,0.9732999801635742,88.41999816894531
2015-10-09,2019.530029296875,2014.8900146484375,1150.9000244140625,2.0989999771118164,17.079999923706055,2.4170000553131104,28.202106475830078,49.630001068115234,94.80999755859375,1156.300048828125,9.603300094604492,0.9661999940872192,89.08000183105469
2015-10-12,2021.6300048828125,2017.4599609375,1146.010009765625,2.0899999141693115,16.170000076293945,2.4195001125335693,27.990236282348633,47.099998474121094,94.83999633789062,1164.9000244140625,9.531800270080566,0.9610000252723694,88.2699966430664
2015-10-13,2019.050048828125,2003.68994140625,1142.2099609375,2.055000066757202,17.670000076293945,2.3914999961853027,27.535114288330078,46.65999984741211,94.76000213623047,1165.800048828125,9.521599769592285,0.9627000093460083,98.3499984741211
2015-10-14,2009.550048828125,1994.239990234375,1148.0699462890625,1.9809999465942383,18.030000686645508,2.4200000762939453,27.746980667114258,46.63999938964844,93.93000030517578,1180.0999755859375,9.593700408935547,0.958299994468689,102.29000091552734
2015-10-15,2033.27001953125,2023.8599853515625,1135.75,2.0230000019073486,16.049999237060547,2.4260001182556152,28.421823501586914,46.380001068115234,94.37000274658203,1187.9000244140625,9.56089973449707,0.949400007724762,96.61000061035156
2015-10-16,2030.260009765625,2033.1099853515625,1121.0400390625,2.0230000019073486,15.050000190734863,2.4070000648498535,28.445371627807617,47.2599983215332,94.54000091552734,1183.5999755859375,9.423999786376953,0.9513000249862671,97.58000183105469
2015-10-19,2030.27001953125,2033.6600341796875,1129.719970703125,2.0280001163482666,14.979999542236328,2.371500015258789,28.155025482177734,45.88999938964844,94.95999908447266,1173.300048828125,9.46780014038086,0.953029990196228,94.37999725341797
2015-10-20,2039.3599853515625,2030.77001953125,1130.3699951171875,2.071000099182129,15.75,2.369499921798706,28.14717674255371,45.54999923706055,94.8499984741211,1178.0,9.464699745178223,0.9562699794769287,97.11000061035156
2015-10-21,2042.97998046875,2018.93994140625,1129.469970703125,2.0299999713897705,16.700000762939453,2.364000082015991,27.73912811279297,45.20000076293945,95.05000305175781,1167.5999755859375,9.433199882507324,0.9560400247573853,106.0199966430664
2015-10-22,2023.0,2052.510009765625,1138.0400390625,2.0250000953674316,14.449999809265137,2.384500026702881,28.31196403503418,45.380001068115234,96.33999633789062,1166.5999755859375,9.50160026550293,0.959119975566864,97.06999969482422
2015-10-23,2040.4000244140625,2075.14990234375,1128.6700439453125,2.0829999446868896,14.460000038146973,2.3499999046325684,28.476757049560547,44.599998474121094,97.06999969482422,1163.300048828125,9.34589958190918,0.9735000133514404,97.20999908447266
2015-10-26,2048.080078125,2071.179931640625,1134.010009765625,2.058000087738037,15.289999961853027,2.3564999103546143,28.21780014038086,43.97999954223633,96.86000061035156,1167.0,9.352700233459473,0.978600025177002,98.0999984741211
2015-10-27,2044.6500244140625,2065.889892578125,1128.739990234375,2.0280001163482666,15.430000305175781,2.3580000400543213,27.896072387695312,43.20000076293945,96.91000366210938,1166.800048828125,9.337900161743164,0.9824399948120117,95.20999908447266
2015-10-28,2042.510009765625,2090.35009765625,1134.02001953125,2.0920000076293945,14.329999923706055,2.3545000553131104,27.574342727661133,45.939998626708984,97.77999877929688,1177.0999755859375,9.418100357055664,0.9869999885559082,88.27999877929688
2015-10-29,2034.1600341796875,2089.409912109375,1143.5999755859375,2.1730000972747803,14.609999656677246,2.315500020980835,27.31540298461914,46.060001373291016,97.27999877929688,1147.199951171875,9.465200424194336,0.9936000108718872,88.5999984741211
2015-10-30,2029.469970703125,2079.360107421875,1139.8599853515625,2.1510000228881836,15.069999694824219,2.313499927520752,27.36247444152832,46.59000015258789,96.94999694824219,1141.5,9.4266996383667,0.9886999726295471,90.2699966430664
2015-11-02,2035.239990234375,2104.050048828125,1139.1600341796875,2.187000036239624,14.149999618530273,2.315500020980835,27.90391731262207,46.13999938964844,96.93000030517578,1135.800048828125,9.445199966430664,0.9862800240516663,86.75
2015-11-03,2048.39990234375,2109.7900390625,1136.6199951171875,2.2200000286102295,14.539999961853027,2.3269999027252197,28.272727966308594,47.900001525878906,97.16000366210938,1114.199951171875,9.416899681091309,0.9869800209999084,87.33999633789062
2015-11-04,2052.77001953125,2102.31005859375,1127.800048828125,2.2300000190734863,15.510000228881836,2.319499969482422,28.045164108276367,46.31999969482422,97.94999694824219,1106.5,9.315999984741211,0.9909999966621399,89.45999908447266
2015-11-05,2049.409912109375,2099.929931640625,1133.1600341796875,2.244999885559082,15.050000190734863,2.253499984741211,28.09224510192871,45.20000076293945,97.94000244140625,1104.4000244140625,9.329400062561035,0.992900013923645,87.68000030517578
2015-11-06,2041.0699462890625,2099.199951171875,1136.3599853515625,2.3329999446868896,14.329999923706055,2.241499900817871,27.69989776611328,44.290000915527344,99.16000366210938,1087.5999755859375,9.341300010681152,0.9951500296592712,85.02999877929688
2015-11-09,2025.699951171875,2078.580078125,1150.780029296875,2.3420000076293945,16.520000457763672,2.2300000190734863,27.009361267089844,43.869998931884766,98.9800033569336,1087.9000244140625,9.351300239562988,1.0053999423980713,92.97000122070312
2015-11-10,1996.5899658203125,2081.719970703125,1157.1099853515625,2.322000026702881,15.289999961853027,2.2165000438690186,26.89165496826172,44.209999084472656,99.29000091552734,1088.199951171875,9.40839958190918,1.0030800104141235,86.95999908447266
2015-11-11,1997.27001953125,2075.0,1157.06005859375,2.3380000591278076,16.059999465942383,2.2165000438690186,26.946590423583984,42.93000030517578,99.01000213623047,1084.699951171875,9.403200149536133,1.005210041999817,91.25
2015-11-12,1993.3599853515625,2045.969970703125,1153.6600341796875,2.319000005722046,18.3700008392334,2.1730000972747803,26.687631607055664,41.75,98.6500015258789,1080.800048828125,9.405900001525879,1.0035300254821777,98.19000244140625
2015-11-13,1973.2900390625,2023.0400390625,1157.260009765625,2.2799999713897705,20.079999923706055,2.1700000762939453,26.318828582763672,40.7400016784668,98.98999786376953,1080.800048828125,9.446900367736816,1.0003600120544434,106.05999755859375
2015-11-16,1943.02001953125,2053.18994140625,1168.3399658203125,2.2730000019073486,18.15999984741211,2.118000030517578,26.82888412475586,41.7400016784668,99.44000244140625,1083.699951171875,9.626500129699707,1.0080000162124634,96.70999908447266
2015-11-17,1963.5799560546875,2050.43994140625,1167.0899658203125,2.260999917984009,18.84000015258789,2.1054999828338623,26.75041389465332,40.66999816894531,99.62999725341797,1068.699951171875,9.472100257873535,1.0094499588012695,100.37000274658203
2015-11-18,1962.8800048828125,2083.580078125,1168.5,2.2690000534057617,16.850000381469727,2.078000068664551,27.040754318237305,40.75,99.6500015258789,1068.800048828125,9.469200134277344,1.01419997215271,93.47000122070312
2015-11-19,1988.9100341796875,2081.239990234375,1164.4599609375,2.247999906539917,16.989999771118164,2.0764999389648438,27.28400993347168,40.540000915527344,98.98999786376953,1078.0,9.431900024414062,1.0189000368118286,96.18000030517578
2015-11-20,1989.8599853515625,2089.169921875,1153.68994140625,2.26200008392334,15.470000267028809,2.053999900817871,27.55864715576172,40.38999938964844,99.56999969482422,1076.4000244140625,9.390000343322754,1.0134600400924683,90.79000091552734
2015-11-23,2003.699951171875,2086.590087890625,1152.6199951171875,2.25,15.619999885559082,2.0195000171661377,27.299705505371094,41.75,99.80000305175781,1066.800048828125,9.20259952545166,1.0194900035858154,88.55000305175781
2015-11-24,2016.2900390625,2089.139892578125,1157.0899658203125,2.243000030517578,15.930000305175781,2.053499937057495,27.440950393676758,42.869998931884766,99.52999877929688,1074.300048828125,9.413599967956543,1.018180012702942,89.63999938964844
2015-11-25,2009.4200439453125,2088.8701171875,1145.0,2.2320001125335693,15.1899995803833,2.0445001125335693,27.229080200195312,43.040000915527344,99.80000305175781,1070.5,9.349900245666504,1.0169999599456787,86.13999938964844
2015-11-26,2030.6800537109375,2088.8701171875,1143.050048828125,2.2320001125335693,15.1899995803833,2.0445001125335693,27.229080200195312,43.040000915527344,99.80000305175781,1070.5,9.321100234985352,1.0217000246047974,86.13999938964844
2015-11-27,2028.989990234375,2090.110107421875,1146.8599853515625,2.2249999046325684,15.119999885559082,2.05049991607666,26.632707595825195,41.709999084472656,100.0199966430664,1056.199951171875,9.356100082397461,1.0236300230026245,88.3499984741211
2015-11-30,1991.969970703125,2080.409912109375,1154.8299560546875,2.2179999351501465,16.1299991607666,2.0445001125335693,26.67194366455078,41.650001525878906,100.16999816894531,1065.800048828125,9.41450023651123,1.0302000045776367,90.83999633789062
2015-12-01,2023.9300537109375,2102.6298828125,1158.239990234375,2.1549999713897705,14.670000076293945,2.066499948501587,26.875967025756836,41.849998474121094,99.80000305175781,1063.800048828125,9.406200408935547,1.0289000272750854,87.31999969482422
2015-12-02,2009.2900390625,2079.510009765625,1153.9000244140625,2.177999973297119,15.90999984741211,2.0290000438690186,26.554231643676758,39.939998626708984,99.98999786376953,1054.199951171875,9.394200325012207,1.0262000560760498,92.94000244140625
2015-12-03,1994.0699462890625,2049.6201171875,1160.760009765625,2.3299999237060547,18.110000610351562,2.055999994277954,26.405147552490234,41.08000183105469,97.62000274658203,1061.699951171875,9.423500061035156,1.0183600187301636,101.80000305175781
2015-12-04,1974.4000244140625,2091.68994140625,1152.27001953125,2.2750000953674316,14.8100004196167,2.0739998817443848,26.58562660217285,39.970001220703125,98.3499984741211,1084.5,9.400899887084961,0.9937000274658203,89.19000244140625
2015-12-07,1963.6700439453125,2077.070068359375,1161.6400146484375,2.2249999046325684,15.84000015258789,2.0445001125335693,26.146196365356445,37.650001525878906,98.66000366210938,1076.4000244140625,9.438400268554688,0.9968000054359436,94.30000305175781
2015-12-08,1949.0400390625,2063.590087890625,1174.4100341796875,2.23799991607666,17.600000381469727,2.0480000972747803,25.855854034423828,37.5099983215332,98.47000122070312,1076.300048828125,9.527000427246094,1.0003999471664429,99.16000366210938
2015-12-09,1948.239990234375,2047.6199951171875,1178.5899658203125,2.2079999446868896,19.610000610351562,2.059999942779541,25.643983840942383,37.15999984741211,97.3499984741211,1077.5999755859375,9.592499732971191,0.9927999973297119,113.83000183105469
2015-12-10,1952.0699462890625,2052.22998046875,1179.719970703125,2.239000082015991,19.34000015258789,2.065000057220459,25.471351623535156,36.7599983215332,97.94000244140625,1073.0999755859375,9.6983003616333,0.983299970626831,113.80000305175781
2015-12-11,1948.6199951171875,2012.3699951171875,1177.2900390625,2.1389999389648438,24.389999389648438,2.1080000400543213,24.757272720336914,35.619998931884766,97.56999969482422,1076.9000244140625,9.674799919128418,0.9879999756813049,131.08999633789062
2015-12-14,1927.8199462890625,2021.93994140625,1185.5799560546875,2.2249999046325684,22.729999542236328,2.1040000915527344,25.157472610473633,36.310001373291016,97.5999984741211,1064.699951171875,9.549099922180176,0.9837999939918518,122.22000122070312
2015-12-15,1932.969970703125,2043.4100341796875,1183.6500244140625,2.2679998874664307,20.950000762939453,2.0510001182556152,25.541975021362305,37.349998474121094,98.22000122070312,1062.9000244140625,9.781299591064453,0.9854999780654907,114.37000274658203
2015-12-16,1969.4000244140625,2073.070068359375,1172.739990234375,2.2869999408721924,17.860000610351562,2.061000108718872,26.044179916381836,35.52000045776367,97.87000274658203,1078.0,9.642499923706055,0.9906899929046631,108.93000030517578
2015-12-17,1977.9599609375,2041.8900146484375,1170.050048828125,2.23799991607666,18.940000534057617,2.0344998836517334,25.706762313842773,34.95000076293945,99.2699966430664,1050.800048828125,9.559000015258789,0.9926599860191345,113.5199966430664
2015-12-18,1975.3199462890625,2005.550048828125,1183.06005859375,2.1989998817443848,20.700000762939453,2.1029999256134033,25.62044906616211,34.72999954223633,98.69999694824219,1066.199951171875,9.664799690246582,0.9944000244140625,118.31999969482422
2015-12-21,1981.18994140625,2021.1500244140625,1180.4300537109375,2.197000026702881,18.700000762939453,2.128999948501587,25.820472717285156,34.7400016784668,98.45999908447266,1081.9000244140625,9.733400344848633,0.9918199777603149,109.44000244140625
2015-12-22,1992.56005859375,2038.969970703125,1173.6099853515625,2.239000082015991,16.600000381469727,2.0969998836517334,26.027673721313477,36.13999938964844,98.23999786376953,1074.800048828125,9.687899589538574,0.9926999807357788,100.91000366210938
2015-12-23,1999.219970703125,2064.2900390625,1169.1099853515625,2.2639999389648438,15.569999694824219,2.1115000247955322,26.39426040649414,37.5,98.33999633789062,1069.4000244140625,9.664199829101562,0.9878000020980835,99.61000061035156
2015-12-24,1990.6500244140625,2060.989990234375,1172.1600341796875,2.243000030517578,15.739999771118164,2.1115000247955322,26.298633575439453,38.099998474121094,97.9800033569336,1077.199951171875,9.695199966430664,0.9904999732971191,99.87999725341797
2015-12-25,1990.6500244140625,2060.989990234375,1167.8800048828125,2.243000030517578,15.739999771118164,2.1115000247955322,26.298633575439453,38.099998474121094,97.9800033569336,1077.199951171875,9.476699829101562,0.9862499833106995,99.87999725341797
2015-12-28,1964.06005859375,2056.5,1167.8800048828125,2.2249999046325684,16.90999984741211,2.066499948501587,26.115337371826172,36.810001373291016,97.91999816894531,1070.5,9.472200393676758,0.9867799878120422,99.23999786376953
2015-12-29,1966.31005859375,2078.360107421875,1165.8499755859375,2.306999921798706,16.079999923706055,2.125,26.139245986938477,37.869998931884766,98.0999984741211,1077.5,9.695599555969238,0.9879400134086609,95.12999725341797
2015-12-30,1961.31005859375,2063.360107421875,1169.449951171875,2.302999973297119,17.290000915527344,2.13700008392334,25.732810974121094,36.599998474121094,98.2699966430664,1060.0999755859375,9.706199645996094,0.9922099709510803,100.81999969482422
2015-12-31,1961.31005859375,2043.93994140625,1175.43994140625,2.2690000534057617,18.209999084472656,2.125499963760376,25.653121948242188,37.040000915527344,98.62999725341797,1060.300048828125,9.76099967956543,0.9879999756813049,100.19999694824219
2016-01-01,1961.31005859375,2043.93994140625,1174.1099853515625,2.2690000534057617,18.209999084472656,2.125499963760376,25.653121948242188,37.040000915527344,98.62999725341797,1060.300048828125,9.580900192260742,1.0013600587844849,100.19999694824219
2016-01-04,1918.760009765625,2012.6600341796875,1174.1099853515625,2.244999885559082,20.700000762939453,2.070499897003174,24.951818466186523,36.7599983215332,98.87000274658203,1075.0999755859375,9.585800170898438,0.9994999766349792,107.69000244140625
2016-01-05,1930.530029296875,2016.7099609375,1187.3599853515625,2.247999906539917,19.34000015258789,2.0885000228881836,25.00760269165039,35.970001220703125,99.4000015258789,1078.4000244140625,9.946800231933594,1.0024199485778809,101.83999633789062
2016-01-06,1925.4300537109375,1990.260009765625,1188.719970703125,2.177000045776367,20.59000015258789,2.0804998874664307,24.529447555541992,33.970001220703125,99.18000030517578,1091.9000244140625,9.98799991607666,1.0083999633789062,103.05999755859375
2016-01-07,1904.3299560546875,1943.0899658203125,1198.739990234375,2.1530001163482666,24.989999771118164,2.015500068664551,23.772369384765625,33.27000045776367,98.22000122070312,1107.699951171875,10.111000061035156,1.007390022277832,116.55000305175781
2016-01-08,1917.6199951171875,1922.030029296875,1195.3900146484375,2.130000114440918,27.010000228881836,2.0164999961853027,23.517353057861328,33.15999984741211,98.54000091552734,1097.800048828125,10.173999786376953,0.9937000274658203,116.45999908447266
2016-01-11,1894.8399658203125,1923.6700439453125,1205.93994140625,2.1579999923706055,24.299999237060547,1.9674999713897705,23.509380340576172,31.40999984741211,98.7300033569336,1096.5,9.957099914550781,0.9921000003814697,109.62999725341797
2016-01-12,1890.8599853515625,1938.6800537109375,1202.719970703125,2.1019999980926514,22.469999313354492,1.9529999494552612,23.55719757080078,30.440000534057617,98.97000122070312,1085.5999755859375,10.229999542236328,1.0015000104904175,104.5199966430664
2016-01-13,1916.280029296875,1890.280029296875,1208.5,2.065999984741211,25.219999313354492,1.9505000114440918,23.310150146484375,30.479999542236328,98.93000030517578,1087.5,10.258999824523926,1.0029000043869019,117.13999938964844
2016-01-14,1900.010009765625,1921.8399658203125,1210.3299560546875,2.0980000495910645,23.950000762939453,1.9709999561309814,23.61298179626465,31.200000762939453,99.08999633789062,1073.9000244140625,10.312000274658203,1.00600004196167,110.06999969482422
2016-01-15,1878.8699951171875,1880.3299560546875,1206.43994140625,2.0329999923706055,27.020000457763672,1.9394999742507935,22.680570602416992,29.420000076293945,98.95999908447266,1091.5,10.213000297546387,1.0052000284194946,116.41000366210938
2016-01-18,1878.449951171875,1880.3299560546875,1212.81005859375,2.0329999923706055,27.020000457763672,1.9394999742507935,22.680570602416992,29.420000076293945,99.12000274658203,1091.5,10.131999969482422,1.0017000436782837,116.41000366210938
2016-01-19,1889.6400146484375,1881.3299560546875,1208.8399658203125,2.0350000858306885,26.049999237060547,1.9735000133514404,23.015283584594727,28.459999084472656,98.98999786376953,1089.9000244140625,10.303999900817871,1.0049999952316284,113.76000213623047
2016-01-20,1845.449951171875,1859.3299560546875,1205.75,1.9839999675750732,27.59000015258789,1.9559999704360962,22.513221740722656,26.549999237060547,99.08999633789062,1107.0999755859375,10.258000373840332,1.0032000541687012,112.87999725341797
2016-01-21,1840.530029296875,1868.989990234375,1207.25,2.0190000534057617,26.690000534057617,1.9930000305175781,22.60088348388672,29.530000686645508,99.05999755859375,1099.0999755859375,10.314000129699707,1.0055700540542603,108.37999725341797
2016-01-22,1879.4300537109375,1906.9000244140625,1202.0699462890625,2.0480000972747803,22.34000015258789,1.9984999895095825,23.373903274536133,32.189998626708984,99.56999969482422,1097.199951171875,10.20300006866455,1.0078999996185303,98.91999816894531
2016-01-25,1893.4300537109375,1877.0799560546875,1195.5699462890625,2.0220000743865967,24.149999618530273,1.9954999685287476,22.975439071655273,30.34000015258789,99.36000061035156,1106.199951171875,10.09000015258789,1.0161199569702148,102.87999725341797
2016-01-26,1871.68994140625,1903.6300048828125,1197.3599853515625,1.99399995803833,22.5,2.0339999198913574,23.310150146484375,31.450000762939453,99.36000061035156,1121.699951171875,10.12600040435791,1.0124000310897827,98.4000015258789
2016-01-27,1897.8699951171875,1882.949951171875,1196.780029296875,2.000999927520752,23.110000610351562,2.062999963760376,23.230457305908203,32.29999923706055,98.9000015258789,1116.0999755859375,10.114999771118164,1.017240047454834,100.04000091552734
2016-01-28,1906.93994140625,1893.3599853515625,1206.6800537109375,1.9850000143051147,22.420000076293945,2.0490000247955322,23.597042083740234,33.220001220703125,98.51000213623047,1115.5999755859375,10.187000274658203,1.014299988746643,96.55999755859375
2016-01-29,1912.06005859375,1940.239990234375,1205.6300048828125,1.930999994277954,20.200000762939453,2.063999891281128,24.362096786499023,33.619998931884766,99.61000061035156,1116.4000244140625,10.140000343322754,1.013800024986267,89.94999694824219
2016-02-01,1924.8199462890625,1939.3800048828125,1206.1099853515625,1.965999960899353,19.979999542236328,2.051500082015991,24.1309871673584,31.6200008392334,99.0,1127.9000244140625,9.7076997756958,1.0245000123977661,89.6500015258789
2016-02-02,1906.5999755859375,1903.030029296875,1200.9599609375,1.8639999628067017,21.979999542236328,2.052000045776367,23.34999656677246,29.8799991607666,98.87000274658203,1127.300048828125,9.944000244140625,1.0195000171661377,97.5999984741211
2016-02-03,1890.6700439453125,1912.530029296875,1211.5,1.88100004196167,21.649999618530273,2.0920000076293945,24.01144790649414,32.279998779296875,97.29000091552734,1141.300048828125,10.11299991607666,1.0186899900436401,97.31999969482422
2016-02-04,1916.260009765625,1915.449951171875,1199.699951171875,1.8639999628067017,21.84000015258789,2.128000020980835,24.194738388061523,31.719999313354492,96.47000122070312,1157.5999755859375,10.154000282287598,1.0052000284194946,95.22000122070312
2016-02-05,1917.7900390625,1880.050048828125,1190.8499755859375,1.8480000495910645,23.3799991607666,2.1005001068115234,23.915815353393555,30.889999389648438,97.02999877929688,1157.800048828125,10.196999549865723,0.9933900237083435,100.55000305175781
2016-02-08,1917.7900390625,1853.43994140625,1204.3499755859375,1.7350000143051147,26.0,2.0885000228881836,23.589075088500977,29.690000534057617,96.56999969482422,1197.9000244140625,10.314000129699707,0.9927999973297119,104.52999877929688
2016-02-09,1917.7900390625,1852.2099609375,1202.6700439453125,1.7289999723434448,26.540000915527344,2.0385000705718994,23.262332916259766,27.940000534057617,96.06999969482422,1198.699951171875,10.401000022888184,0.9871000051498413,103.05999755859375
2016-02-10,1917.7900390625,1851.8599853515625,1197.1500244140625,1.7050000429153442,26.290000915527344,2.0250000953674316,23.357973098754883,27.450000762939453,95.88999938964844,1194.699951171875,10.39799976348877,0.9728999733924866,106.19000244140625
2016-02-11,1861.5400390625,1829.0799560546875,1187.949951171875,1.6440000534057617,28.139999389648438,2.003999948501587,22.967470169067383,26.209999084472656,95.55999755859375,1247.9000244140625,10.494000434875488,0.9733999967575073,107.20999908447266
2016-02-12,1835.280029296875,1864.780029296875,1197.449951171875,1.7480000257492065,25.399999618530273,2.0269999504089355,23.36593246459961,29.440000534057617,95.9800033569336,1239.0999755859375,10.64900016784668,0.9722999930381775,103.25
2016-02-15,1862.199951171875,1864.780029296875,1205.0,1.7480000257492065,25.399999618530273,2.0269999504089355,23.36593246459961,29.440000534057617,95.9800033569336,1239.0999755859375,10.411999702453613,0.9782000184059143,103.25
2016-02-16,1888.300048828125,1895.5799560546875,1211.25,1.777999997138977,24.110000610351562,2.0490000247955322,23.883935928344727,29.040000915527344,96.87000274658203,1207.9000244140625,10.60099983215332,0.9857000112533569,94.19999694824219
2016-02-17,1883.93994140625,1926.8199462890625,1215.8499755859375,1.819000005722046,22.309999465942383,2.0739998817443848,24.354124069213867,30.65999984741211,96.79000091552734,1211.0999755859375,10.663999557495117,0.9883000254631042,88.95999908447266
2016-02-18,1908.8399658203125,1917.8299560546875,1224.050048828125,1.7589999437332153,21.639999389648438,2.071500062942505,24.210681915283203,30.770000457763672,96.94999694824219,1226.0999755859375,10.717000007629395,0.9925000071525574,87.52999877929688
2016-02-19,1916.239990234375,1917.780029296875,1227.4000244140625,1.7480000257492065,20.530000686645508,2.075500011444092,24.09910774230957,29.639999389648438,96.5999984741211,1230.4000244140625,10.83899974822998,0.9930899739265442,86.25
2016-02-22,1916.3599853515625,1945.5,1231.8699951171875,1.7660000324249268,19.3799991607666,2.11299991607666,24.696805953979492,31.479999542236328,97.37999725341797,1209.5,10.967000007629395,0.9906200170516968,86.19000244140625
2016-02-23,1914.219970703125,1921.27001953125,1220.949951171875,1.7450000047683716,20.979999542236328,2.1045000553131104,24.170833587646484,31.8700008392334,97.4800033569336,1222.300048828125,10.812999725341797,0.9994999766349792,89.66999816894531
2016-02-24,1912.530029296875,1929.800048828125,1229.949951171875,1.7419999837875366,20.719999313354492,2.0950000286102295,24.11505126953125,32.150001525878906,97.45999908447266,1238.699951171875,10.998000144958496,0.9909999966621399,86.73999786376953
2016-02-25,1918.5699462890625,1951.699951171875,1231.4000244140625,1.6970000267028809,19.110000610351562,2.065000057220459,24.194738388061523,33.06999969482422,97.29000091552734,1238.199951171875,10.989999771118164,0.9890999794006348,83.51000213623047
2016-02-26,1920.1600341796875,1948.050048828125,1232.3499755859375,1.7619999647140503,19.809999465942383,2.118000030517578,23.955657958984375,32.779998779296875,98.1500015258789,1219.800048828125,10.901000022888184,0.9900000095367432,83.72000122070312
2016-02-29,1916.6600341796875,1932.22998046875,1241.1300048828125,1.7400000095367432,20.549999237060547,2.128499984741211,24.162860870361328,33.75,98.20999908447266,1233.9000244140625,10.711999893188477,0.9966999888420105,85.05999755859375
2016-03-01,1916.6600341796875,1978.3499755859375,1236.199951171875,1.8339999914169312,17.700000762939453,2.1414999961853027,25.023550033569336,34.400001525878906,98.3499984741211,1230.300048828125,10.99899959564209,0.9976999759674072,79.44999694824219
2016-03-02,1947.4200439453125,1986.449951171875,1225.1500244140625,1.8480000495910645,17.09000015258789,2.177500009536743,25.358251571655273,34.65999984741211,98.20999908447266,1241.0999755859375,10.755999565124512,0.9965999722480774,78.83999633789062
2016-03-03,1958.1700439453125,1993.4000244140625,1224.5,1.8300000429153442,16.700000762939453,2.2044999599456787,25.64514923095703,34.56999969482422,97.56999969482422,1257.4000244140625,10.793999671936035,0.996399998664856,79.41000366210938
2016-03-04,1955.6300048828125,1999.989990234375,1210.030029296875,1.8830000162124634,16.860000610351562,2.2709999084472656,26.155183792114258,35.91999816894531,97.33999633789062,1269.9000244140625,10.651000022888184,0.9922999739646912,81.97000122070312
2016-03-07,1957.8699951171875,2001.760009765625,1196.5,1.9019999504089355,17.350000381469727,2.2804999351501465,26.115337371826172,37.900001525878906,97.06999969482422,1263.199951171875,10.305000305175781,0.9939000010490417,82.30000305175781
2016-03-08,1946.1199951171875,1979.260009765625,1198.75,1.8320000171661377,18.670000076293945,2.2184998989105225,25.6690616607666,36.5,97.20999908447266,1262.0999755859375,10.569999694824219,0.9952999949455261,87.45999908447266
2016-03-09,1952.949951171875,1989.260009765625,1208.1800537109375,1.8919999599456787,18.34000015258789,2.2300000190734863,25.82844352722168,38.290000915527344,97.16999816894531,1256.5999755859375,10.730999946594238,0.9964100122451782,92.86000061035156
2016-03-10,1969.3299560546875,1989.5699462890625,1208.1500244140625,1.9290000200271606,18.049999237060547,2.2174999713897705,25.868289947509766,37.84000015258789,96.06999969482422,1272.0,10.67199993133545,0.998199999332428,94.7699966430664
2016-03-11,1971.4100341796875,2022.18994140625,1203.949951171875,1.9769999980926514,16.5,2.2385001182556152,26.410198211669922,38.5,96.16999816894531,1258.699951171875,10.673999786376953,0.984499990940094,92.3499984741211
2016-03-14,1972.27001953125,2019.6400146484375,1185.9000244140625,1.9630000591278076,16.920000076293945,2.236999988555908,26.250808715820312,37.18000030517578,96.62000274658203,1244.4000244140625,10.149999618530273,0.982699990272522,89.73999786376953
2016-03-15,1969.969970703125,2015.9300537109375,1185.75,1.9589999914169312,16.84000015258789,2.2309999465942383,25.876258850097656,36.34000015258789,96.62999725341797,1230.4000244140625,10.425999641418457,0.9870200157165527,90.33999633789062
2016-03-16,1974.9000244140625,2027.219970703125,1191.969970703125,1.937999963760376,14.989999771118164,2.2314999103546143,26.39426040649414,38.459999084472656,95.88999938964844,1229.300048828125,10.541000366210938,0.9869999885559082,84.37000274658203
2016-03-17,1987.989990234375,2040.5899658203125,1175.8499755859375,1.902999997138977,14.4399995803833,2.2890000343322754,26.976016998291016,40.20000076293945,94.76000213623047,1264.5,10.434000015258789,0.9779300093650818,84.70999908447266
2016-03-18,1992.1199951171875,2049.580078125,1152.75,1.871000051498413,14.020000457763672,2.2795000076293945,27.119464874267578,39.439998626708984,94.98999786376953,1253.800048828125,10.357999801635742,0.9670500159263611,86.19999694824219
2016-03-21,1989.760009765625,2051.60009765625,1162.300048828125,1.9229999780654907,13.789999961853027,2.2894999980926514,27.17524528503418,39.90999984741211,95.29000091552734,1243.800048828125,10.428999900817871,0.9693300127983093,87.77999877929688
2016-03-22,1996.81005859375,2049.800048828125,1159.0999755859375,1.934999942779541,14.170000076293945,2.2844998836517334,27.111495971679688,41.45000076293945,95.6500015258789,1248.199951171875,10.345999717712402,0.970740020275116,85.04000091552734
2016-03-23,1995.1199951171875,2036.7099609375,1154.800048828125,1.875,14.9399995803833,2.2304999828338623,26.649282455444336,39.790000915527344,96.05000305175781,1223.699951171875,10.295000076293945,0.9728000164031982,86.05999755859375
2016-03-24,1985.969970703125,2035.93994140625,1166.1500244140625,1.899999976158142,14.739999771118164,2.2244999408721924,26.585525512695312,39.459999084472656,96.13999938964844,1221.4000244140625,10.380999565124512,0.9753000140190125,84.19999694824219
2016-03-25,1983.81005859375,2035.93994140625,1166.1500244140625,1.899999976158142,14.739999771118164,2.2244999408721924,26.585525512695312,39.459999084472656,96.13999938964844,1221.4000244140625,10.355999946594238,0.9759899973869324,84.19999694824219
2016-03-28,1982.5400390625,2037.050048828125,1166.1500244140625,1.8700000047683716,15.239999771118164,2.241499900817871,26.67318344116211,39.38999938964844,95.94000244140625,1219.9000244140625,10.303000450134277,0.9782999753952026,83.29000091552734
2016-03-29,1994.9100341796875,2055.010009765625,1166.1500244140625,1.8140000104904175,13.819999694824219,2.2084999084472656,27.039777755737305,38.279998779296875,95.16000366210938,1235.5999755859375,10.270000457763672,0.9734500050544739,81.38999938964844
2016-03-30,2002.1400146484375,2063.949951171875,1156.0799560546875,1.8300000429153442,13.5600004196167,2.187000036239624,27.31869888305664,38.31999969482422,94.83999633789062,1226.9000244140625,10.265000343322754,0.9664000272750854,80.33000183105469
2016-03-31,1995.8499755859375,2059.739990234375,1140.22998046875,1.7860000133514404,13.949999809265137,2.18149995803833,27.29479217529297,38.34000015258789,94.58999633789062,1234.199951171875,10.154000282287598,0.9649500250816345,82.94000244140625
2016-04-01,1973.5699462890625,2072.780029296875,1140.800048828125,1.7920000553131104,13.100000381469727,2.1610000133514404,27.215097427368164,36.790000915527344,94.62000274658203,1222.199951171875,10.147000312805176,0.9610000252723694,81.56999969482422
2016-04-04,1978.969970703125,2066.1298828125,1145.8199462890625,1.7790000438690186,14.119999885559082,2.138000011444092,26.888362884521484,35.70000076293945,94.51000213623047,1218.0,10.26099967956543,0.9585999846458435,84.43000030517578
2016-04-05,1962.739990234375,2045.1700439453125,1148.6300048828125,1.7269999980926514,15.420000076293945,2.134999990463257,26.36238670349121,35.88999938964844,94.62999725341797,1228.4000244140625,10.329000473022461,0.9588000178337097,89.11000061035156
2016-04-06,1971.3199462890625,2066.659912109375,1158.5,1.7549999952316284,14.09000015258789,2.140500068664551,26.68115234375,37.75,94.43000030517578,1222.5,10.50100040435791,0.9564099907875061,85.58999633789062
2016-04-07,1973.8900146484375,2041.9100341796875,1153.1500244140625,1.690999984741211,16.15999984741211,2.07450008392334,26.147216796875,37.2599983215332,94.4800033569336,1236.199951171875,10.515000343322754,0.9555100202560425,92.73999786376953
2016-04-08,1972.050048828125,2047.5999755859375,1156.1500244140625,1.7200000286102295,15.359999656677246,2.0864999294281006,26.601463317871094,39.720001220703125,94.23999786376953,1242.5,10.670999526977539,0.9560999870300293,89.7300033569336
2016-04-11,1970.3699951171875,2041.989990234375,1149.5,1.7239999771118164,16.260000228881836,2.0885000228881836,26.94414520263672,40.36000061035156,93.94999694824219,1256.699951171875,10.621999740600586,0.9533500075340271,92.80999755859375
2016-04-12,1981.3199462890625,2061.719970703125,1140.5,1.781000018119812,14.850000381469727,2.1449999809265137,27.358543395996094,42.16999816894531,93.95999908447266,1259.4000244140625,10.572999954223633,0.9540600180625916,89.77999877929688
2016-04-13,1981.3199462890625,2082.419921875,1140.050048828125,1.7619999647140503,13.84000015258789,2.1675000190734863,27.844667434692383,41.7599983215332,94.73999786376953,1246.800048828125,10.498000144958496,0.955299973487854,87.88999938964844
2016-04-14,2015.9300537109375,2082.780029296875,1143.75,1.781000018119812,13.720000267028809,2.1710000038146973,27.709196090698242,41.5,94.9000015258789,1225.0,10.454000473022461,0.9664999842643738,87.91999816894531
2016-04-15,2014.7099609375,2080.72998046875,1151.5999755859375,1.7519999742507935,13.619999885559082,2.1519999504089355,27.549808502197266,40.36000061035156,94.69999694824219,1233.0999755859375,10.538000106811523,0.9663000106811523,90.2699966430664
2016-04-18,2009.0999755859375,2094.340087890625,1145.0999755859375,1.7730000019073486,13.350000381469727,2.1640000343322754,27.677318572998047,39.779998779296875,94.48999786376953,1233.5999755859375,10.593000411987305,0.9663000106811523,86.56999969482422
2016-04-19,2011.3599853515625,2100.800048828125,1141.5999755859375,1.7829999923706055,13.239999771118164,2.2230000495910645,28.099687576293945,41.08000183105469,93.9800033569336,1253.0,10.472000122070312,0.9645500183105469,86.9800033569336
2016-04-20,2005.8299560546875,2102.39990234375,1125.8499755859375,1.8539999723434448,13.279999732971191,2.242000102996826,27.972179412841797,42.630001068115234,94.48999786376953,1253.199951171875,10.309000015258789,0.9618499875068665,87.97000122070312
2016-04-21,2022.0999755859375,2091.47998046875,1130.0999755859375,1.8700000047683716,13.949999809265137,2.252000093460083,27.693254470825195,43.18000030517578,94.5999984741211,1249.0,10.295999526977539,0.9711999893188477,87.06999969482422
2016-04-22,2015.489990234375,2091.580078125,1138.25,1.8880000114440918,13.220000267028809,2.2690000534057617,27.52589988708496,43.72999954223633,95.12000274658203,1228.699951171875,10.404000282287598,0.9746299982070923,84.0999984741211
2016-04-25,2014.550048828125,2087.7900390625,1147.6500244140625,1.9019999504089355,14.079999923706055,2.258500099182129,27.350574493408203,42.63999938964844,94.83999633789062,1238.9000244140625,10.300000190734863,0.9782500267028809,85.7699966430664
2016-04-26,2019.6300048828125,2091.699951171875,1148.52001953125,1.930999994277954,13.960000038146973,2.248500108718872,27.645437240600586,44.040000915527344,94.56999969482422,1242.199951171875,10.33899974822998,0.9749000072479248,84.51000213623047
2016-04-27,2015.4000244140625,2095.14990234375,1144.8800048828125,1.8600000143051147,13.770000457763672,2.2204999923706055,27.812795639038086,45.33000183105469,94.38999938964844,1249.199951171875,10.293999671936035,0.9735999703407288,83.0999984741211
2016-04-28,2000.9300537109375,2075.81005859375,1146.0999755859375,1.8380000591278076,15.220000267028809,2.2244999408721924,27.52589988708496,46.029998779296875,93.76000213623047,1265.5,10.281999588012695,0.9708200097084045,87.36000061035156
2016-04-29,1994.1500244140625,2065.300048828125,1134.0,1.819000005722046,15.699999809265137,2.2790000438690186,27.40636444091797,45.91999816894531,93.08000183105469,1289.199951171875,10.494999885559082,0.9661999940872192,91.68000030517578
2016-05-02,1978.1500244140625,2081.429931640625,1143.0,1.8650000095367432,14.680000305175781,2.2614998817443848,27.33463478088379,44.779998779296875,92.62999725341797,1294.699951171875,10.72700023651123,0.9587000012397766,89.48999786376953
2016-05-03,1986.4100341796875,2063.3701171875,1135.5,1.7999999523162842,15.600000381469727,2.2144999504089355,26.56161880493164,43.650001525878906,92.94000244140625,1290.699951171875,10.67199993133545,0.9552000164985657,91.66000366210938
2016-05-04,1976.7099609375,2051.1201171875,1149.97998046875,1.784000039100647,16.049999237060547,2.183000087738037,26.131275177001953,43.779998779296875,93.18000030517578,1273.300048828125,10.78499984741211,0.9538000226020813,91.86000061035156
2016-05-05,1976.7099609375,2050.6298828125,1164.75,1.746999979019165,15.90999984741211,2.1510000228881836,26.123306274414062,44.31999969482422,93.77999877929688,1271.4000244140625,10.899999618530273,0.9569900035858154,91.58000183105469
2016-05-06,1976.7099609375,2057.139892578125,1164.5,1.7790000438690186,14.720000267028809,2.1510000228881836,26.163156509399414,44.65999984741211,93.88999938964844,1292.9000244140625,10.866999626159668,0.9678699970245361,88.86000061035156
2016-05-09,1967.81005859375,2058.68994140625,1167.3399658203125,1.7599999904632568,14.569999694824219,2.1040000915527344,25.82844352722168,43.439998626708984,94.1500015258789,1265.5999755859375,10.89799976348877,0.9725000262260437,86.41999816894531
2016-05-10,1982.5,2084.389892578125,1173.050048828125,1.7599999904632568,13.630000114440918,2.0899999141693115,26.32253646850586,44.65999984741211,94.29000091552734,1263.9000244140625,10.835000038146973,0.9711300134658813,85.91999816894531
2016-05-11,1980.0999755859375,2064.4599609375,1169.3299560546875,1.7369999885559082,14.6899995803833,2.1010000705718994,26.258787155151367,46.22999954223633,93.81999969482422,1274.5999755859375,10.711999893188477,0.9751999974250793,91.52999877929688
2016-05-12,1977.489990234375,2064.110107421875,1162.9000244140625,1.7569999694824219,14.40999984741211,2.072999954223633,26.18705940246582,46.70000076293945,94.13999938964844,1270.300048828125,10.732999801635742,0.9707000255584717,91.25
2016-05-13,1966.989990234375,2046.6099853515625,1167.4000244140625,1.7050000429153442,15.039999961853027,2.075000047683716,25.716873168945312,46.209999084472656,94.61000061035156,1271.9000244140625,10.70199966430664,0.9709600210189819,94.0
2016-05-16,1967.9100341796875,2066.659912109375,1174.9000244140625,1.753000020980835,14.680000305175781,2.0910000801086426,26.027673721313477,47.720001220703125,94.56999969482422,1273.4000244140625,10.807999610900879,0.9756399989128113,90.61000061035156
2016-05-17,1968.06005859375,2047.2099609375,1176.449951171875,1.7589999437332153,15.569999694824219,2.0920000076293945,25.908130645751953,48.310001373291016,94.55000305175781,1276.199951171875,10.789999961853027,0.9779999852180481,91.76000213623047
2016-05-18,1956.72998046875,2047.6300048828125,1173.3299560546875,1.8799999952316284,15.949999809265137,2.0815000534057617,25.653121948242188,48.189998626708984,95.08000183105469,1273.699951171875,10.776000022888184,0.9800000190734863,89.98999786376953
2016-05-19,1946.780029296875,2040.0400390625,1186.8499755859375,1.8450000286102295,16.329999923706055,2.062999963760376,25.414039611816406,48.15999984741211,95.29000091552734,1254.199951171875,10.781000137329102,0.9878000020980835,90.45999908447266
2016-05-20,1947.6700439453125,2052.320068359375,1185.449951171875,1.8489999771118164,15.199999809265137,2.058500051498413,25.6690616607666,47.75,95.30999755859375,1252.4000244140625,10.79699993133545,0.9902999997138977,85.45999908447266
2016-05-23,1955.25,2048.0400390625,1188.4599609375,1.8380000591278076,15.819999694824219,2.057499885559082,25.621240615844727,48.08000183105469,95.2300033569336,1251.0999755859375,10.807999610900879,0.9910100102424622,84.12000274658203
2016-05-24,1937.6800537109375,2076.06005859375,1181.550048828125,1.8589999675750732,14.420000076293945,2.069499969482422,25.88422966003418,48.619998931884766,95.56999969482422,1228.9000244140625,10.805999755859375,0.9897000193595886,79.4800033569336
2016-05-25,1960.510009765625,2090.5400390625,1185.550048828125,1.8700000047683716,13.899999618530273,2.1050000190734863,26.195026397705078,49.560001373291016,95.3499984741211,1223.5,10.765999794006348,0.9930999875068665,78.54000091552734
2016-05-26,1957.06005859375,2090.10009765625,1178.8499755859375,1.8229999542236328,13.430000305175781,2.1064999103546143,26.370351791381836,49.47999954223633,95.16999816894531,1220.0999755859375,10.706999778747559,0.9909999966621399,77.4800033569336
2016-05-27,1969.1700439453125,2099.06005859375,1177.949951171875,1.8509999513626099,13.119999885559082,2.114000082015991,26.36238670349121,49.33000183105469,95.5199966430664,1213.800048828125,10.73900032043457,0.9891999959945679,76.16999816894531
2016-05-30,1967.1300048828125,2099.06005859375,1184.25,1.8509999513626099,13.119999885559082,2.114000082015991,26.36238670349121,49.33000183105469,95.5199966430664,1213.800048828125,10.704999923706055,0.9946699738502502,76.16999816894531
2016-05-31,1983.4000244140625,2096.949951171875,1198.449951171875,1.8339999914169312,14.1899995803833,2.0975000858306885,26.39426040649414,49.099998474121094,95.88999938964844,1214.800048828125,10.815999984741211,0.9912999868392944,79.43000030517578
2016-06-01,1982.719970703125,2099.330078125,1187.739990234375,1.8459999561309814,14.199999809265137,2.072499990463257,26.37832260131836,49.0099983215332,95.45999908447266,1211.9000244140625,10.741000175476074,0.9930800199508667,78.93000030517578
2016-06-02,1985.1099853515625,2105.260009765625,1190.1500244140625,1.8109999895095825,13.630000114440918,2.069499969482422,26.59349250793457,49.16999816894531,95.55999755859375,1209.800048828125,10.875,0.9884999990463257,79.54000091552734
2016-06-03,1985.8399658203125,2099.1298828125,1184.300048828125,1.7039999961853027,13.470000267028809,2.111999988555908,26.99993133544922,48.619998931884766,94.02999877929688,1240.0999755859375,10.883000373840332,0.990369975566864,79.08000183105469
2016-06-06,1985.8399658203125,2109.409912109375,1161.5899658203125,1.7230000495910645,13.649999618530273,2.117000102996826,27.28682518005371,49.689998626708984,93.9000015258789,1244.5999755859375,10.913000106811523,0.9762200117111206,80.70999908447266
2016-06-07,2011.6300048828125,2112.1298828125,1157.9000244140625,1.7130000591278076,14.050000190734863,2.0510001182556152,27.53386878967285,50.36000061035156,93.83000183105469,1244.4000244140625,10.776000022888184,0.9702399969100952,82.30000305175781
2016-06-08,2027.0799560546875,2119.1201171875,1154.5,1.7059999704360962,14.079999923706055,2.0625,27.73309898376465,51.22999954223633,93.58999633789062,1259.800048828125,10.765999794006348,0.9650999903678894,86.61000061035156
2016-06-09,2024.1700439453125,2115.47998046875,1150.25,1.6799999475479126,14.640000343322754,2.0399999618530273,27.414329528808594,50.560001373291016,94.0999984741211,1270.199951171875,10.77400016784668,0.958299994468689,89.9800033569336
2016-06-10,2017.6300048828125,2096.070068359375,1156.199951171875,1.6390000581741333,17.030000686645508,2.0315001010894775,26.72100257873535,49.06999969482422,94.5999984741211,1273.4000244140625,10.802000045776367,0.9644200205802917,103.77999877929688
2016-06-13,1979.06005859375,2079.06005859375,1169.47998046875,1.6160000562667847,20.969999313354492,2.057499885559082,26.34644889831543,48.880001068115234,94.37000274658203,1284.4000244140625,11.003999710083008,0.9643999934196472,124.55999755859375
2016-06-14,1972.030029296875,2075.320068359375,1170.1500244140625,1.6109999418258667,20.5,2.0445001125335693,26.258787155151367,48.4900016784668,94.93000030517578,1285.5999755859375,11.022000312805176,0.9625599980354309,116.44000244140625
2016-06-15,1968.8299560546875,2071.5,1173.3900146484375,1.5959999561309814,20.139999389648438,2.0934998989105225,26.537708282470703,48.0099983215332,94.61000061035156,1285.800048828125,11.064000129699707,0.9632999897003174,114.2300033569336
2016-06-16,1951.989990234375,2077.989990234375,1166.699951171875,1.5640000104904175,19.3700008392334,2.049999952316284,26.442075729370117,46.209999084472656,94.56999969482422,1296.0999755859375,11.027999877929688,0.9607999920845032,115.47000122070312
2016-06-17,1953.4000244140625,2071.219970703125,1169.5799560546875,1.6180000305175781,19.40999984741211,2.052500009536743,26.5137996673584,47.97999954223633,94.20999908447266,1292.5,11.180999755859375,0.9649900197982788,115.72000122070312
2016-06-20,1981.1199951171875,2083.25,1168.56005859375,1.6699999570846558,18.3700008392334,2.0934998989105225,26.983991622924805,49.369998931884766,93.61000061035156,1290.0,11.107000350952148,0.9598000049591064,112.4000015258789
2016-06-21,1982.699951171875,2088.89990234375,1159.3499755859375,1.6970000267028809,18.479999542236328,2.116499900817871,27.191186904907227,48.849998474121094,94.0199966430664,1270.5,11.170000076293945,0.9613999724388123,113.45999908447266
2016-06-22,1992.5799560546875,2085.449951171875,1151.5999755859375,1.684999942779541,21.170000076293945,2.135499954223633,27.260263442993164,49.130001068115234,93.72000122070312,1268.0,11.008000373840332,0.961899995803833,122.94000244140625
2016-06-23,1986.7099609375,2113.320068359375,1149.9000244140625,1.7389999628067017,17.25,2.1635000705718994,27.918872833251953,50.11000061035156,93.52999877929688,1261.199951171875,10.998000144958496,0.9595999717712402,104.70999908447266
2016-06-24,1925.239990234375,2037.4100341796875,1141.260009765625,1.5789999961853027,25.760000228881836,2.111999988555908,26.224151611328125,47.63999938964844,95.44999694824219,1320.0,10.880999565124512,0.9617499709129333,125.12999725341797
2016-06-27,1926.8499755859375,2000.5400390625,1170.6099853515625,1.4600000381469727,23.850000381469727,2.126499891281128,25.886808395385742,46.33000183105469,96.54000091552734,1322.5,11.550999641418457,0.972599983215332,115.5999984741211
2016-06-28,1936.219970703125,2036.0899658203125,1177.6500244140625,1.4609999656677246,18.75,2.1700000762939453,26.64983558654785,47.849998474121094,96.25,1315.300048828125,11.572999954223633,0.9785500168800354,108.0
2016-06-29,1956.3599853515625,2070.77001953125,1165.3800048828125,1.4769999980926514,16.639999389648438,2.183500051498413,27.32451629638672,49.880001068115234,95.7699966430664,1323.9000244140625,11.355999946594238,0.980400025844574,98.5999984741211
2016-06-30,1970.3499755859375,2098.860107421875,1152.1500244140625,1.4880000352859497,15.630000114440918,2.194499969482422,27.59760093688965,48.33000183105469,96.13999938964844,1318.4000244140625,11.217000007629395,0.9792699813842773,94.2300033569336
2016-07-01,1987.3199462890625,2102.949951171875,1151.25,1.4559999704360962,14.770000457763672,2.2149999141693115,27.862655639648438,48.9900016784668,95.6500015258789,1336.699951171875,11.177000045776367,0.9762399792671204,91.69999694824219
2016-07-04,1995.300048828125,2102.949951171875,1148.0,1.4559999704360962,14.770000457763672,2.2149999141693115,27.862655639648438,48.9900016784668,95.6500015258789,1336.699951171875,11.210000038146973,0.974399983882904,91.69999694824219
2016-07-05,1989.8499755859375,2088.550048828125,1151.4000244140625,1.3669999837875366,15.579999923706055,2.18149995803833,27.268295288085938,46.599998474121094,96.16999816894531,1356.4000244140625,11.237000465393066,0.9709600210189819,91.8499984741211
2016-07-06,1953.1199951171875,2099.72998046875,1154.949951171875,1.3849999904632568,14.960000038146973,2.1514999866485596,27.196008682250977,47.43000030517578,96.05999755859375,1364.9000244140625,11.425999641418457,0.9768999814987183,89.23999786376953
2016-07-07,1974.0799560546875,2097.89990234375,1155.25,1.3869999647140503,14.760000228881836,2.122499942779541,27.123722076416016,45.13999938964844,96.33000183105469,1360.0999755859375,11.425000190734863,0.9747999906539917,89.5
2016-07-08,1963.0999755859375,2129.89990234375,1155.6500244140625,1.3660000562667847,13.199999809265137,2.118499994277954,27.710046768188477,45.40999984741211,96.30000305175781,1356.5999755859375,11.470000267028809,0.9786999821662903,84.72000122070312
2016-07-11,1988.5400390625,2137.159912109375,1147.7099609375,1.434000015258789,13.539999961853027,2.1470000743865967,27.975107192993164,44.7599983215332,96.56999969482422,1355.0,11.41100025177002,0.9829999804496765,84.77999877929688
2016-07-12,1991.22998046875,2152.139892578125,1148.0699462890625,1.5130000114440918,13.550000190734863,2.2109999656677246,28.368669509887695,46.79999923706055,96.44000244140625,1334.0999755859375,11.204999923706055,0.9826700091362,84.9800033569336
2016-07-13,2005.550048828125,2152.429931640625,1141.0,1.468000054359436,13.039999961853027,2.23799991607666,28.320472717285156,44.75,96.22000122070312,1342.4000244140625,10.901000022888184,0.9890599846839905,84.18000030517578
2016-07-14,2008.77001953125,2163.75,1142.6500244140625,1.531000018119812,12.819999694824219,2.240999937057495,28.730100631713867,45.68000030517578,96.08000183105469,1331.300048828125,10.984000205993652,0.9843000173568726,86.02999877929688
2016-07-15,2017.260009765625,2161.739990234375,1129.25,1.593999981880188,12.670000076293945,2.2304999828338623,28.66584587097168,45.95000076293945,96.58000183105469,1326.5,10.741000175476074,0.9813699722290039,89.04000091552734
2016-07-18,2021.1099853515625,2166.889892578125,1136.5999755859375,1.5870000123977661,12.4399995803833,2.2339999675750732,28.92285919189453,45.2400016784668,96.55999755859375,1328.4000244140625,10.769000053405762,0.9837999939918518,87.19999694824219
2016-07-19,2016.8900146484375,2163.780029296875,1133.050048828125,1.5579999685287476,11.970000267028809,2.2614998817443848,28.62568473815918,44.650001525878906,97.05000305175781,1331.5,10.682000160217285,0.9827100038528442,89.02999877929688
2016-07-20,2015.4599609375,2173.02001953125,1139.199951171875,1.5800000429153442,11.770000457763672,2.252000093460083,28.770261764526367,44.939998626708984,97.19999694824219,1318.800048828125,10.73900032043457,0.986020028591156,87.08999633789062
2016-07-21,2012.219970703125,2165.169921875,1140.949951171875,1.565000057220459,12.739999771118164,2.25600004196167,28.68191146850586,44.75,97.0,1330.5,10.645999908447266,0.9863399863243103,92.83999633789062
2016-07-22,2010.3399658203125,2175.030029296875,1136.050048828125,1.5700000524520874,12.020000457763672,2.2339999675750732,28.8907413482666,44.189998626708984,97.47000122070312,1323.0999755859375,10.741000175476074,0.9849399924278259,89.51000213623047
2016-07-25,2012.3199462890625,2168.47998046875,1134.0,1.5709999799728394,12.869999885559082,2.2160000801086426,28.601591110229492,43.130001068115234,97.29000091552734,1319.300048828125,10.680999755859375,0.9881399869918823,91.94999694824219
2016-07-26,2027.3399658203125,2169.179931640625,1141.530029296875,1.562999963760376,13.050000190734863,2.2249999046325684,28.82648468017578,42.91999816894531,97.16000366210938,1320.699951171875,10.819000244140625,0.9858999848365784,91.44000244140625
2016-07-27,2025.050048828125,2166.580078125,1134.550048828125,1.5149999856948853,12.829999923706055,2.184999942779541,28.92285919189453,41.91999816894531,97.05000305175781,1326.5999755859375,10.821999549865723,0.9919999837875366,91.2300033569336
2016-07-28,2021.0999755859375,2170.06005859375,1129.050048828125,1.5110000371932983,12.720000267028809,2.2060000896453857,28.93090057373047,41.13999938964844,96.73999786376953,1332.300048828125,10.762999534606934,0.9846799969673157,89.80999755859375
2016-07-29,2016.18994140625,2173.60009765625,1123.3499755859375,1.4579999446868896,11.869999885559082,2.2204999923706055,29.083507537841797,41.599998474121094,95.52999877929688,1349.0,10.729000091552734,0.9795299768447876,90.83999633789062
2016-08-01,2029.6099853515625,2170.840087890625,1109.949951171875,1.496000051498413,12.4399995803833,2.196500062942505,29.027284622192383,40.060001373291016,95.70999908447266,1351.4000244140625,10.607999801635742,0.9694399833679199,90.68000030517578
2016-08-02,2019.030029296875,2157.030029296875,1105.449951171875,1.5369999408721924,13.369999885559082,2.2065000534057617,28.818456649780273,39.5099983215332,95.05999755859375,1364.4000244140625,10.805999755859375,0.9681599736213684,93.88999938964844
2016-08-03,1994.7900390625,2163.7900390625,1111.8399658203125,1.5420000553131104,12.859999656677246,2.196000099182129,28.91483497619629,40.83000183105469,95.55999755859375,1356.0999755859375,11.01099967956543,0.9648799896240234,88.58999633789062
2016-08-04,2000.030029296875,2164.25,1113.449951171875,1.503000020980835,12.420000076293945,2.1740000247955322,29.07547378540039,41.93000030517578,95.76000213623047,1358.800048828125,10.991999626159668,0.9726899862289429,88.13999938964844
2016-08-05,2017.93994140625,2182.8701171875,1109.949951171875,1.5820000171661377,11.390000343322754,2.1530001163482666,29.412811279296875,41.79999923706055,96.19000244140625,1336.4000244140625,10.970999717712402,0.9737799763679504,85.2300033569336
2016-08-08,2031.1199951171875,2180.889892578125,1113.3499755859375,1.5829999446868896,11.5,2.1640000343322754,29.621644973754883,43.02000045776367,96.4000015258789,1333.4000244140625,10.909000396728516,0.9804800152778625,84.5
2016-08-09,2043.780029296875,2181.739990234375,1104.6500244140625,1.5449999570846558,11.65999984741211,2.1494998931884766,29.82243537902832,42.77000045776367,96.18000030517578,1339.0,10.805999755859375,0.9828000068664551,86.6500015258789
2016-08-10,2044.6400146484375,2175.489990234375,1099.9000244140625,1.5089999437332153,12.050000190734863,2.1705000400543213,29.83046531677246,41.709999084472656,95.6500015258789,1344.300048828125,10.79699993133545,0.981410026550293,89.4000015258789
2016-08-11,2048.800048828125,2185.7900390625,1094.25,1.5729999542236328,11.680000305175781,2.190000057220459,30.21600914001465,43.4900016784668,95.86000061035156,1342.5,10.821999549865723,0.9737799763679504,97.36000061035156
2016-08-12,2050.469970703125,2184.050048828125,1095.949951171875,1.5149999856948853,11.550000190734863,2.140500068664551,30.10356330871582,44.4900016784668,95.72000122070312,1335.800048828125,10.769000053405762,0.9749500155448914,94.48999786376953
2016-08-15,2050.469970703125,2190.14990234375,1102.47998046875,1.5529999732971191,11.8100004196167,2.1514999866485596,30.416797637939453,45.7400016784668,95.62999725341797,1340.300048828125,10.878000259399414,0.97461998462677,91.66999816894531
2016-08-16,2047.760009765625,2178.14990234375,1097.3599853515625,1.5759999752044678,12.640000343322754,2.171999931335449,30.280258178710938,46.58000183105469,94.79000091552734,1350.5,10.833999633789062,0.9729300141334534,91.86000061035156
2016-08-17,2043.75,2182.219970703125,1094.030029296875,1.5609999895095825,12.1899995803833,2.1519999504089355,30.087488174438477,46.790000915527344,94.72000122070312,1342.699951171875,10.913999557495117,0.9616400003433228,84.83999633789062
2016-08-18,2055.469970703125,2187.02001953125,1104.5,1.5360000133514404,11.430000305175781,2.1670000553131104,30.368606567382812,48.220001220703125,94.16000366210938,1351.199951171875,11.062000274658203,0.9614099860191345,82.83000183105469
2016-08-19,2056.239990234375,2183.8701171875,1106.9599609375,1.5779999494552612,11.34000015258789,2.1665000915527344,30.199941635131836,48.52000045776367,94.51000213623047,1340.4000244140625,11.050999641418457,0.9545000195503235,82.44000244140625
2016-08-22,2042.1600341796875,2182.639892578125,1117.3900146484375,1.5390000343322754,12.270000457763672,2.140000104904175,29.7983341217041,47.04999923706055,94.5199966430664,1337.699951171875,11.111000061035156,0.9618499875068665,83.12999725341797
2016-08-23,2049.929931640625,2186.89990234375,1122.5699462890625,1.5529999732971191,12.380000114440918,2.115000009536743,29.677865982055664,48.099998474121094,94.54000091552734,1340.5999755859375,11.192000389099121,0.9624300003051758,83.44999694824219
2016-08-24,2043.760009765625,2175.43994140625,1119.3900146484375,1.559000015258789,13.449999809265137,2.0759999752044678,29.7581787109375,46.77000045776367,94.79000091552734,1324.4000244140625,11.156000137329102,0.9633899927139282,85.37000274658203
2016-08-25,2042.9200439453125,2172.469970703125,1119.7900390625,1.5770000219345093,13.630000114440918,2.075500011444092,29.782283782958984,47.33000183105469,94.7699966430664,1320.0999755859375,11.133999824523926,0.967199981212616,85.43000030517578
2016-08-26,2037.5,2169.0400390625,1114.1300048828125,1.6349999904632568,13.649999618530273,2.075000047683716,29.52525520324707,47.63999938964844,95.56999969482422,1321.5,11.076000213623047,0.9669899940490723,88.62000274658203
2016-08-29,2032.3499755859375,2180.3798828125,1121.75,1.565999984741211,12.9399995803833,2.072499990463257,29.75015640258789,46.97999954223633,95.58000183105469,1322.9000244140625,11.00100040435791,0.9777399897575378,85.83000183105469
2016-08-30,2039.739990234375,2176.1201171875,1118.3299560546875,1.5700000524520874,13.119999885559082,2.069000005722046,29.669832229614258,46.349998474121094,96.05000305175781,1311.699951171875,10.979999542236328,0.9777299761772156,84.44000244140625
2016-08-31,2034.6500244140625,2170.949951171875,1118.3800048828125,1.5679999589920044,13.420000076293945,2.069499969482422,29.340518951416016,44.70000076293945,96.0199966430664,1306.9000244140625,10.866000175476074,0.9830899834632874,84.87000274658203
2016-09-01,2032.719970703125,2170.860107421875,1114.43994140625,1.5700000524520874,13.479999542236328,2.06850004196167,29.565418243408203,43.15999984741211,95.6500015258789,1312.199951171875,10.782999992370605,0.9835699796676636,84.9000015258789
2016-09-02,2038.31005859375,2179.97998046875,1116.5999755859375,1.5959999561309814,11.979999542236328,2.071500062942505,30.04732894897461,44.439998626708984,95.87999725341797,1322.0999755859375,10.812000274658203,0.9796000123023987,81.3499984741211
2016-09-05,2060.080078125,2179.97998046875,1114.8499755859375,1.5959999561309814,11.979999542236328,2.071500062942505,30.04732894897461,44.439998626708984,95.87999725341797,1322.0999755859375,10.72599983215332,0.9800000190734863,81.3499984741211
2016-09-06,2066.530029296875,2186.47998046875,1103.4300537109375,1.5429999828338623,12.020000457763672,2.0840001106262207,30.68988609313965,44.83000183105469,94.81999969482422,1349.4000244140625,10.652000427246094,0.9800400137901306,82.13999938964844
2016-09-07,2061.8798828125,2186.159912109375,1094.5899658203125,1.5410000085830688,11.9399995803833,2.0929999351501465,30.5935001373291,45.5,94.95999908447266,1344.300048828125,10.777999877929688,0.970009982585907,83.08000183105469
2016-09-08,2063.72998046875,2181.300048828125,1088.800048828125,1.6160000562667847,12.510000228881836,2.0959999561309814,30.513187408447266,47.619998931884766,95.02999877929688,1336.800048828125,10.692000389099121,0.9697200059890747,85.56999969482422
2016-09-09,2037.8699951171875,2127.81005859375,1097.3900146484375,1.6720000505447388,17.5,2.0885000228881836,29.485105514526367,45.880001068115234,95.33999633789062,1330.0999755859375,10.720999717712402,0.9718599915504456,110.0199966430664
2016-09-12,1991.47998046875,2159.0400390625,1103.5999755859375,1.6720000505447388,15.15999984741211,2.0959999561309814,29.685901641845703,46.290000915527344,95.0999984741211,1321.0,10.515000343322754,0.9748200178146362,99.52999877929688
2016-09-13,1999.3599853515625,2127.02001953125,1107.4599609375,1.7339999675750732,17.850000381469727,2.0954999923706055,28.938928604125977,44.900001525878906,95.62999725341797,1319.0,10.880000114440918,0.9713799953460693,110.0199966430664
2016-09-14,1999.3599853515625,2125.77001953125,1126.530029296875,1.6890000104904175,18.139999389648438,2.1480000019073486,29.027284622192383,43.58000183105469,95.33000183105469,1321.5,10.987000465393066,0.976859986782074,113.1500015258789
2016-09-15,1999.3599853515625,2147.260009765625,1125.75,1.7029999494552612,16.299999237060547,2.1519999504089355,29.52525520324707,43.90999984741211,95.29000091552734,1313.5,10.973999977111816,0.9732900261878967,109.2699966430664
2016-09-16,1999.3599853515625,2139.159912109375,1123.5999755859375,1.7009999752044678,15.369999885559082,2.1514999866485596,29.324459075927734,43.029998779296875,96.11000061035156,1305.800048828125,11.013999938964844,0.9712299704551697,102.58999633789062
2016-09-19,2015.780029296875,2139.1201171875,1124.9000244140625,1.6959999799728394,15.529999732971191,2.1489999294281006,29.557392120361328,43.29999923706055,95.83999633789062,1313.5,10.78499984741211,0.9796500205993652,101.58000183105469
2016-09-20,2025.7099609375,2139.760009765625,1118.43994140625,1.687999963760376,15.920000076293945,2.1554999351501465,29.573448181152344,43.439998626708984,96.0199966430664,1313.699951171875,10.97700023651123,0.9800400137901306,101.9800033569336
2016-09-21,2035.989990234375,2163.1201171875,1116.1500244140625,1.6679999828338623,13.300000190734863,2.1449999809265137,30.400737762451172,45.34000015258789,95.66000366210938,1326.9000244140625,10.984999656677246,0.9789999723434448,92.58999633789062
2016-09-22,2049.699951171875,2177.179931640625,1104.3699951171875,1.6319999694824219,12.020000457763672,2.1875,30.617603302001953,46.31999969482422,95.44999694824219,1340.4000244140625,10.996999740600586,0.9732300043106079,89.22000122070312
2016-09-23,2054.070068359375,2164.68994140625,1101.989990234375,1.6150000095367432,12.289999961853027,2.192500114440918,30.224035263061523,44.47999954223633,95.4800033569336,1337.199951171875,10.925000190734863,0.9689000248908997,90.4000015258789
2016-09-26,2047.1099853515625,2146.10009765625,1101.800048828125,1.5889999866485596,14.5,2.190000057220459,29.782283782958984,45.93000030517578,95.30999755859375,1339.699951171875,10.916999816894531,0.9692299962043762,96.23999786376953
2016-09-27,2062.820068359375,2159.929931640625,1107.4599609375,1.555999994277954,13.100000381469727,2.1614999771118164,30.20796012878418,44.66999816894531,95.44000244140625,1325.9000244140625,11.031000137329102,0.9690200090408325,88.94000244140625
2016-09-28,2053.06005859375,2171.3701171875,1095.9000244140625,1.5670000314712524,12.390000343322754,2.179500102996826,30.481060028076172,47.04999923706055,95.43000030517578,1319.4000244140625,10.906999588012695,0.9705700278282166,87.55000305175781
2016-09-29,2068.719970703125,2151.1298828125,1091.0799560546875,1.5570000410079956,14.020000457763672,2.180999994277954,29.95095443725586,47.83000183105469,95.54000091552734,1321.699951171875,10.805999755859375,0.9704999923706055,93.77999877929688
2016-09-30,2043.6300048828125,2168.27001953125,1101.6199951171875,1.6080000400543213,13.289999961853027,2.2019999027252197,30.07946014404297,48.2400016784668,95.45999908447266,1313.300048828125,10.881999969482422,0.9660999774932861,91.41999816894531
2016-10-03,2043.6300048828125,2161.199951171875,1102.1500244140625,1.621999979019165,13.569999694824219,2.183500051498413,30.288293838500977,48.810001373291016,95.75,1309.0,10.85099983215332,0.9720900058746338,91.51000213623047
2016-10-04,2054.860107421875,2150.489990234375,1103.239990234375,1.6829999685287476,13.630000114440918,2.1584999561309814,29.95095443725586,48.689998626708984,96.12000274658203,1266.300048828125,10.831999778747559,0.9737399816513062,89.94000244140625
2016-10-05,2053.0,2159.72998046875,1115.3599853515625,1.715999960899353,12.989999771118164,2.1559998989105225,30.384672164916992,49.83000183105469,96.12999725341797,1265.199951171875,10.835000038146973,0.9783400297164917,89.87999725341797
2016-10-06,2065.300048828125,2160.77001953125,1113.1800537109375,1.7419999837875366,12.84000015258789,2.1480000019073486,30.408767700195312,50.439998626708984,96.66000366210938,1249.800048828125,10.753999710083008,0.9739999771118164,89.86000061035156
2016-10-07,2053.800048828125,2153.739990234375,1114.8900146484375,1.7359999418258667,13.479999542236328,2.1565001010894775,30.2722225189209,49.810001373291016,96.5199966430664,1248.9000244140625,10.737000465393066,0.9806600213050842,90.86000061035156
2016-10-10,2056.820068359375,2163.659912109375,1115.8499755859375,1.7230000495910645,13.380000114440918,2.1565001010894775,30.60152816772461,49.810001373291016,96.5199966430664,1248.9000244140625,10.824999809265137,0.9776899814605713,90.66000366210938
2016-10-11,2031.9300537109375,2136.72998046875,1106.6199951171875,1.7589999437332153,15.359999656677246,2.178499937057495,29.894729614257812,50.790000915527344,97.69999694824219,1253.0,10.663000106811523,0.9821500182151794,95.43000030517578
2016-10-12,2033.72998046875,2139.179931640625,1123.6800537109375,1.777999997138977,15.90999984741211,2.1695001125335693,29.8385066986084,50.18000030517578,97.97000122070312,1251.0999755859375,10.871999740600586,0.9879000186920166,102.0199966430664
2016-10-13,2015.43994140625,2132.550048828125,1123.81005859375,1.7380000352859497,16.690000534057617,2.115000009536743,29.573448181152344,50.439998626708984,97.5199966430664,1255.0,10.767000198364258,0.9900000095367432,103.4000015258789
2016-10-14,2022.6600341796875,2132.97998046875,1128.1199951171875,1.7940000295639038,16.1200008392334,2.1034998893737793,29.621644973754883,50.349998474121094,98.0199966430664,1253.0999755859375,10.87600040435791,0.9866399765014648,101.01000213623047
2016-10-17,2027.6099853515625,2126.5,1136.050048828125,1.7660000324249268,16.209999084472656,2.0994999408721924,29.589515686035156,49.939998626708984,97.88999938964844,1254.4000244140625,10.914999961853027,0.9903799891471863,99.33999633789062
2016-10-18,2040.4300537109375,2139.60009765625,1135.6300048828125,1.7489999532699585,15.279999732971191,2.0980000495910645,30.111583709716797,50.290000915527344,97.9000015258789,1260.800048828125,10.930999755859375,0.9878900051116943,96.87000274658203
2016-10-19,2040.93994140625,2144.2900390625,1124.6199951171875,1.7519999742507935,14.40999984741211,2.0969998836517334,30.29632568359375,51.599998474121094,97.87000274658203,1267.9000244140625,10.824000358581543,0.9900599718093872,93.9000015258789
2016-10-20,2040.5999755859375,2141.340087890625,1119.6099853515625,1.746999979019165,13.75,2.0905001163482666,30.20796012878418,50.43000030517578,98.31999969482422,1265.5999755859375,10.822999954223633,0.989080011844635,89.72000122070312
2016-10-21,2033.0,2141.159912109375,1130.22998046875,1.7400000095367432,13.34000015258789,2.0834999084472656,30.199941635131836,50.849998474121094,98.69999694824219,1265.9000244140625,10.85200023651123,0.9923999905586243,87.33999633789062
2016-10-24,2047.739990234375,2151.330078125,1135.5999755859375,1.7630000114440918,13.020000457763672,2.0875000953674316,30.32845115661621,50.52000045776367,98.66999816894531,1262.0,10.673999786376953,0.9942100048065186,85.80999755859375
2016-10-25,2037.1700439453125,2143.159912109375,1134.3800048828125,1.7580000162124634,13.460000038146973,2.132499933242798,30.360578536987305,49.959999084472656,98.72000122070312,1271.9000244140625,10.868000030517578,0.9939000010490417,86.2300033569336
2016-10-26,2013.8900146484375,2139.429931640625,1129.0999755859375,1.7899999618530273,14.239999771118164,2.1394999027252197,30.039302825927734,49.18000030517578,98.62999725341797,1264.800048828125,10.838000297546387,0.9945899844169617,86.9000015258789
2016-10-27,2024.1199951171875,2133.0400390625,1137.3299560546875,1.843000054359436,15.359999656677246,2.1654999256134033,29.782283782958984,49.720001220703125,98.88999938964844,1267.9000244140625,10.873000144958496,0.9933000206947327,91.20999908447266
2016-10-28,2019.4200439453125,2126.409912109375,1146.52001953125,1.8450000286102295,16.190000534057617,2.188499927520752,29.661800384521484,48.70000076293945,98.3499984741211,1275.5,10.895000457763672,0.9937800168991089,99.44000244140625
2016-10-31,2008.18994140625,2126.14990234375,1146.699951171875,1.8339999914169312,17.059999465942383,2.200500011444092,29.83046531677246,46.86000061035156,98.44999694824219,1271.5,10.963000297546387,0.9873899817466736,102.81999969482422
2016-11-01,2007.3900146484375,2111.719970703125,1143.3299560546875,1.8200000524520874,18.559999465942383,2.2244999408721924,29.589515686035156,46.66999816894531,97.69999694824219,1286.4000244140625,10.904999732971191,0.9891999959945679,108.26000213623047
2016-11-02,1978.93994140625,2097.93994140625,1145.469970703125,1.7990000247955322,19.31999969482422,2.2260000705718994,29.23611068725586,45.34000015258789,97.4000015258789,1306.800048828125,11.001999855041504,0.9750000238418579,112.38999938964844
2016-11-03,1983.800048828125,2088.659912109375,1145.1700439453125,1.812000036239624,22.079999923706055,2.244499921798706,29.155790328979492,44.65999984741211,97.16000366210938,1302.0999755859375,11.071999549865723,0.973039984703064,120.23999786376953
2016-11-04,1982.02001953125,2085.179931640625,1143.4200439453125,1.7829999923706055,22.510000228881836,2.260999917984009,28.858612060546875,44.06999969482422,97.06999969482422,1303.300048828125,11.093000411987305,0.9742000102996826,120.2300033569336
2016-11-07,1997.5799560546875,2131.52001953125,1141.449951171875,1.8279999494552612,18.709999084472656,2.30649995803833,29.902759552001953,44.88999938964844,97.77999877929688,1278.300048828125,10.984000205993652,0.97434002161026,107.83999633789062
2016-11-08,2003.3800048828125,2139.56005859375,1140.550048828125,1.8619999885559082,18.739999771118164,2.378999948501587,30.09552001953125,44.97999954223633,97.86000061035156,1273.4000244140625,10.911999702453613,0.9739999771118164,108.66999816894531
2016-11-09,1958.3800048828125,2163.260009765625,1127.8599853515625,2.072000026702881,14.380000114440918,2.4590001106262207,29.11562728881836,45.27000045776367,98.5,1272.5999755859375,10.73799991607666,0.9794600009918213,96.13999938964844
2016-11-10,2002.5999755859375,2167.47998046875,1156.280029296875,2.117000102996826,14.739999771118164,2.549499988555908,28.288345336914062,44.65999984741211,98.79000091552734,1265.5,10.918999671936035,0.9845399856567383,102.66999816894531
2016-11-11,1984.4300537109375,2164.449951171875,1164.949951171875,2.117000102996826,14.170000076293945,2.549499988555908,27.750207901000977,44.65999984741211,98.79000091552734,1265.5,10.901000022888184,0.9872499704360962,97.22000122070312
2016-11-14,1974.4000244140625,2164.199951171875,1164.4000244140625,2.2219998836517334,14.479999542236328,2.5185000896453857,27.549409866333008,43.31999969482422,100.11000061035156,1221.199951171875,10.923999786376953,0.9895099997520447,98.22000122070312
2016-11-15,1967.530029296875,2180.389892578125,1167.760009765625,2.23799991607666,13.369999885559082,2.502000093460083,28.103612899780273,45.810001373291016,100.19000244140625,1224.0,10.791000366210938,0.9970999956130981,91.7699966430664
2016-11-16,1979.6500244140625,2176.93994140625,1166.68994140625,2.2230000495910645,13.720000267028809,2.4649999141693115,27.870691299438477,45.56999969482422,100.41000366210938,1223.4000244140625,10.694999694824219,1.001389980316162,92.44999694824219
2016-11-17,1980.550048828125,2187.1201171875,1169.0699462890625,2.2760000228881836,13.350000381469727,2.487499952316284,27.910846710205078,45.41999816894531,100.88999938964844,1216.5,10.743000030517578,1.0008100271224976,87.58000183105469
2016-11-18,1974.5799560546875,2181.89990234375,1179.1500244140625,2.3350000381469727,12.850000381469727,2.4639999866485596,27.7823429107666,45.689998626708984,101.20999908447266,1208.5,10.689000129699707,1.007099986076355,86.4000015258789
2016-11-21,1966.050048828125,2198.179931640625,1180.75,2.3389999866485596,12.420000076293945,2.512500047683716,28.055419921875,47.4900016784668,101.05000305175781,1209.5999755859375,10.395000457763672,1.0110499858856201,80.75
2016-11-22,1983.469970703125,2202.93994140625,1179.1800537109375,2.321000099182129,12.40999984741211,2.5425000190734863,28.481115341186523,48.029998779296875,101.04000091552734,1211.0,10.649999618530273,1.0078200101852417,83.4000015258789
2016-11-23,1987.949951171875,2204.719970703125,1167.9300537109375,2.3570001125335693,12.430000305175781,2.6059999465942383,28.1759033203125,47.959999084472656,101.69999694824219,1189.0999755859375,10.519000053405762,1.010949969291687,82.44999694824219
2016-11-24,1971.260009765625,2204.719970703125,1180.8599853515625,2.3570001125335693,12.430000305175781,2.6059999465942383,28.1759033203125,47.959999084472656,101.69999694824219,1189.0999755859375,10.486000061035156,1.0174599885940552,82.44999694824219
2016-11-25,1974.4599609375,2213.35009765625,1181.050048828125,2.371999979019165,12.34000015258789,2.6670000553131104,28.31244659423828,46.060001373291016,101.48999786376953,1178.199951171875,10.42300033569336,1.0166000127792358,82.6500015258789
2016-11-28,1978.1300048828125,2201.719970703125,1172.699951171875,2.319999933242798,13.149999618530273,2.6559998989105225,28.42488670349121,47.08000183105469,101.33000183105469,1190.5999755859375,10.406000137329102,1.0125000476837158,86.16999816894531
2016-11-29,1978.3900146484375,2204.659912109375,1169.7099609375,2.302000045776367,12.899999618530273,2.5950000286102295,28.465044021606445,45.22999954223633,100.93000030517578,1187.9000244140625,10.472000122070312,1.0123399496078491,86.27999877929688
2016-11-30,1983.47998046875,2198.81005859375,1167.8599853515625,2.368000030517578,13.329999923706055,2.621500015258789,28.51324462890625,49.439998626708984,101.5,1170.800048828125,10.378999710083008,1.0116599798202515,88.98999786376953
2016-12-01,1983.75,2191.080078125,1178.1300048828125,2.440999984741211,14.069999694824219,2.631500005722046,28.1759033203125,51.060001373291016,101.04000091552734,1166.9000244140625,10.269000053405762,1.0169999599456787,97.79000091552734
2016-12-02,1970.6099853515625,2191.949951171875,1167.699951171875,2.390000104904175,14.119999885559082,2.615000009536743,28.208024978637695,51.68000030517578,100.7699966430664,1175.0999755859375,10.24899959564209,1.0105899572372437,98.06999969482422
2016-12-05,1963.3599853515625,2204.7099609375,1169.5999755859375,2.38700008392334,12.140000343322754,2.688999891281128,28.440950393676758,51.790000915527344,100.13999938964844,1174.0,10.352999687194824,1.013800024986267,88.87999725341797
2016-12-06,1989.8599853515625,2212.22998046875,1166.989990234375,2.3959999084472656,11.789999961853027,2.671999931335449,28.59356117248535,50.93000030517578,100.48999786376953,1167.5999755859375,10.243000030517578,1.0069999694824219,88.12000274658203
2016-12-07,1991.8900146484375,2241.35009765625,1170.550048828125,2.3469998836517334,12.220000267028809,2.63700008392334,29.07547378540039,49.77000045776367,100.2300033569336,1175.0,10.26099967956543,1.0099300146102905,89.11000061035156
2016-12-08,2031.0699462890625,2246.18994140625,1157.5,2.38700008392334,12.640000343322754,2.619999885559082,29.203977584838867,50.84000015258789,101.06999969482422,1169.800048828125,10.175999641418457,1.0067700147628784,91.2699966430664
2016-12-09,2024.68994140625,2259.530029296875,1162.25,2.4639999866485596,11.75,2.6419999599456787,29.05137825012207,51.5,101.56999969482422,1159.4000244140625,10.182000160217285,1.0158900022506714,89.4000015258789
2016-12-12,2027.239990234375,2256.9599609375,1169.949951171875,2.4790000915527344,12.640000343322754,2.61299991607666,28.858612060546875,52.83000183105469,100.95999908447266,1163.5,9.898900032043457,1.0180399417877197,91.87000274658203
2016-12-13,2035.97998046875,2271.719970703125,1164.6500244140625,2.4809999465942383,12.720000267028809,2.5929999351501465,29.179887771606445,52.97999954223633,101.02999877929688,1156.699951171875,10.131999969482422,1.0132999420166016,93.31999969482422
2016-12-14,2036.8699951171875,2253.280029296875,1163.5899658203125,2.5250000953674316,13.1899995803833,2.5999999046325684,28.31244659423828,51.040000915527344,102.0,1161.300048828125,10.093999862670898,1.0118199586868286,96.81999969482422
2016-12-15,2036.6500244140625,2262.030029296875,1179.1600341796875,2.5799999237060547,12.789999961853027,2.5959999561309814,28.36063575744629,50.900001525878906,103.12999725341797,1127.800048828125,10.057999610900879,1.0221199989318848,93.08000183105469
2016-12-16,2042.239990234375,2258.070068359375,1184.4300537109375,2.5969998836517334,12.199999809265137,2.561000108718872,28.232131958007812,51.900001525878906,102.94999694824219,1135.300048828125,10.012999534606934,1.0297600030899048,93.79000091552734
2016-12-19,2038.3900146484375,2262.530029296875,1186.0,2.5420000553131104,11.710000038146973,2.496500015258789,28.03936195373535,52.119998931884766,103.13999938964844,1140.5,10.064000129699707,1.0267000198364258,90.51000213623047
2016-12-20,2041.93994140625,2270.760009765625,1186.949951171875,2.568000078201294,11.449999809265137,2.499500036239624,28.135738372802734,52.22999954223633,103.29000091552734,1131.5,10.137999534606934,1.0271799564361572,88.26000213623047
2016-12-21,2037.9599609375,2265.179931640625,1191.469970703125,2.5460000038146973,11.270000457763672,2.491499900817871,28.018762588500977,52.4900016784668,103.0199966430664,1131.0999755859375,10.104000091552734,1.0289700031280518,87.97000122070312
2016-12-22,2035.72998046875,2260.9599609375,1193.3499755859375,2.552999973297119,11.430000305175781,2.494499921798706,27.685686111450195,52.95000076293945,103.08999633789062,1128.800048828125,10.142000198364258,1.0266000032424927,89.72000122070312
2016-12-23,2035.9000244140625,2263.7900390625,1205.0999755859375,2.5429999828338623,11.4399995803833,2.4725000858306885,27.848159790039062,53.02000045776367,103.01000213623047,1131.9000244140625,10.25,1.025589942932129,87.63999938964844
2016-12-26,2037.75,2263.7900390625,1199.550048828125,2.5429999828338623,11.4399995803833,2.4725000858306885,27.848159790039062,53.02000045776367,103.01000213623047,1131.9000244140625,10.220999717712402,1.0261000394821167,87.63999938964844
2016-12-27,2042.1700439453125,2268.8798828125,1199.550048828125,2.562999963760376,11.989999771118164,2.507999897003174,27.970016479492188,53.900001525878906,103.0199966430664,1137.300048828125,10.232000350952148,1.0268299579620361,86.37000274658203
2016-12-28,2024.489990234375,2249.919921875,1206.47998046875,2.50600004196167,12.949999809265137,2.494999885559082,28.181232452392578,54.060001373291016,103.26000213623047,1139.4000244140625,10.263999938964844,1.027500033378601,89.16999816894531
2016-12-29,2026.4599609375,2249.260009765625,1210.3399658203125,2.4769999980926514,13.369999885559082,2.4790000915527344,28.644287109375,53.77000045776367,102.68000030517578,1156.4000244140625,10.333999633789062,1.0281599760055542,88.87000274658203
2016-12-30,2026.4599609375,2238.830078125,1205.2900390625,2.446000099182129,14.039999961853027,2.497499942779541,28.441190719604492,53.720001220703125,102.38999938964844,1150.0,10.36299991607666,1.0170999765396118,91.5999984741211
2017-01-02,2026.1600341796875,2238.830078125,1205.449951171875,2.446000099182129,14.039999961853027,2.497499942779541,28.441190719604492,53.720001220703125,102.38999938964844,1150.0,10.317000389099121,1.0186899900436401,91.5999984741211
2017-01-03,2043.969970703125,2257.830078125,1202.9300537109375,2.450000047683716,12.850000381469727,2.4809999465942383,28.782386779785156,52.33000183105469,103.20999908447266,1160.4000244140625,10.232999801635742,1.0241899490356445,85.37000274658203
2017-01-04,2045.6400146484375,2270.75,1206.010009765625,2.4519999027252197,11.850000381469727,2.5480000972747803,29.001731872558594,53.2599983215332,102.69999694824219,1163.800048828125,10.246999740600586,1.0261000394821167,82.2699966430664
2017-01-05,2041.949951171875,2269.0,1194.47998046875,2.368000030517578,11.670000076293945,2.5295000076293945,29.318553924560547,53.7599983215332,101.5199966430664,1179.699951171875,10.1899995803833,1.0201200246810913,81.33000183105469
2017-01-06,2049.1201171875,2276.97998046875,1180.6300048828125,2.4179999828338623,11.319999694824219,2.5380001068115234,29.196701049804688,53.9900016784668,102.22000122070312,1171.9000244140625,10.239999771118164,1.0097899436950684,80.58999633789062
2017-01-09,2048.780029296875,2268.89990234375,1201.0999755859375,2.375999927520752,11.5600004196167,2.5299999713897705,29.172327041625977,51.959999084472656,101.93000030517578,1183.5,10.24899959564209,1.0174200534820557,83.47000122070312
2017-01-10,2045.1199951171875,2268.89990234375,1202.52001953125,2.378999948501587,11.489999771118164,2.6034998893737793,29.342927932739258,50.81999969482422,102.01000213623047,1184.199951171875,10.36400032043457,1.0140399932861328,86.36000061035156
2017-01-11,2075.169921875,2275.320068359375,1200.5999755859375,2.369999885559082,11.260000228881836,2.6010000705718994,29.6922550201416,52.25,101.77999877929688,1195.5999755859375,10.357999801635742,1.0168299674987793,86.72000122070312
2017-01-12,2087.139892578125,2270.43994140625,1187.1600341796875,2.3610000610351562,11.539999961853027,2.6605000495910645,29.822233200073242,53.0099983215332,101.3499984741211,1198.9000244140625,10.310999870300293,1.0130300521850586,90.44000244140625
2017-01-13,2076.7900390625,2274.639892578125,1174.719970703125,2.380000114440918,11.229999542236328,2.680500030517578,29.79785919189453,52.369998931884766,101.18000030517578,1195.300048828125,10.241000175476074,1.0103000402450562,92.9000015258789
2017-01-16,2064.169921875,2274.639892578125,1174.050048828125,2.380000114440918,11.229999542236328,2.680500030517578,29.79785919189453,52.369998931884766,101.18000030517578,1195.300048828125,10.289999961853027,1.0098299980163574,92.9000015258789
2017-01-17,2071.8701171875,2267.889892578125,1182.1700439453125,2.3269999027252197,11.869999885559082,2.616499900817871,29.78160858154297,52.47999954223633,100.33000183105469,1212.0,10.35099983215332,1.0111000537872314,92.38999938964844
2017-01-18,2070.5400390625,2271.889892578125,1160.030029296875,2.3889999389648438,12.479999542236328,2.6080000400543213,29.619140625,51.08000183105469,100.93000030517578,1211.300048828125,10.270999908447266,1.0029300451278687,87.05999755859375
2017-01-19,2072.7900390625,2263.68994140625,1176.7900390625,2.4590001106262207,12.779999732971191,2.6015000343322754,29.52977180480957,51.369998931884766,101.1500015258789,1200.9000244140625,10.255000114440918,1.0077999830245972,86.83999633789062
2017-01-20,2065.610107421875,2271.31005859375,1173.75,2.4670000076293945,11.539999961853027,2.617000102996826,29.58663558959961,52.41999816894531,100.73999786376953,1204.300048828125,10.204000473022461,1.0063300132751465,83.62999725341797
2017-01-23,2065.989990234375,2265.199951171875,1173.300048828125,2.4030001163482666,11.770000457763672,2.6394999027252197,30.025325775146484,52.75,100.16000366210938,1215.0,10.305000305175781,1.0009100437164307,84.51000213623047
2017-01-24,2065.760009765625,2280.070068359375,1162.6500244140625,2.4709999561309814,11.069999694824219,2.700500011444092,30.212162017822266,53.18000030517578,100.3499984741211,1210.300048828125,10.305999755859375,0.9973499774932861,79.05000305175781
2017-01-25,2066.93994140625,2298.3701171875,1168.030029296875,2.5230000019073486,10.8100004196167,2.702500104904175,30.545244216918945,52.75,100.02999877929688,1197.300048828125,10.256999969482422,1.0010700225830078,78.66000366210938
2017-01-26,2083.590087890625,2296.679931640625,1161.260009765625,2.507999897003174,10.630000114440918,2.6659998893737793,30.415252685546875,53.779998779296875,100.37999725341797,1189.5,10.246000289916992,0.9990400075912476,79.6500015258789
2017-01-27,2083.590087890625,2294.68994140625,1170.6700439453125,2.4809999465942383,10.579999923706055,2.680000066757202,30.43962860107422,53.16999816894531,100.52999877929688,1188.0999755859375,10.222999572753906,0.9998999834060669,83.62999725341797
2017-01-30,2083.590087890625,2280.89990234375,1177.5999755859375,2.4830000400543213,11.880000114440918,2.6475000381469727,30.27715301513672,52.630001068115234,100.43000030517578,1193.199951171875,10.251999855041504,0.9973999857902527,92.04000091552734
2017-01-31,2067.570068359375,2278.8701171875,1169.2099609375,2.4509999752044678,11.989999771118164,2.7214999198913574,30.334022521972656,52.810001373291016,99.51000213623047,1208.5999755859375,10.281999588012695,0.9943600296974182,89.83000183105469
2017-02-01,2080.47998046875,2279.550048828125,1149.25,2.4739999771118164,11.8100004196167,2.7044999599456787,30.350278854370117,53.880001068115234,99.63999938964844,1205.5999755859375,10.187999725341797,0.9890000224113464,87.75
2017-02-02,2071.010009765625,2280.85009765625,1151.949951171875,2.4700000286102295,11.930000305175781,2.677999973297119,30.480247497558594,53.540000915527344,99.8499984741211,1216.699951171875,10.161999702453613,0.9931100010871887,89.7300033569336
2017-02-03,2073.159912109375,2297.419921875,1142.699951171875,2.490999937057495,10.970000267028809,2.609499931335449,30.667098999023438,53.83000183105469,99.87000274658203,1218.5,10.128000259399414,0.9924499988555908,88.97000122070312
2017-02-06,2077.659912109375,2292.56005859375,1137.760009765625,2.4130001068115234,11.369999885559082,2.6454999446868896,30.59398078918457,53.0099983215332,99.91000366210938,1230.0,9.890000343322754,0.9923499822616577,90.0199966430664
2017-02-07,2075.2099609375,2293.080078125,1132.7099609375,2.3889999389648438,11.289999961853027,2.625999927520752,30.43962860107422,52.16999816894531,100.26000213623047,1234.199951171875,10.126999855041504,0.991349995136261,89.61000061035156
2017-02-08,2065.080078125,2294.669921875,1142.0999755859375,2.3510000705718994,11.449999809265137,2.6605000495910645,30.62647819519043,52.34000015258789,100.27999877929688,1237.5999755859375,10.16100025177002,0.9977999925613403,94.58000183105469
2017-02-09,2065.8798828125,2307.8701171875,1144.6199951171875,2.3949999809265137,10.880000114440918,2.6480000019073486,30.764577865600586,53.0,100.6500015258789,1235.0999755859375,10.223999977111816,0.9952300190925598,89.58999633789062
2017-02-10,2075.080078125,2316.10009765625,1149.9100341796875,2.4089999198913574,10.850000381469727,2.76200008392334,31.048912048339844,53.86000061035156,100.80000305175781,1234.4000244140625,10.13599967956543,1.0013999938964844,85.7699966430664
2017-02-13,2078.64990234375,2328.25,1145.1800537109375,2.434000015258789,11.069999694824219,2.7764999866485596,31.146400451660156,52.93000030517578,100.95999908447266,1224.4000244140625,9.866000175476074,1.0044000148773193,80.83999633789062
2017-02-14,2074.570068359375,2337.580078125,1148.699951171875,2.4700000286102295,10.739999771118164,2.7309999465942383,31.178882598876953,53.20000076293945,101.25,1223.9000244140625,10.097000122070312,1.0055999755859375,78.3499984741211
2017-02-15,2083.860107421875,2349.25,1137.9599609375,2.502000093460083,11.970000267028809,2.7360000610351562,31.430723190307617,53.11000061035156,101.18000030517578,1231.699951171875,9.952300071716309,1.0062600374221802,81.12000274658203
2017-02-16,2081.840087890625,2347.219970703125,1133.0999755859375,2.450000047683716,11.760000228881836,2.7160000801086426,31.31698989868164,53.36000061035156,100.44000244140625,1240.0,9.9306001663208,1.0046800374984741,79.66000366210938
2017-02-17,2080.580078125,2351.159912109375,1141.0799560546875,2.424999952316284,11.489999771118164,2.7054998874664307,31.187021255493164,53.400001525878906,100.94999694824219,1237.5999755859375,10.065999984741211,0.9972400069236755,81.25
2017-02-20,2084.389892578125,2351.159912109375,1149.5999755859375,2.424999952316284,11.489999771118164,2.7054998874664307,31.187021255493164,53.400001525878906,100.94999694824219,1237.5999755859375,9.940600395202637,1.0018600225448608,81.25
2017-02-21,2102.929931640625,2365.3798828125,1143.9599609375,2.427000045776367,11.569999694824219,2.745500087738037,31.528223037719727,54.060001373291016,101.37000274658203,1237.5,10.093999862670898,1.0032600164413452,82.44999694824219
2017-02-22,2106.610107421875,2362.820068359375,1141.1800537109375,2.4179999828338623,11.739999771118164,2.7325000762939453,31.62569808959961,53.59000015258789,101.33000183105469,1232.0,10.034000396728516,1.0090999603271484,81.52999877929688
2017-02-23,2107.6298828125,2363.81005859375,1137.949951171875,2.388000011444092,11.710000038146973,2.6424999237060547,31.63382339477539,54.45000076293945,101.05000305175781,1250.199951171875,10.029000282287598,1.0108000040054321,82.19999694824219
2017-02-24,2094.1201171875,2367.340087890625,1131.81005859375,2.316999912261963,11.470000267028809,2.680000066757202,31.26012420654297,53.9900016784668,101.08999633789062,1256.9000244140625,10.039999961853027,1.006119966506958,83.30999755859375
2017-02-27,2085.52001953125,2369.75,1130.449951171875,2.36899995803833,12.09000015258789,2.6875,31.162641525268555,54.04999923706055,101.12999725341797,1257.4000244140625,10.072999954223633,1.008870005607605,85.69000244140625
2017-02-28,2091.639892578125,2363.639892578125,1133.93994140625,2.3580000400543213,12.920000076293945,2.7039999961853027,30.862071990966797,54.0099983215332,101.12000274658203,1252.5999755859375,10.053999900817871,1.009469985961914,88.08000183105469
2017-03-01,2091.639892578125,2395.9599609375,1136.7900390625,2.4630000591278076,12.539999961853027,2.7265000343322754,31.34137535095215,53.83000183105469,101.77999877929688,1248.9000244140625,10.050999641418457,1.0066100358963013,84.02999877929688
2017-03-02,2102.64990234375,2381.919921875,1139.5699462890625,2.489000082015991,11.8100004196167,2.679500102996826,30.788959503173828,52.61000061035156,102.19999694824219,1231.9000244140625,9.98289966583252,1.0103100538253784,83.61000061035156
2017-03-03,2078.75,2383.1201171875,1149.9000244140625,2.492000102996826,10.960000038146973,2.687000036239624,31.024538040161133,53.33000183105469,101.54000091552734,1225.5,10.050000190734863,1.0132299661636353,81.19000244140625
2017-03-06,2081.360107421875,2375.31005859375,1151.969970703125,2.49399995803833,11.239999771118164,2.6429998874664307,31.040790557861328,53.20000076293945,101.63999938964844,1224.5,10.11299991607666,1.007930040359497,81.44000244140625
2017-03-07,2094.050048828125,2368.389892578125,1154.25,2.510999917984009,11.449999809265137,2.609499931335449,31.073287963867188,53.13999938964844,101.80999755859375,1215.0999755859375,10.126999855041504,1.0120799541473389,81.43000030517578
2017-03-08,2095.409912109375,2362.97998046875,1149.4100341796875,2.552000045776367,11.859999656677246,2.5920000076293945,30.780832290649414,50.279998779296875,102.06999969482422,1208.5,10.086000442504883,1.0130599737167358,82.5
2017-03-09,2091.06005859375,2364.8701171875,1153.6199951171875,2.5980000495910645,12.300000190734863,2.569999933242798,30.5371150970459,49.279998779296875,101.8499984741211,1202.4000244140625,10.081000328063965,1.0143300294876099,83.63999938964844
2017-03-10,2097.35009765625,2372.60009765625,1159.280029296875,2.5820000171661377,11.65999984741211,2.5864999294281006,30.87830924987793,48.4900016784668,101.25,1200.699951171875,10.0649995803833,1.0123300552368164,80.2699966430664
2017-03-13,2117.590087890625,2373.469970703125,1145.9599609375,2.6080000400543213,11.350000381469727,2.616499900817871,31.30887222290039,48.400001525878906,101.37999725341797,1202.4000244140625,9.980199813842773,1.0095000267028809,81.56999969482422
2017-03-14,2133.780029296875,2365.449951171875,1147.550048828125,2.5950000286102295,12.300000190734863,2.624000072479248,31.130149841308594,47.720001220703125,101.69999694824219,1201.9000244140625,9.982500076293945,1.0074000358581543,85.87999725341797
2017-03-15,2133.0,2385.260009765625,1148.219970703125,2.507999897003174,11.630000114440918,2.6454999446868896,31.94251823425293,48.86000061035156,100.73999786376953,1200.0999755859375,10.010000228881836,1.00941002368927,80.76000213623047
2017-03-16,2150.080078125,2381.3798828125,1127.4000244140625,2.5220000743865967,11.210000038146973,2.6654999256134033,32.13749313354492,48.75,100.2699966430664,1226.5,9.937700271606445,1.0,75.95999908447266
2017-03-17,2164.580078125,2378.25,1127.010009765625,2.500999927520752,11.279999732971191,2.679500102996826,32.08063507080078,48.779998779296875,100.30000305175781,1229.800048828125,9.942700386047363,0.9961000084877014,78.66000366210938
2017-03-20,2157.010009765625,2373.469970703125,1126.6500244140625,2.4730000495910645,11.34000015258789,2.6554999351501465,32.454315185546875,48.220001220703125,100.41000366210938,1233.5999755859375,9.758199691772461,0.9973000288009644,77.16000366210938
2017-03-21,2178.3798828125,2344.02001953125,1113.75,2.436000108718872,12.470000267028809,2.609999895095825,32.09687042236328,47.34000015258789,99.80999755859375,1246.0999755859375,9.89009952545166,0.9986000061035156,83.0199966430664
2017-03-22,2168.300048828125,2348.449951171875,1122.780029296875,2.3959999084472656,12.8100004196167,2.621999979019165,32.251224517822266,48.040000915527344,99.68000030517578,1249.300048828125,10.064000129699707,0.993369996547699,83.80000305175781
2017-03-23,2172.719970703125,2345.9599609375,1116.4100341796875,2.4179999828338623,13.119999885559082,2.6364998817443848,32.259342193603516,47.70000076293945,99.76000213623047,1246.9000244140625,10.019000053405762,0.9919999837875366,88.93000030517578
2017-03-24,2168.949951171875,2343.97998046875,1121.22998046875,2.4000000953674316,12.960000038146973,2.623500108718872,32.34059143066406,47.970001220703125,99.62999725341797,1248.199951171875,10.097000122070312,0.9932199716567993,89.73999786376953
2017-03-27,2155.659912109375,2341.590087890625,1116.1400146484375,2.372999906539917,12.5,2.625,32.251224517822266,47.72999954223633,99.16999816894531,1255.4000244140625,10.055000305175781,0.9880499839782715,84.86000061035156
2017-03-28,2163.31005859375,2358.570068359375,1111.0999755859375,2.4089999198913574,11.529999732971191,2.6689999103546143,32.34059143066406,48.369998931884766,99.70999908447266,1255.300048828125,10.024999618530273,0.9857699871063232,79.2699966430664
2017-03-29,2166.97998046875,2361.1298828125,1115.5,2.385999917984009,11.420000076293945,2.6700000762939453,32.39745330810547,49.5099983215332,100.0,1253.4000244140625,10.02400016784668,0.9920799732208252,78.26000213623047
2017-03-30,2164.639892578125,2368.06005859375,1109.949951171875,2.4159998893737793,11.539999961853027,2.6649999618530273,32.22684860229492,50.349998474121094,100.41000366210938,1245.0,9.984999656677246,0.9966700077056885,77.87000274658203
2017-03-31,2160.22998046875,2362.719970703125,1117.02001953125,2.3959999084472656,12.369999885559082,2.6465001106262207,31.999387741088867,50.599998474121094,100.3499984741211,1247.300048828125,9.9891996383667,1.000440001487732,78.30999755859375
2017-04-03,2167.510009765625,2358.840087890625,1115.1600341796875,2.3499999046325684,12.380000114440918,2.5975000858306885,32.17811584472656,50.2400016784668,100.54000091552734,1250.800048828125,10.017999649047852,1.0022000074386597,82.95999908447266
2017-04-04,2161.10009765625,2360.159912109375,1116.22998046875,2.3499999046325684,11.789999961853027,2.6059999465942383,32.194366455078125,51.029998779296875,100.54000091552734,1255.0,10.076000213623047,1.0013999938964844,79.66999816894531
2017-04-05,2160.85009765625,2352.949951171875,1124.0999755859375,2.3570001125335693,12.890000343322754,2.67549991607666,32.09687042236328,51.150001525878906,100.55999755859375,1245.4000244140625,10.133999824523926,1.0016000270843506,86.58999633789062
2017-04-06,2152.75,2357.489990234375,1127.0999755859375,2.3429999351501465,12.390000343322754,2.6554999351501465,32.04001235961914,51.70000076293945,100.66999816894531,1250.300048828125,10.20199966430664,1.003600001335144,83.91000366210938
2017-04-07,2151.72998046875,2355.5400390625,1130.0,2.372999906539917,12.869999885559082,2.6449999809265137,31.983135223388672,52.2400016784668,101.18000030517578,1254.300048828125,10.185999870300293,1.00531005859375,89.38999938964844
2017-04-10,2133.320068359375,2357.159912109375,1136.0,2.3610000610351562,14.050000190734863,2.6019999980926514,31.85316276550293,53.08000183105469,101.0199966430664,1251.0999755859375,9.99839973449707,1.00941002368927,97.9000015258789
2017-04-11,2123.85009765625,2353.780029296875,1142.030029296875,2.2980000972747803,15.069999694824219,2.6059999465942383,31.780052185058594,53.400001525878906,100.70999908447266,1271.199951171875,10.310999870300293,1.0077999830245972,103.73999786376953
2017-04-12,2128.909912109375,2344.929931640625,1144.5899658203125,2.2960000038146973,15.770000457763672,2.5439999103546143,31.934396743774414,53.11000061035156,100.77999877929688,1275.300048828125,10.4399995803833,1.0069299936294556,111.52999877929688
2017-04-13,2148.610107421875,2328.949951171875,1133.4300537109375,2.2320001125335693,15.960000038146973,2.569499969482422,31.796297073364258,53.18000030517578,100.55999755859375,1285.9000244140625,10.406000137329102,1.0020500421524048,115.54000091552734
2017-04-14,2134.8798828125,2328.949951171875,1135.0,2.2320001125335693,15.960000038146973,2.569499969482422,31.796297073364258,53.18000030517578,100.55999755859375,1285.9000244140625,10.39799976348877,1.0054600238800049,115.54000091552734
2017-04-17,2145.760009765625,2349.010009765625,1135.3599853515625,2.252000093460083,14.65999984741211,2.5950000286102295,32.12936782836914,52.650001525878906,100.30000305175781,1289.4000244140625,10.208000183105469,1.0050699710845947,101.48999786376953
2017-04-18,2148.4599609375,2342.18994140625,1131.800048828125,2.178999900817871,14.420000076293945,2.5290000438690186,31.723182678222656,52.40999984741211,99.5,1291.699951171875,10.100000381469727,1.0041899681091309,99.5199966430664
2017-04-19,2138.39990234375,2338.169921875,1141.6800537109375,2.2019999027252197,14.930000305175781,2.5334999561309814,31.528223037719727,50.439998626708984,99.73999786376953,1281.4000244140625,10.515000343322754,0.9963399767875671,97.88999938964844
2017-04-20,2149.14990234375,2355.840087890625,1141.8900146484375,2.240999937057495,14.149999618530273,2.5409998893737793,31.918155670166016,50.27000045776367,99.77999877929688,1281.9000244140625,10.487000465393066,0.9978500008583069,94.52999877929688
2017-04-21,2165.0400390625,2348.68994140625,1137.1099853515625,2.236999988555908,14.630000114440918,2.5364999771118164,31.918155670166016,49.619998931884766,99.9800033569336,1287.4000244140625,10.390999794006348,0.9987000226974487,95.41000366210938
2017-04-24,2173.739990234375,2374.14990234375,1133.7099609375,2.2730000019073486,10.84000015258789,2.553499937057495,32.373077392578125,49.22999954223633,99.08999633789062,1275.800048828125,10.166999816894531,0.992900013923645,78.16999816894531
2017-04-25,2196.85009765625,2388.610107421875,1133.8399658203125,2.3269999027252197,10.760000228881836,2.5820000171661377,32.657405853271484,49.560001373291016,98.81999969482422,1265.5999755859375,10.338000297546387,0.9958800077438354,75.63999938964844
2017-04-26,2207.840087890625,2387.449951171875,1125.469970703125,2.311000108718872,10.850000381469727,2.5910000801086426,32.53556442260742,49.619998931884766,98.95999908447266,1262.0999755859375,10.128999710083008,0.9934300184249878,76.63999938964844
2017-04-27,2209.4599609375,2388.77001953125,1131.800048828125,2.2960000038146973,10.359999656677246,2.5799999237060547,32.49494171142578,48.970001220703125,99.08000183105469,1263.699951171875,10.17300033569336,0.9929999709129333,76.66000366210938
2017-04-28,2205.43994140625,2384.199951171875,1129.93994140625,2.2820000648498535,10.819999694824219,2.5964999198913574,32.54368209838867,49.33000183105469,99.05000305175781,1266.0999755859375,10.163999557495117,0.9943699836730957,77.08999633789062
2017-05-01,2205.43994140625,2388.330078125,1135.6400146484375,2.325000047683716,10.109999656677246,2.6500000953674316,32.730525970458984,48.84000015258789,99.13999938964844,1253.300048828125,10.199999809265137,0.994189977645874,78.33000183105469
2017-05-02,2219.669921875,2391.169921875,1136.260009765625,2.2960000038146973,10.59000015258789,2.625,32.96611404418945,47.65999984741211,98.9800033569336,1255.0999755859375,10.156999588012695,0.9956700205802917,79.33000183105469
2017-05-03,2219.669921875,2388.1298828125,1127.760009765625,2.309000015258789,10.680000305175781,2.5329999923706055,32.74677658081055,47.81999969482422,99.20999908447266,1246.4000244140625,10.064000129699707,0.9910299777984619,78.7699966430664
2017-05-04,2241.239990234375,2389.52001953125,1132.9100341796875,2.3559999465942383,10.460000038146973,2.502000093460083,32.381202697753906,45.52000045776367,98.76000213623047,1226.5,10.038000106811523,0.9941800236701965,78.0
2017-05-05,2241.239990234375,2399.2900390625,1134.93994140625,2.3519999980926514,10.569999694824219,2.5195000171661377,32.6492919921875,46.220001220703125,98.6500015258789,1224.800048828125,10.081999778747559,0.9861099720001221,80.6500015258789
2017-05-08,2292.760009765625,2399.3798828125,1133.719970703125,2.375999927520752,9.770000457763672,2.4855000972747803,32.64116668701172,46.43000030517578,99.1500015258789,1225.300048828125,10.098999977111816,0.989870011806488,81.37999725341797
2017-05-09,2292.760009765625,2396.919921875,1132.6500244140625,2.4070000648498535,9.960000038146973,2.490000009536743,33.05547332763672,45.880001068115234,99.58999633789062,1214.300048828125,9.999799728393555,0.998199999332428,83.62999725341797
2017-05-10,2270.1201171875,2399.6298828125,1137.8599853515625,2.4140000343322754,10.210000038146973,2.486999988555908,33.274818420410156,47.33000183105469,99.66999816894531,1217.300048828125,10.005000114440918,1.0066499710083008,87.48999786376953
2017-05-11,2296.3701171875,2394.43994140625,1130.0400390625,2.4000000953674316,10.600000381469727,2.500999927520752,33.347930908203125,47.83000183105469,99.62000274658203,1222.699951171875,9.881199836730957,1.0089999437332153,86.51000213623047
2017-05-12,2286.02001953125,2390.89990234375,1123.1600341796875,2.3350000381469727,10.399999618530273,2.5179998874664307,33.48603820800781,47.84000015258789,99.25,1226.199951171875,9.869199752807617,1.0078400373458862,82.5
2017-05-15,2290.64990234375,2402.320068359375,1123.0999755859375,2.3380000591278076,10.420000076293945,2.5329999923706055,33.827232360839844,48.849998474121094,98.91000366210938,1228.5999755859375,9.909600257873535,1.0010700225830078,79.52999877929688
2017-05-16,2295.330078125,2400.669921875,1117.4300537109375,2.3289999961853027,10.649999618530273,2.5445001125335693,33.85972595214844,48.65999984741211,98.11000061035156,1235.0,9.831199645996094,0.9956799745559692,76.76000213623047
2017-05-17,2293.080078125,2357.030029296875,1115.0,2.2160000801086426,15.59000015258789,2.5425000190734863,33.28294372558594,49.06999969482422,97.41999816894531,1257.5,9.893600463867188,0.98430997133255,111.4800033569336
2017-05-18,2286.820068359375,2365.719970703125,1120.949951171875,2.2330000400543213,14.65999984741211,2.5264999866485596,32.730525970458984,49.349998474121094,97.87999725341797,1251.699951171875,10.093000411987305,0.9791600108146667,104.12000274658203
2017-05-19,2288.47998046875,2381.72998046875,1128.4100341796875,2.244999885559082,12.039999961853027,2.5739998817443848,33.42915725708008,50.33000183105469,97.1500015258789,1252.699951171875,10.130000114440918,0.9794600009918213,87.20999908447266
2017-05-22,2304.030029296875,2394.02001953125,1117.010009765625,2.253999948501587,10.930000305175781,2.5889999866485596,33.46165466308594,50.72999954223633,96.9800033569336,1260.699951171875,10.034000396728516,0.9728900194168091,83.47000122070312
2017-05-23,2311.739990234375,2398.419921875,1114.780029296875,2.2850000858306885,10.720000267028809,2.5905001163482666,33.4941520690918,51.470001220703125,97.3499984741211,1254.800048828125,10.048999786376953,0.9729999899864197,84.19000244140625
2017-05-24,2317.340087890625,2404.389892578125,1124.5699462890625,2.2660000324249268,10.020000457763672,2.578000068664551,33.624141693115234,51.36000061035156,97.23999786376953,1252.4000244140625,10.043000221252441,0.9762200117111206,81.91000366210938
2017-05-25,2342.929931640625,2415.070068359375,1118.3800048828125,2.255000114440918,9.989999771118164,2.5920000076293945,33.786617279052734,48.900001525878906,97.25,1255.800048828125,10.024999618530273,0.9724599719047546,82.19999694824219
2017-05-26,2355.300048828125,2415.820068359375,1119.56005859375,2.25,9.8100004196167,2.559499979019165,33.908470153808594,49.79999923706055,97.4000015258789,1267.5999755859375,10.015999794006348,0.9731500148773193,81.80999755859375
2017-05-29,2352.969970703125,2415.820068359375,1118.75,2.25,9.8100004196167,2.559499979019165,33.908470153808594,49.79999923706055,97.4000015258789,1267.5999755859375,10.053999900817871,0.9749799966812134,81.80999755859375
2017-05-30,2343.679931640625,2412.909912109375,1122.8399658203125,2.2170000076293945,10.380000114440918,2.561000108718872,33.729740142822266,49.65999984741211,97.27999877929688,1262.0999755859375,10.097000122070312,0.9792400002479553,84.30000305175781
2017-05-31,2347.3798828125,2411.800048828125,1123.9000244140625,2.196000099182129,10.40999984741211,2.5769999027252197,33.46978759765625,48.31999969482422,96.91999816894531,1272.0,10.13700008392334,0.9758399724960327,84.5199966430664
2017-06-01,2344.610107421875,2430.06005859375,1119.02001953125,2.2170000076293945,9.890000343322754,2.5845000743865967,33.754112243652344,48.36000061035156,97.19999694824219,1267.0,10.097999572753906,0.967989981174469,83.83000183105469
2017-06-02,2371.719970703125,2439.070068359375,1121.0400390625,2.1589999198913574,9.75,2.571500062942505,33.92470932006836,47.65999984741211,96.72000122070312,1276.800048828125,10.059000015258789,0.9710999727249146,83.62000274658203
2017-06-05,2368.6201171875,2436.10009765625,1117.449951171875,2.181999921798706,10.069999694824219,2.554500102996826,33.88409423828125,47.400001525878906,96.80000305175781,1279.300048828125,10.114999771118164,0.9628400206565857,86.08000183105469
2017-06-06,2368.6201171875,2429.330078125,1116.949951171875,2.1470000743865967,10.449999809265137,2.5445001125335693,33.90034866333008,48.189998626708984,96.63999938964844,1294.4000244140625,10.116000175476074,0.9649999737739563,89.1500015258789
2017-06-07,2360.139892578125,2433.139892578125,1117.4599609375,2.177999973297119,10.390000343322754,2.5490000247955322,33.85972595214844,45.720001220703125,96.75,1290.0999755859375,10.204000473022461,0.9625200033187866,88.22000122070312
2017-06-08,2363.570068359375,2433.7900390625,1123.1400146484375,2.194000005722046,10.15999984741211,2.6070001125335693,34.06282043457031,45.63999938964844,96.91999816894531,1276.300048828125,10.218000411987305,0.9647300243377686,83.27999877929688
2017-06-09,2381.68994140625,2431.77001953125,1121.510009765625,2.1989998817443848,10.699999809265137,2.6459999084472656,33.8028564453125,45.83000183105469,97.2699966430664,1268.5,10.204999923706055,0.9691600203514099,87.41000366210938
2017-06-12,2357.8701171875,2429.389892578125,1124.0999755859375,2.2130000591278076,11.460000038146973,2.612499952316284,33.624141693115234,46.08000183105469,97.13999938964844,1266.0999755859375,10.189000129699707,0.9691399931907654,91.20999908447266
2017-06-13,2374.699951171875,2440.35009765625,1130.489990234375,2.2070000171661377,10.420000076293945,2.5929999351501465,33.786617279052734,46.459999084472656,96.9800033569336,1265.800048828125,10.282999992370605,0.9690799713134766,86.66000366210938
2017-06-14,2372.639892578125,2437.919921875,1126.550048828125,2.138000011444092,10.640000343322754,2.570499897003174,33.778480529785156,44.72999954223633,96.94000244140625,1272.800048828125,10.232000350952148,0.9688199758529663,89.97000122070312
2017-06-15,2361.64990234375,2432.4599609375,1118.9000244140625,2.1619999408721924,10.899999618530273,2.563999891281128,33.42915725708008,44.459999084472656,97.43000030517578,1252.199951171875,10.220000267028809,0.971340000629425,89.94999694824219
2017-06-16,2361.830078125,2433.14990234375,1129.93994140625,2.1570000648498535,10.380000114440918,2.5625,33.48603820800781,44.7400016784668,97.16000366210938,1254.0,10.182000160217285,0.9752699732780457,87.0
2017-06-19,2370.89990234375,2453.4599609375,1131.1400146484375,2.190000057220459,10.369999885559082,2.5894999504089355,33.81909942626953,44.20000076293945,97.52999877929688,1244.199951171875,10.192000389099121,0.9729899764060974,85.2699966430664
2017-06-20,2369.22998046875,2437.030029296875,1135.72998046875,2.1530001163482666,10.859999656677246,2.555000066757202,33.4453125,43.22999954223633,97.75,1241.0,10.166000366210938,0.9760299921035767,89.19000244140625
2017-06-21,2357.530029296875,2435.610107421875,1140.8499755859375,2.1549999713897705,10.75,2.6019999980926514,33.518768310546875,42.529998779296875,97.55999755859375,1243.4000244140625,10.244000434875488,0.9746500253677368,88.06999969482422
2017-06-22,2370.3701171875,2434.5,1142.5,2.1530001163482666,10.479999542236328,2.5980000495910645,33.69015121459961,42.7400016784668,97.54000091552734,1247.5999755859375,10.26200008392334,0.9724500179290771,86.37999725341797
2017-06-23,2378.60009765625,2438.300048828125,1139.050048828125,2.1440000534057617,10.020000457763672,2.622999906539917,33.869712829589844,43.0099983215332,97.30000305175781,1256.199951171875,10.234000205993652,0.971809983253479,84.5199966430664
2017-06-26,2388.659912109375,2439.070068359375,1133.449951171875,2.13700008392334,9.899999618530273,2.625,34.19615936279297,43.380001068115234,97.43000030517578,1246.300048828125,10.1850004196167,0.9692999720573425,81.94000244140625
2017-06-27,2391.949951171875,2419.3798828125,1133.0799560546875,2.197999954223633,11.0600004196167,2.6465001106262207,33.796260833740234,44.2400016784668,96.47000122070312,1246.4000244140625,10.12600040435791,0.9723299741744995,87.30000305175781
2017-06-28,2382.56005859375,2440.68994140625,1139.9599609375,2.2209999561309814,10.029999732971191,2.6619999408721924,34.05742263793945,44.7400016784668,96.05000305175781,1248.0,10.157999992370605,0.9603999853134155,84.23999786376953
2017-06-29,2395.659912109375,2419.699951171875,1137.699951171875,2.2669999599456787,11.4399995803833,2.683000087738037,33.6248664855957,44.93000030517578,95.62999725341797,1244.199951171875,10.123000144958496,0.9592700004577637,93.77999877929688
2017-06-30,2391.7900390625,2423.409912109375,1146.1400146484375,2.302000045776367,11.180000305175781,2.6989998817443848,33.77993392944336,46.040000915527344,95.66000366210938,1240.699951171875,10.232000350952148,0.955299973487854,90.43000030517578
2017-07-03,2394.47998046875,2429.010009765625,1144.81005859375,2.3459999561309814,11.220000267028809,2.680999994277954,33.975799560546875,47.06999969482422,96.19999694824219,1217.9000244140625,10.196000099182129,0.958899974822998,93.30999755859375
2017-07-04,2380.52001953125,2429.010009765625,1149.5799560546875,2.3459999561309814,11.220000267028809,2.680999994277954,33.975799560546875,47.06999969482422,96.19999694824219,1217.9000244140625,10.135000228881836,0.9631400108337402,93.30999755859375
2017-07-05,2388.35009765625,2432.5400390625,1149.199951171875,2.3340001106262207,11.069999694824219,2.6489999294281006,33.9105110168457,45.130001068115234,96.29000091552734,1220.4000244140625,10.168999671936035,0.9639999866485596,91.9800033569336
2017-07-06,2387.81005859375,2409.75,1152.8499755859375,2.369999885559082,12.539999961853027,2.6514999866485596,33.50244140625,45.52000045776367,95.81999969482422,1222.199951171875,10.182000160217285,0.9642000198364258,100.20999908447266
2017-07-07,2379.8701171875,2425.179931640625,1156.3699951171875,2.3929998874664307,11.1899995803833,2.637500047683716,33.56774139404297,44.22999954223633,96.01000213623047,1208.5999755859375,10.217000007629395,0.960129976272583,92.5
2017-07-10,2382.10009765625,2427.429931640625,1153.81005859375,2.371000051498413,11.109999656677246,2.6394999027252197,33.88602066040039,44.400001525878906,96.05000305175781,1212.0999755859375,9.899499893188477,0.9634000062942505,89.69000244140625
2017-07-11,2396.0,2425.530029296875,1153.81005859375,2.361999988555908,10.890000343322754,2.6644999980926514,34.163516998291016,45.040000915527344,95.73999786376953,1213.5999755859375,9.899499893188477,0.9634000062942505,88.2300033569336
2017-07-12,2391.77001953125,2443.25,1147.969970703125,2.3269999027252197,10.300000190734863,2.677000045776367,34.82459259033203,45.4900016784668,95.79000091552734,1218.0999755859375,10.086000442504883,0.963100016117096,88.19000244140625
2017-07-13,2409.489990234375,2447.830078125,1137.1199951171875,2.3480000495910645,9.899999618530273,2.6545000076293945,34.9959831237793,46.08000183105469,95.7300033569336,1216.300048828125,10.029999732971191,0.964900016784668,85.68000030517578
2017-07-14,2414.6298828125,2459.27001953125,1136.6300048828125,2.319000005722046,9.510000228881836,2.684000015258789,35.43669891357422,46.540000915527344,95.11000061035156,1226.5999755859375,10.015999794006348,0.9667999744415283,82.19999694824219
2017-07-17,2425.10009765625,2459.139892578125,1127.510009765625,2.309000015258789,9.819999694824219,2.7170000076293945,35.27346420288086,46.02000045776367,95.12999725341797,1232.800048828125,10.027000427246094,0.9632899761199951,80.2699966430664
2017-07-18,2426.0400390625,2460.610107421875,1127.6600341796875,2.263000011444092,9.890000343322754,2.7235000133514404,35.37955856323242,46.400001525878906,94.66000366210938,1241.0999755859375,10.01099967956543,0.9629700183868408,79.13999938964844
2017-07-19,2429.93994140625,2473.830078125,1124.27001953125,2.2679998874664307,9.789999961853027,2.703000068664551,35.67336654663086,47.119998931884766,94.80000305175781,1241.199951171875,10.036999702453613,0.9550700187683105,77.95999908447266
2017-07-20,2441.840087890625,2473.449951171875,1123.5,2.2660000324249268,9.579999923706055,2.7084999084472656,35.632564544677734,46.790000915527344,94.2699966430664,1244.800048828125,10.039999961853027,0.9548199772834778,76.26000213623047
2017-07-21,2450.06005859375,2472.5400390625,1120.56005859375,2.2320001125335693,9.359999656677246,2.7149999141693115,35.60808181762695,45.77000045776367,93.94000244140625,1254.300048828125,10.01200008392334,0.9513999819755554,77.86000061035156
2017-07-24,2451.530029296875,2469.909912109375,1116.1099853515625,2.253999948501587,9.430000305175781,2.7290000915527344,35.714176177978516,46.34000015258789,93.9800033569336,1253.9000244140625,10.057999610900879,0.9447000026702881,78.23999786376953
2017-07-25,2439.89990234375,2477.1298828125,1113.9000244140625,2.3259999752044678,9.430000305175781,2.8405001163482666,35.62440490722656,47.88999938964844,94.05000305175781,1251.699951171875,10.01099967956543,0.9471499919891357,79.16999816894531
2017-07-26,2434.510009765625,2477.830078125,1119.239990234375,2.2820000648498535,9.600000381469727,2.86899995803833,35.918209075927734,48.75,93.66999816894531,1249.0,9.9891996383667,0.9527199864387512,82.33999633789062
2017-07-27,2443.239990234375,2475.419921875,1111.8499755859375,2.309999942779541,10.109999656677246,2.874000072479248,35.72234344482422,49.040000915527344,93.86000061035156,1259.5999755859375,9.999300003051758,0.9513700008392334,86.87000274658203
2017-07-28,2400.989990234375,2472.10009765625,1115.510009765625,2.2890000343322754,10.289999961853027,2.870500087738037,35.70602035522461,49.709999084472656,93.26000213623047,1268.4000244140625,10.038999557495117,0.9636899828910828,87.19999694824219
2017-07-31,2402.7099609375,2470.300048828125,1124.050048828125,2.2920000553131104,10.260000228881836,2.888000011444092,35.746822357177734,50.16999816894531,92.86000061035156,1266.5999755859375,10.168000221252441,0.9691699743270874,86.76000213623047
2017-08-01,2422.9599609375,2476.35009765625,1118.72998046875,2.250999927520752,10.09000015258789,2.878999948501587,35.85292434692383,49.15999984741211,93.02999877929688,1272.5999755859375,10.133999824523926,0.9672999978065491,84.55000305175781
2017-08-02,2427.6298828125,2477.570068359375,1120.3699951171875,2.26200008392334,10.279999732971191,2.882499933242798,35.88556671142578,49.59000015258789,92.83000183105469,1271.800048828125,10.140999794006348,0.9654099941253662,86.88999938964844
2017-08-03,2386.85009765625,2472.159912109375,1122.0999755859375,2.2279999256134033,10.4399995803833,2.877000093460083,35.73866653442383,49.029998779296875,92.80999755859375,1267.800048828125,10.128000259399414,0.9704399704933167,87.66000366210938
2017-08-04,2395.449951171875,2476.830078125,1127.25,2.2669999599456787,10.029999732971191,2.884999990463257,35.86924362182617,49.58000183105469,93.54000091552734,1258.300048828125,10.255999565124512,0.9677299857139587,87.38999938964844
2017-08-07,2398.75,2480.909912109375,1127.199951171875,2.256999969482422,9.930000305175781,2.9079999923706055,36.11408233642578,49.38999938964844,93.43000030517578,1258.199951171875,10.170999526977539,0.9727500081062317,90.01000213623047
2017-08-08,2394.72998046875,2474.919921875,1125.3499755859375,2.2829999923706055,10.960000038146973,2.942500114440918,36.12224578857422,49.16999816894531,93.63999938964844,1256.4000244140625,10.159000396728516,0.9734600186347961,98.68000030517578
2017-08-09,2368.389892578125,2474.02001953125,1126.0699462890625,2.240999937057495,11.109999656677246,2.930000066757202,35.7957878112793,49.560001373291016,93.5199966430664,1273.0,10.223999977111816,0.9729999899864197,106.7699966430664
2017-08-10,2359.469970703125,2438.2099609375,1138.22998046875,2.2119998931884766,16.040000915527344,2.9059998989105225,34.94700622558594,48.59000015258789,93.4000015258789,1283.699951171875,10.336999893188477,0.9635800123214722,135.32000732421875
2017-08-11,2319.7099609375,2441.320068359375,1143.52001953125,2.188999891281128,15.510000228881836,2.9140000343322754,35.028621673583984,48.81999969482422,93.06999969482422,1287.699951171875,10.479000091552734,0.9617000222206116,127.43000030517578
2017-08-14,2334.219970703125,2465.840087890625,1141.4599609375,2.2190001010894775,12.329999923706055,2.9065001010894775,35.387725830078125,47.59000015258789,93.45999908447266,1284.199951171875,10.447999954223633,0.9627100229263306,100.5999984741211
2017-08-15,2334.219970703125,2464.610107421875,1138.9200439453125,2.2660000324249268,12.039999961853027,2.884500026702881,35.428531646728516,47.54999923706055,93.8499984741211,1273.699951171875,10.355999946594238,0.972540020942688,96.70999908447266
2017-08-16,2348.260009765625,2468.110107421875,1135.1800537109375,2.2260000705718994,11.739999771118164,2.9544999599456787,35.7957878112793,46.779998779296875,93.48999786376953,1276.9000244140625,10.26099967956543,0.9721999764442444,94.81999969482422
2017-08-17,2361.669921875,2430.010009765625,1134.800048828125,2.1989998817443848,15.550000190734863,2.937999963760376,35.33875274658203,47.09000015258789,93.62000274658203,1286.4000244140625,10.314000129699707,0.9652000069618225,117.7699966430664
2017-08-18,2358.3701171875,2425.550048828125,1140.47998046875,2.194000005722046,14.260000228881836,2.940500020980835,35.640724182128906,48.5099983215332,93.43000030517578,1285.699951171875,10.425000190734863,0.9622399806976318,114.38999938964844
2017-08-21,2355.0,2428.3701171875,1139.06005859375,2.180000066757202,13.1899995803833,2.9809999465942383,35.77130889892578,47.369998931884766,93.0999984741211,1290.800048828125,10.418000221252441,0.965399980545044,101.38999938964844
2017-08-22,2365.330078125,2452.510009765625,1137.9300537109375,2.2149999141693115,11.350000381469727,2.9865000247955322,36.171207427978516,47.63999938964844,93.55000305175781,1285.0999755859375,10.442000389099121,0.9622499942779541,92.69999694824219
2017-08-23,2366.39990234375,2444.0400390625,1131.1600341796875,2.1710000038146973,12.25,2.9804999828338623,36.34260177612305,48.40999984741211,93.1500015258789,1288.9000244140625,10.307999610900879,0.9685400128364563,98.95999908447266
2017-08-24,2375.840087890625,2438.969970703125,1125.449951171875,2.194000005722046,12.229999542236328,3.0334999561309814,36.45685958862305,47.43000030517578,93.27999877929688,1286.5,10.331000328063965,0.9649500250816345,100.26000213623047
2017-08-25,2378.510009765625,2443.050048828125,1127.280029296875,2.1689999103546143,11.279999732971191,3.0329999923706055,36.6690559387207,47.869998931884766,92.73999786376953,1292.5,10.289999961853027,0.9651600122451782,95.52999877929688
2017-08-28,2370.300048828125,2444.239990234375,1120.800048828125,2.1589999198913574,11.319999694824219,3.065000057220459,36.53847885131836,46.56999969482422,92.20999908447266,1309.699951171875,10.225000381469727,0.9552000164985657,96.41999816894531
2017-08-29,2364.739990234375,2446.300048828125,1118.010009765625,2.135999917984009,11.699999809265137,3.0810000896453857,36.47317886352539,46.439998626708984,92.3499984741211,1313.0999755859375,10.279999732971191,0.9524499773979187,98.79000091552734
2017-08-30,2372.2900390625,2457.590087890625,1124.1400146484375,2.1429998874664307,11.220000267028809,3.064500093460083,36.530311584472656,45.959999084472656,92.87999725341797,1308.0999755859375,10.237000465393066,0.9556900262832642,98.9000015258789
2017-08-31,2363.18994140625,2471.64990234375,1123.3299560546875,2.121000051498413,10.59000015258789,3.0789999961853027,36.58745193481445,47.22999954223633,92.66999816894531,1316.199951171875,10.164999961853027,0.963699996471405,94.86000061035156
2017-09-01,2357.68994140625,2476.550048828125,1123.5400390625,2.1570000648498535,10.130000114440918,3.0980000495910645,36.85676574707031,47.290000915527344,92.80999755859375,1324.5,10.199000358581543,0.9593999981880188,93.5999984741211
2017-09-04,2329.64990234375,2476.550048828125,1118.949951171875,2.1570000648498535,10.130000114440918,3.0980000495910645,36.85676574707031,47.290000915527344,92.80999755859375,1324.5,10.187000274658203,0.9608299732208252,93.5999984741211
2017-09-05,2326.6201171875,2457.85009765625,1132.1300048828125,2.069999933242798,12.229999542236328,3.1075000762939453,36.37525177001953,48.65999984741211,92.30999755859375,1339.199951171875,10.307000160217285,0.9588199853897095,102.66000366210938
2017-09-06,2319.820068359375,2465.5400390625,1131.6500244140625,2.1080000400543213,11.630000114440918,3.131500005722046,36.61193084716797,49.15999984741211,92.29000091552734,1333.9000244140625,10.416999816894531,0.9534000158309937,99.61000061035156
2017-09-07,2346.18994140625,2465.10009765625,1131.52001953125,2.061000108718872,11.550000190734863,3.122999906539917,36.881248474121094,49.09000015258789,91.52999877929688,1345.0999755859375,10.36400032043457,0.9556099772453308,96.29000091552734
2017-09-08,2343.719970703125,2461.429931640625,1127.030029296875,2.061000108718872,12.119999885559082,3.0215001106262207,36.63641357421875,47.47999954223633,91.33000183105469,1346.0,10.404000282287598,0.9494900107383728,100.12000274658203
2017-09-11,2359.080078125,2488.110107421875,1132.8699951171875,2.125,10.729999542236328,3.0460000038146973,37.126094818115234,48.06999969482422,91.86000061035156,1331.0,10.46399974822998,0.9475700259208679,93.66000366210938
2017-09-12,2365.469970703125,2496.47998046875,1129.4300537109375,2.1710000038146973,10.579999923706055,3.015500068664551,37.08527755737305,48.22999954223633,91.91000366210938,1328.0,10.322999954223633,0.9562199711799622,92.38999938964844
2017-09-13,2360.179931640625,2498.3701171875,1127.5999755859375,2.194999933242798,10.5,2.9609999656677246,36.88942337036133,49.29999923706055,92.5199966430664,1323.4000244140625,10.227999687194824,0.9598000049591064,90.88999938964844
2017-09-14,2377.659912109375,2495.6201171875,1130.1300048828125,2.197000026702881,10.4399995803833,2.936500072479248,36.98735046386719,49.88999938964844,92.12000274658203,1324.699951171875,10.234000205993652,0.9636600017547607,92.08999633789062
2017-09-15,2386.070068359375,2500.22998046875,1133.1800537109375,2.2019999027252197,10.170000076293945,2.927999973297119,37.20771408081055,49.88999938964844,91.87000274658203,1320.4000244140625,10.305999755859375,0.9614199995994568,90.62999725341797
2017-09-18,2418.2099609375,2503.8701171875,1133.300048828125,2.2290000915527344,10.149999618530273,2.9489998817443848,37.33829879760742,49.90999984741211,92.05000305175781,1306.300048828125,10.189000129699707,0.9608299732208252,90.45999908447266
2017-09-19,2416.050048828125,2506.64990234375,1128.8199462890625,2.243000030517578,10.180000305175781,2.94950008392334,37.4199104309082,49.47999954223633,91.79000091552734,1306.199951171875,10.123000144958496,0.9614099860191345,91.22000122070312
2017-09-20,2412.199951171875,2508.239990234375,1130.3599853515625,2.2769999504089355,9.779999732971191,2.94950008392334,37.24851989746094,50.40999984741211,92.51000213623047,1312.0,10.128000259399414,0.9625200033187866,90.91000366210938
2017-09-21,2406.5,2500.60009765625,1131.1800537109375,2.2780001163482666,9.670000076293945,2.9140000343322754,37.24851989746094,50.54999923706055,92.26000213623047,1290.5999755859375,10.048999786376953,0.9715499877929688,92.31999969482422
2017-09-22,2406.5,2502.219970703125,1130.3499755859375,2.26200008392334,9.59000015258789,2.924499988555908,37.03632354736328,50.65999984741211,92.16999816894531,1293.300048828125,10.057999610900879,0.9702000021934509,93.29000091552734
2017-09-25,2380.39990234375,2496.659912109375,1132.1099853515625,2.2200000286102295,10.210000038146973,2.9175000190734863,36.40789031982422,52.220001220703125,92.6500015258789,1306.800048828125,10.083000183105469,0.9706900119781494,96.4000015258789
2017-09-26,2374.320068359375,2496.840087890625,1133.8199462890625,2.2290000915527344,10.170000076293945,2.8975000381469727,36.30995559692383,51.880001068115234,92.97000122070312,1297.0,10.142999649047852,0.9663000106811523,94.80999755859375
2017-09-27,2372.570068359375,2507.0400390625,1136.719970703125,2.309000015258789,9.869999885559082,2.9110000133514404,36.17938232421875,52.13999938964844,93.36000061035156,1283.4000244140625,10.112000465393066,0.9692999720573425,95.36000061035156
2017-09-28,2373.139892578125,2510.06005859375,1145.280029296875,2.309000015258789,9.550000190734863,2.9625000953674316,36.15489196777344,51.560001373291016,93.08999633789062,1285.5,10.142000198364258,0.9718499779701233,94.0999984741211
2017-09-29,2394.469970703125,2519.360107421875,1145.93994140625,2.3259999752044678,9.510000228881836,2.9375,36.57112121582031,51.66999816894531,93.08000183105469,1281.5,10.180000305175781,0.970579981803894,93.13999938964844
2017-10-02,2394.469970703125,2529.1201171875,1144.6600341796875,2.3369998931884766,9.449999809265137,2.939500093460083,36.579280853271484,50.58000183105469,93.55999755859375,1272.699951171875,10.163000106811523,0.9681000113487244,92.4800033569336
2017-10-03,2394.469970703125,2534.580078125,1142.300048828125,2.3340001106262207,9.510000228881836,2.948499917984009,37.15874481201172,50.41999816894531,93.56999969482422,1271.5,10.126999855041504,0.9743800163269043,91.58999633789062
2017-10-04,2394.469970703125,2537.739990234375,1141.969970703125,2.3299999237060547,9.630000114440918,2.944499969482422,37.15058517456055,49.97999954223633,93.45999908447266,1273.699951171875,10.114999771118164,0.9731400012969971,92.12000274658203
2017-10-05,2394.469970703125,2552.070068359375,1142.300048828125,2.3499999046325684,9.1899995803833,3.0315001010894775,37.42805862426758,50.790000915527344,93.95999908447266,1269.9000244140625,10.121999740600586,0.9751999974250793,91.79000091552734
2017-10-06,2394.469970703125,2549.330078125,1141.97998046875,2.369999885559082,9.649999618530273,3.0144999027252197,37.2403564453125,49.290000915527344,93.80000305175781,1271.5999755859375,10.123000144958496,0.9782000184059143,97.08999633789062
2017-10-09,2394.469970703125,2544.72998046875,1143.699951171875,2.3610000610351562,10.329999923706055,3.0169999599456787,37.21586608886719,49.58000183105469,93.73999786376953,1281.800048828125,10.159000396728516,0.9779000282287598,101.83000183105469
2017-10-10,2433.81005859375,2550.639892578125,1142.8199462890625,2.3450000286102295,10.079999923706055,3.0455000400543213,37.5831298828125,50.91999816894531,93.29000091552734,1290.5999755859375,10.142999649047852,0.9794999957084656,97.33000183105469
2017-10-11,2458.159912109375,2555.239990234375,1133.8599853515625,2.3450000286102295,9.850000381469727,3.0799999237060547,37.7545166015625,51.29999923706055,92.95999908447266,1285.800048828125,10.09000015258789,0.9745699763298035,99.22000122070312
2017-10-12,2474.760009765625,2550.929931640625,1131.489990234375,2.322999954223633,9.90999984741211,3.1040000915527344,37.73820495605469,50.599998474121094,93.12000274658203,1293.300048828125,10.0600004196167,0.973110020160675,97.7699966430664
2017-10-13,2473.6201171875,2553.169921875,1132.06005859375,2.2799999713897705,9.609999656677246,3.118499994277954,38.08097457885742,51.45000076293945,93.08999633789062,1301.5,10.083999633789062,0.9747999906539917,97.80000305175781
2017-10-16,2480.050048828125,2557.639892578125,1126.300048828125,2.306999921798706,9.90999984741211,3.2239999771118164,38.05648422241211,51.869998931884766,93.27999877929688,1299.9000244140625,10.064000129699707,0.9744799733161926,97.6500015258789
2017-10-17,2484.3701171875,2559.360107421875,1127.0799560546875,2.2980000972747803,10.3100004196167,3.180500030517578,37.860618591308594,51.880001068115234,93.48999786376953,1283.0,10.043000221252441,0.9750999808311462,98.73999786376953
2017-10-18,2482.909912109375,2561.260009765625,1129.93994140625,2.3389999866485596,10.069999694824219,3.1635000705718994,37.95040512084961,52.040000915527344,93.36000061035156,1279.9000244140625,10.065999984741211,0.9778900146484375,94.33999633789062
2017-10-19,2473.06005859375,2562.10009765625,1131.4000244140625,2.321000099182129,10.050000190734863,3.1530001163482666,37.61577606201172,51.290000915527344,93.2699966430664,1286.9000244140625,10.008999824523926,0.9810600280761719,93.33000183105469
2017-10-20,2489.5400390625,2575.2099609375,1127.8900146484375,2.38100004196167,9.970000267028809,3.1514999866485596,37.7545166015625,51.470001220703125,93.69999694824219,1277.4000244140625,10.005999565124512,0.9762499928474426,90.52999877929688
2017-10-23,2490.050048828125,2564.97998046875,1133.760009765625,2.375999927520752,11.069999694824219,3.1740000247955322,37.452552795410156,51.900001525878906,93.94000244140625,1277.699951171875,9.938899993896484,0.9860600233078003,97.08999633789062
2017-10-24,2490.489990234375,2569.1298828125,1129.02001953125,2.4059998989105225,11.15999984741211,3.186500072479248,37.452552795410156,52.470001220703125,93.95999908447266,1275.0,9.95740032196045,0.984499990940094,98.43000030517578
2017-10-25,2492.5,2557.14990234375,1129.72998046875,2.444000005722046,11.229999542236328,3.1714999675750732,37.370941162109375,52.18000030517578,93.70999908447266,1275.4000244140625,9.913000106811523,0.9905999898910522,100.16000366210938
2017-10-26,2480.6298828125,2560.39990234375,1126.469970703125,2.4519999027252197,11.300000190734863,3.1675000190734863,37.1179313659668,52.63999938964844,94.61000061035156,1266.300048828125,9.916600227355957,0.9887800216674805,97.7300033569336
2017-10-27,2496.6298828125,2581.070068359375,1128.489990234375,2.427999973297119,9.800000190734863,3.0934998989105225,37.656578063964844,53.900001525878906,94.91999816894531,1268.5,9.884900093078613,0.9980700016021729,92.77999877929688
2017-10-30,2501.929931640625,2572.830078125,1125.4599609375,2.369999885559082,10.5,3.1019999980926514,37.4199104309082,54.150001525878906,94.48999786376953,1274.0999755859375,9.89229965209961,0.9979900121688843,95.19000244140625
2017-10-31,2523.429931640625,2575.260009765625,1123.449951171875,2.375999927520752,10.180000305175781,3.0920000076293945,37.77083969116211,54.380001068115234,94.55000305175781,1267.0,9.939000129699707,0.9947199821472168,92.01000213623047
2017-11-01,2556.469970703125,2579.360107421875,1117.72998046875,2.375999927520752,10.199999809265137,3.132999897003174,37.96672439575195,54.29999923706055,94.81999969482422,1274.0999755859375,9.832099914550781,0.9973999857902527,92.0
2017-11-02,2546.360107421875,2579.85009765625,1109.949951171875,2.3469998836517334,9.930000305175781,3.135499954223633,38.015689849853516,54.540000915527344,94.69000244140625,1274.9000244140625,9.71660041809082,1.002560019493103,91.4800033569336
2017-11-03,2557.969970703125,2587.840087890625,1111.7099609375,2.3429999351501465,9.140000343322754,3.1105000972747803,37.8198127746582,55.63999938964844,94.94000244140625,1266.5,9.749199867248535,0.9992600083351135,89.68000030517578
2017-11-06,2549.409912109375,2591.1298828125,1114.800048828125,2.319999933242798,9.399999618530273,3.1505000591278076,38.24420928955078,57.349998474121094,94.72000122070312,1279.4000244140625,9.761699676513672,1.0002000331878662,91.25
2017-11-07,2545.43994140625,2590.639892578125,1113.75,2.306999921798706,9.890000343322754,3.0824999809265137,37.999366760253906,57.20000076293945,94.91000366210938,1273.699951171875,9.787699699401855,0.9976999759674072,93.44999694824219
2017-11-08,2552.39990234375,2594.3798828125,1112.52001953125,2.325000047683716,9.779999732971191,3.0929999351501465,38.17892074584961,56.810001373291016,94.87000274658203,1281.5999755859375,9.777299880981445,0.998199999332428,97.73999786376953
2017-11-09,2550.570068359375,2584.6201171875,1113.1099853515625,2.3310000896453857,10.5,3.0799999237060547,37.94223403930664,57.16999816894531,94.44000244140625,1285.5999755859375,9.766400337219238,0.9998000264167786,98.81999969482422
2017-11-10,2542.949951171875,2582.300048828125,1116.8499755859375,2.4000000953674316,11.289999961853027,3.069499969482422,37.77900695800781,56.7400016784668,94.38999938964844,1272.4000244140625,9.85669994354248,0.9938899874687195,104.76000213623047
2017-11-13,2530.35009765625,2584.840087890625,1118.31005859375,2.4000000953674316,11.5,3.1115000247955322,37.6973876953125,56.7599983215332,94.48999786376953,1277.300048828125,9.833100318908691,0.996399998664856,106.30000305175781
2017-11-14,2526.639892578125,2578.8701171875,1119.4599609375,2.38100004196167,11.59000015258789,3.059999942779541,37.44438934326172,55.70000076293945,93.83000183105469,1281.5,9.85219955444336,0.9963399767875671,103.18000030517578
2017-11-15,2518.25,2564.6201171875,1115.77001953125,2.3350000381469727,13.130000114440918,3.0490000247955322,37.24851989746094,55.33000183105469,93.80999755859375,1276.5,9.835800170898438,0.9895200133323669,106.2699966430664
2017-11-16,2534.7900390625,2585.639892578125,1115.77001953125,2.3610000610351562,11.760000228881836,3.0434999465942383,38.02385330200195,55.13999938964844,93.93000030517578,1277.4000244140625,9.835800170898438,0.9895200133323669,100.1500015258789
2017-11-17,2533.989990234375,2578.85009765625,1096.3900146484375,2.3540000915527344,11.430000305175781,3.0625,38.2115592956543,56.54999923706055,93.66000366210938,1295.800048828125,9.697099685668945,0.9935200214385986,97.12000274658203
2017-11-20,2527.669921875,2582.139892578125,1092.56005859375,2.371999979019165,10.649999618530273,3.0905001163482666,38.407432556152344,56.09000015258789,94.08000183105469,1274.5999755859375,9.586000442504883,0.9896000027656555,93.76000213623047
2017-11-21,2530.699951171875,2599.030029296875,1096.0,2.36299991607666,9.729999542236328,3.125499963760376,38.92159652709961,56.83000183105469,93.94999694824219,1281.0999755859375,9.734600067138672,0.9930999875068665,89.2699966430664
2017-11-22,2540.510009765625,2597.080078125,1091.260009765625,2.322000026702881,9.880000114440918,3.134500026702881,39.0195426940918,58.02000045776367,93.22000122070312,1291.5999755859375,9.709699630737305,0.9905999898910522,86.41999816894531
2017-11-23,2537.14990234375,2597.080078125,1085.31005859375,2.322000026702881,9.880000114440918,3.134500026702881,39.0195426940918,58.02000045776367,93.22000122070312,1291.5999755859375,9.74899959564209,0.9820899963378906,86.41999816894531
2017-11-24,2544.330078125,2602.419921875,1082.5899658203125,2.3399999141693115,9.670000076293945,3.1659998893737793,38.93791961669922,58.95000076293945,92.76000213623047,1286.699951171875,9.728799819946289,0.9815700054168701,86.31999969482422
2017-11-27,2507.81005859375,2601.419921875,1084.949951171875,2.328000068664551,9.869999885559082,3.132499933242798,38.36662673950195,58.11000061035156,92.9000015258789,1293.800048828125,9.714500427246094,0.9803000092506409,86.58000183105469
2017-11-28,2514.18994140625,2627.0400390625,1090.06005859375,2.3380000591278076,10.029999732971191,3.070499897003174,38.65227508544922,57.9900016784668,93.26000213623047,1294.699951171875,9.803600311279297,0.9812999963760376,85.7300033569336
2017-11-29,2512.89990234375,2626.070068359375,1083.449951171875,2.375999927520752,10.699999809265137,3.0399999618530273,38.0401725769043,57.29999923706055,93.26000213623047,1282.0999755859375,9.703800201416016,0.9840999841690063,89.56999969482422
2017-11-30,2476.3701171875,2647.580078125,1080.6600341796875,2.4170000553131104,11.279999732971191,3.0369999408721924,37.623939514160156,57.400001525878906,93.01000213623047,1273.199951171875,9.646499633789062,0.9844499826431274,89.94000244140625
2017-12-01,2475.409912109375,2642.219970703125,1087.22998046875,2.361999988555908,11.430000305175781,3.065500020980835,37.4117431640625,58.36000061035156,92.9000015258789,1278.800048828125,9.656000137329102,0.9837999939918518,95.02999877929688
2017-12-04,2501.669921875,2639.43994140625,1082.510009765625,2.378999948501587,11.680000305175781,3.062999963760376,37.485198974609375,57.470001220703125,93.19000244140625,1274.300048828125,9.614299774169922,0.9820299744606018,97.56999969482422
2017-12-05,2510.1201171875,2629.570068359375,1085.22998046875,2.3559999465942383,11.329999923706055,2.9205000400543213,37.46072006225586,57.619998931884766,93.37999725341797,1261.5999755859375,9.642200469970703,0.9846000075340271,97.94999694824219
2017-12-06,2474.3701171875,2629.27001953125,1085.22998046875,2.3299999237060547,11.020000457763672,2.936500072479248,36.954708099365234,55.959999084472656,93.61000061035156,1262.800048828125,9.645099639892578,0.9873999953269958,98.16999816894531
2017-12-07,2461.97998046875,2636.97998046875,1092.5699462890625,2.375999927520752,10.15999984741211,2.940500020980835,37.06079864501953,56.689998626708984,93.80000305175781,1249.800048828125,9.727800369262695,0.9892200231552124,95.83000183105469
2017-12-08,2464.0,2651.5,1092.43994140625,2.382999897003174,9.579999923706055,2.9549999237060547,37.49335861206055,57.36000061035156,93.9000015258789,1245.199951171875,9.649800300598145,0.9947100281715393,91.88999938964844
2017-12-11,2471.489990234375,2659.989990234375,1091.8199462890625,2.384999990463257,9.34000015258789,2.98799991607666,37.681068420410156,57.9900016784668,93.87000274658203,1243.699951171875,9.371899604797363,0.9928699731826782,92.05999755859375
2017-12-12,2461.0,2664.110107421875,1087.8299560546875,2.4030001163482666,9.920000076293945,2.999500036239624,37.42805862426758,57.13999938964844,94.0999984741211,1238.5,9.578300476074219,0.9913899898529053,93.2699966430664
2017-12-13,2480.550048828125,2662.85009765625,1091.260009765625,2.3489999771118164,10.180000305175781,3.0295000076293945,37.87694549560547,56.599998474121094,93.43000030517578,1245.4000244140625,9.60830020904541,0.9914000034332275,95.55999755859375
2017-12-14,2469.47998046875,2652.010009765625,1084.1800537109375,2.3459999561309814,10.489999771118164,3.0485000610351562,37.59945297241211,57.040000915527344,93.48999786376953,1253.800048828125,9.611200332641602,0.9855300188064575,96.06999969482422
2017-12-15,2482.070068359375,2675.81005859375,1087.8199462890625,2.3550000190734863,9.420000076293945,3.109999895095825,37.681068420410156,57.29999923706055,93.93000030517578,1254.300048828125,9.677800178527832,0.9886999726295471,92.19999694824219
2017-12-18,2481.8798828125,2690.159912109375,1089.030029296875,2.3919999599456787,9.529999732971191,3.121999979019165,38.105464935302734,57.15999984741211,93.69999694824219,1262.199951171875,9.659299850463867,0.9910399913787842,90.63999938964844
2017-12-19,2478.530029296875,2681.469970703125,1085.3800048828125,2.4630000591278076,10.029999732971191,3.127500057220459,37.90414047241211,57.459999084472656,93.47000122070312,1260.699951171875,9.640399932861328,0.985539972782135,93.58000183105469
2017-12-20,2478.530029296875,2679.25,1084.199951171875,2.496999979019165,9.720000267028809,3.1714999675750732,37.95383834838867,58.09000015258789,93.3499984741211,1266.0999755859375,9.59469985961914,0.9854000210762024,92.86000061035156
2017-12-21,2429.830078125,2684.570068359375,1079.9599609375,2.4809999465942383,9.619999885559082,3.194499969482422,38.202392578125,58.36000061035156,93.27999877929688,1267.300048828125,9.536499977111816,0.986240029335022,92.20999908447266
2017-12-22,2440.5400390625,2683.340087890625,1080.2099609375,2.484999895095825,9.899999618530273,3.2144999504089355,38.5255126953125,58.470001220703125,93.3499984741211,1275.4000244140625,9.530900001525879,0.98853999376297,94.9000015258789
2017-12-25,2440.5400390625,2683.340087890625,1077.1099853515625,2.484999895095825,9.899999618530273,3.2144999504089355,38.5255126953125,58.470001220703125,93.3499984741211,1275.4000244140625,9.505800247192383,0.989080011844635,94.9000015258789
2017-12-26,2427.340087890625,2680.5,1076.3599853515625,2.4670000076293945,10.25,3.25600004196167,38.492374420166016,59.970001220703125,93.26000213623047,1284.0999755859375,9.285099983215332,0.9889000058174133,97.55999755859375
2017-12-27,2436.669921875,2682.6201171875,1075.0400390625,2.4140000343322754,10.470000267028809,3.256999969482422,38.591796875,59.63999938964844,93.02999877929688,1287.0,9.493399620056152,0.9897000193595886,97.08000183105469
2017-12-28,2467.489990234375,2687.5400390625,1073.550048828125,2.431999921798706,10.180000305175781,3.2860000133514404,38.85690689086914,59.84000015258789,92.5999984741211,1294.0999755859375,9.477899551391602,0.98580002784729,97.25
2017-12-29,2467.489990234375,2673.610107421875,1069.489990234375,2.4049999713897705,11.039999961853027,3.2795000076293945,39.0391845703125,60.41999816894531,92.12000274658203,1306.300048828125,9.472200393676758,0.9786999821662903,100.76000213623047
2018-01-01,2467.489990234375,2673.610107421875,1066.0699462890625,2.4049999713897705,11.039999961853027,3.2795000076293945,39.0391845703125,60.41999816894531,92.12000274658203,1306.300048828125,9.456199645996094,0.9737300276756287,100.76000213623047
2018-01-02,2479.64990234375,2695.81005859375,1065.219970703125,2.4649999141693115,9.770000457763672,3.25600004196167,39.77656173706055,60.369998931884766,91.8499984741211,1313.699951171875,9.443300247192383,0.9747200012207031,97.36000061035156
2018-01-03,2486.35009765625,2713.06005859375,1062.5400390625,2.447000026702881,9.149999618530273,3.236999988555908,40.15766525268555,61.630001068115234,92.16000366210938,1316.199951171875,9.463399887084961,0.9714599847793579,94.4000015258789
2018-01-04,2466.4599609375,2723.989990234375,1063.93994140625,2.453000068664551,9.220000267028809,3.242500066757202,40.356502532958984,62.0099983215332,91.8499984741211,1319.4000244140625,9.445500373840332,0.9771400094032288,94.20999908447266
2018-01-05,2497.52001953125,2743.14990234375,1061.0799560546875,2.4760000705718994,9.220000267028809,3.2070000171661377,40.70448303222656,61.439998626708984,91.94999694824219,1320.300048828125,9.40530014038086,0.974399983882904,93.0999984741211
2018-01-08,2513.280029296875,2747.7099609375,1060.5,2.4800000190734863,9.520000457763672,3.2009999752044678,40.70448303222656,61.72999954223633,92.33000183105469,1318.5999755859375,9.369400024414062,0.975059986114502,93.97000122070312
2018-01-09,2510.22998046875,2751.2900390625,1067.68994140625,2.5460000038146973,10.079999923706055,3.194499969482422,40.638206481933594,62.959999084472656,92.52999877929688,1311.699951171875,9.432600021362305,0.977370023727417,94.73999786376953
2018-01-10,2499.75,2748.22998046875,1071.739990234375,2.549999952316284,9.819999694824219,3.2149999141693115,40.38136672973633,63.56999969482422,92.33000183105469,1317.4000244140625,9.503100395202637,0.983780026435852,93.69999694824219
2018-01-11,2487.909912109375,2767.56005859375,1069.6700439453125,2.5309998989105225,9.880000114440918,3.2135000228881836,40.62992477416992,63.79999923706055,91.8499984741211,1320.5999755859375,9.596599578857422,0.977649986743927,92.23999786376953
2018-01-12,2496.419921875,2786.239990234375,1065.1400146484375,2.552000045776367,10.15999984741211,3.200000047683716,41.01930236816406,64.30000305175781,90.97000122070312,1333.4000244140625,9.567000389099121,0.9756699800491333,92.22000122070312
2018-01-15,2503.72998046875,2786.239990234375,1055.800048828125,2.552000045776367,10.15999984741211,3.200000047683716,41.01930236816406,64.30000305175781,90.97000122070312,1333.4000244140625,9.292499542236328,0.9678999781608582,92.22000122070312
2018-01-16,2521.739990234375,2776.419921875,1061.8199462890625,2.5439999103546143,11.65999984741211,3.1989998817443848,40.86189651489258,63.72999954223633,90.38999938964844,1335.4000244140625,9.599699974060059,0.9630699753761292,106.48999786376953
2018-01-17,2515.429931640625,2802.56005859375,1062.4599609375,2.578000068664551,11.90999984741211,3.1665000915527344,41.400428771972656,63.970001220703125,90.54000091552734,1338.0,9.621600151062012,0.9591000080108643,102.62999725341797
2018-01-18,2515.81005859375,2798.030029296875,1066.56005859375,2.6110000610351562,12.220000267028809,3.177000045776367,41.45013427734375,63.95000076293945,90.5,1326.0,9.577400207519531,0.9650499820709229,103.68000030517578
2018-01-19,2520.260009765625,2810.300048828125,1069.68994140625,2.63700008392334,11.270000457763672,3.1670000553131104,41.789817810058594,63.369998931884766,90.56999969482422,1331.9000244140625,9.633199691772461,0.9587699770927429,101.58999633789062
2018-01-22,2502.110107421875,2832.969970703125,1066.3599853515625,2.6649999618530273,11.029999732971191,3.177500009536743,42.03008270263672,63.4900016784668,90.4000015258789,1330.9000244140625,9.421799659729004,0.9613999724388123,99.68000030517578
2018-01-23,2536.60009765625,2839.1298828125,1068.81005859375,2.624000072479248,11.100000381469727,3.0894999504089355,42.22893524169922,64.47000122070312,90.12000274658203,1335.699951171875,9.629300117492676,0.9620500206947327,98.58999633789062
2018-01-24,2538.0,2837.5400390625,1072.760009765625,2.6540000438690186,11.470000267028809,3.2084999084472656,42.58518981933594,65.61000061035156,89.20999908447266,1355.9000244140625,9.740400314331055,0.9565799832344055,99.7699966430664
2018-01-25,2562.22998046875,2839.25,1064.4000244140625,2.621000051498413,11.579999923706055,3.1989998817443848,42.560333251953125,65.51000213623047,89.38999938964844,1362.4000244140625,9.734299659729004,0.9463199973106384,101.77999877929688
2018-01-26,2574.760009765625,2872.8701171875,1064.8900146484375,2.6619999408721924,11.079999923706055,3.182499885559082,43.148582458496094,66.13999938964844,89.06999969482422,1351.5999755859375,9.704299926757812,0.9417999982833862,98.6500015258789
2018-01-29,2598.18994140625,2853.530029296875,1063.1300048828125,2.6989998817443848,13.84000015258789,3.182499885559082,42.49406051635742,65.55999755859375,89.30999755859375,1351.5999755859375,9.783499717712402,0.9336599707603455,110.01000213623047
2018-01-30,2567.739990234375,2822.429931640625,1069.7900390625,2.7260000705718994,14.789999961853027,3.177000045776367,41.914100646972656,64.5,89.19000244140625,1335.4000244140625,9.818099975585938,0.9372000098228455,113.4800033569336
2018-01-31,2566.4599609375,2823.81005859375,1072.5400390625,2.7200000286102295,13.539999961853027,3.184000015258789,42.27864074707031,64.7300033569336,89.12999725341797,1339.0,9.862700462341309,0.9345899820327759,108.41000366210938
2018-02-01,2568.5400390625,2821.97998046875,1069.02001953125,2.7730000019073486,13.470000267028809,3.197000026702881,41.706974029541016,65.80000305175781,88.66999816894531,1344.300048828125,9.7878999710083,0.9309999942779541,105.7699966430664
2018-02-02,2525.389892578125,2762.1298828125,1071.1800537109375,2.8540000915527344,17.309999465942383,3.176500082015991,40.638206481933594,65.44999694824219,89.19999694824219,1333.699951171875,9.790900230407715,0.9259799718856812,125.51000213623047
2018-02-05,2491.75,2648.93994140625,1090.010009765625,2.7939999103546143,37.31999969482422,3.2105000019073486,39.213172912597656,64.1500015258789,89.55000305175781,1333.0,9.903499603271484,0.9310799837112427,177.33999633789062
2018-02-06,2453.31005859375,2695.139892578125,1093.300048828125,2.7679998874664307,29.979999542236328,3.177500009536743,40.48906707763672,63.38999938964844,89.58999633789062,1326.0999755859375,10.02299976348877,0.9312000274658203,161.1199951171875
2018-02-07,2396.56005859375,2681.659912109375,1079.260009765625,2.8440001010894775,27.729999542236328,3.0764999389648438,39.213172912597656,61.790000915527344,90.26000213623047,1311.5999755859375,9.843899726867676,0.9360600113868713,159.02999877929688
2018-02-08,2407.6201171875,2581.0,1089.4200439453125,2.8510000705718994,33.459999084472656,3.072000026702881,37.85441970825195,61.150001525878906,90.2300033569336,1316.9000244140625,9.97089958190918,0.9427000284194946,180.61000061035156
2018-02-09,2363.77001953125,2619.550048828125,1095.8599853515625,2.8289999961853027,29.059999465942383,3.0244998931884766,38.45923614501953,59.20000076293945,90.44000244140625,1313.0999755859375,10.095000267028809,0.9350799918174744,167.27999877929688
2018-02-12,2385.3798828125,2656.0,1083.1700439453125,2.8570001125335693,25.610000610351562,3.077500104904175,39.06404495239258,59.290000915527344,90.20999908447266,1324.199951171875,9.95300006866455,0.9394999742507935,140.8000030517578
2018-02-13,2395.18994140625,2662.93994140625,1082.6099853515625,2.8399999141693115,24.969999313354492,3.1545000076293945,39.362300872802734,59.189998626708984,89.69999694824219,1328.0999755859375,9.959199905395508,0.9384999871253967,136.5800018310547
2018-02-14,2421.830078125,2698.6298828125,1083.77001953125,2.9130001068115234,19.260000228881836,3.2284998893737793,40.34822463989258,60.599998474121094,89.12000274658203,1355.5,10.057000160217285,0.935230016708374,124.48999786376953
2018-02-15,2421.830078125,2731.199951171875,1070.010009765625,2.8910000324249268,19.1299991607666,3.239000082015991,41.176734924316406,61.34000015258789,88.58999633789062,1352.0999755859375,10.039999961853027,0.9274899959564209,122.76000213623047
2018-02-16,2421.830078125,2732.219970703125,1063.0699462890625,2.877000093460083,19.459999084472656,3.243000030517578,41.04417419433594,61.68000030517578,89.0999984741211,1353.199951171875,10.017000198364258,0.921999990940094,121.19999694824219
2018-02-19,2442.820068359375,2732.219970703125,1065.6300048828125,2.877000093460083,19.459999084472656,3.243000030517578,41.04417419433594,61.68000030517578,89.0999984741211,1353.199951171875,10.027000427246094,0.9272099733352661,121.19999694824219
2018-02-20,2415.1201171875,2716.260009765625,1066.7099609375,2.8929998874664307,20.600000381469727,3.186000108718872,40.48078536987305,61.900001525878906,89.72000122070312,1328.800048828125,9.996100425720215,0.9294000267982483,122.58000183105469
2018-02-21,2429.64990234375,2701.330078125,1072.5400390625,2.943000078201294,20.020000457763672,3.2114999294281006,40.4476432800293,61.68000030517578,90.08000183105469,1330.0,9.985799789428711,0.9363999962806702,125.7300033569336
2018-02-22,2414.280029296875,2703.9599609375,1074.8599853515625,2.9170000553131104,18.719999313354492,3.237499952316284,40.472503662109375,62.77000045776367,89.75,1330.5999755859375,9.985899925231934,0.9386600255966187,116.9800033569336
2018-02-23,2451.52001953125,2747.300048828125,1080.0799560546875,2.871000051498413,16.489999771118164,3.2084999084472656,41.193302154541016,63.54999923706055,89.87999725341797,1328.199951171875,10.112000465393066,0.9330599904060364,110.19000244140625
2018-02-26,2457.64990234375,2779.60009765625,1075.0,2.8589999675750732,15.800000190734863,3.196000099182129,41.57441329956055,63.90999984741211,89.81999969482422,1330.699951171875,9.837400436401367,0.9370599985122681,107.68000030517578
2018-02-27,2456.139892578125,2744.280029296875,1069.699951171875,2.9079999923706055,18.59000015258789,3.1575000286102295,40.36479187011719,63.0099983215332,90.36000061035156,1315.5,9.98840045928955,0.9386000037193298,119.5
2018-02-28,2427.360107421875,2713.830078125,1079.3900146484375,2.868000030517578,19.850000381469727,3.1075000762939453,39.78484344482422,61.63999938964844,90.61000061035156,1315.5,10.055999755859375,0.9393600225448608,121.69999694824219
2018-03-01,2427.360107421875,2677.669921875,1085.3499755859375,2.803999900817871,22.469999313354492,3.0994999408721924,39.71028137207031,60.9900016784668,90.31999969482422,1302.9000244140625,10.175999641418457,0.9442999958992004,128.13999938964844
2018-03-02,2402.159912109375,2691.25,1081.949951171875,2.8570001125335693,19.59000015258789,3.1010000705718994,39.8759765625,61.25,89.94000244140625,1321.0999755859375,10.189000129699707,0.9414899945259094,114.77999877929688
2018-03-05,2375.06005859375,2720.93994140625,1079.2099609375,2.88100004196167,18.729999542236328,3.1054999828338623,39.9339714050293,62.56999969482422,90.08000183105469,1318.0999755859375,10.220999717712402,0.9371299743652344,109.66000366210938
2018-03-06,2411.409912109375,2728.1201171875,1076.6600341796875,2.877000093460083,18.360000610351562,3.13700008392334,40.30680465698242,62.599998474121094,89.62000274658203,1333.5999755859375,10.130999565124512,0.9397000074386597,104.61000061035156
2018-03-07,2401.820068359375,2726.800048828125,1063.1600341796875,2.882999897003174,17.760000228881836,3.114000082015991,40.34822463989258,61.150001525878906,89.63999938964844,1326.0,10.071999549865723,0.9382399916648865,99.48999786376953
2018-03-08,2433.080078125,2738.969970703125,1066.1500244140625,2.865999937057495,16.540000915527344,3.058500051498413,40.356502532958984,60.119998931884766,90.12000274658203,1319.9000244140625,10.038000106811523,0.9434199929237366,96.91999816894531
2018-03-09,2459.449951171875,2786.570068359375,1073.4599609375,2.8940000534057617,14.640000343322754,3.115999937057495,41.2181510925293,62.040000915527344,90.08999633789062,1322.4000244140625,10.085000038146973,0.9513900279998779,99.70999908447266
2018-03-12,2484.1201171875,2783.02001953125,1064.050048828125,2.869999885559082,15.779999732971191,3.1040000915527344,41.31757736206055,61.36000061035156,89.9000015258789,1319.4000244140625,9.952400207519531,0.9508000016212463,104.94000244140625
2018-03-13,2494.489990234375,2765.31005859375,1063.8599853515625,2.8480000495910645,16.350000381469727,3.11899995803833,40.94474411010742,60.709999084472656,89.66000366210938,1325.9000244140625,10.006999969482422,0.94718998670578,107.04000091552734
2018-03-14,2486.080078125,2749.47998046875,1066.4000244140625,2.816999912261963,17.229999542236328,3.140000104904175,41.01103210449219,60.959999084472656,89.69999694824219,1324.4000244140625,10.01099967956543,0.943310022354126,110.29000091552734
2018-03-15,2492.3798828125,2747.330078125,1062.550048828125,2.8259999752044678,16.59000015258789,3.1110000610351562,40.86189651489258,61.189998626708984,90.13999938964844,1316.800048828125,10.005999565124512,0.9444299936294556,109.27999877929688
2018-03-16,2493.969970703125,2752.010009765625,1068.75,2.8480000495910645,15.800000190734863,3.0929999351501465,40.7707633972168,62.34000015258789,90.2300033569336,1311.300048828125,10.050000190734863,0.9513000249862671,106.48999786376953
2018-03-19,2475.030029296875,2712.919921875,1070.2099609375,2.8450000286102295,19.020000457763672,3.069499969482422,40.33165740966797,62.060001373291016,89.9000015258789,1316.800048828125,10.100000381469727,0.9527999758720398,112.91999816894531
2018-03-20,2485.52001953125,2716.93994140625,1072.1600341796875,2.878999948501587,18.200000762939453,3.0255000591278076,40.77904510498047,63.400001525878906,90.37000274658203,1311.0999755859375,10.114999771118164,0.9509000182151794,107.12999725341797
2018-03-21,2484.969970703125,2711.929931640625,1070.550048828125,2.9070000648498535,17.860000610351562,3.0485000610351562,41.01930236816406,65.16999816894531,89.77999877929688,1320.699951171875,10.052000045776367,0.9559400081634521,106.5999984741211
2018-03-22,2496.02001953125,2643.68994140625,1063.9599609375,2.8320000171661377,23.34000015258789,3.01200008392334,39.652278900146484,64.30000305175781,89.86000061035156,1326.5999755859375,10.041000366210938,0.9485700130462646,125.12000274658203
2018-03-23,2416.760009765625,2588.260009765625,1079.9000244140625,2.8299999237060547,24.8700008392334,2.984499931335449,38.848636627197266,65.87999725341797,89.44000244140625,1349.300048828125,10.286999702453613,0.946370005607605,129.82000732421875
2018-03-26,2437.080078125,2658.550048828125,1082.530029296875,2.8429999351501465,21.030000686645508,2.9605000019073486,40.10795593261719,65.55000305175781,89.02999877929688,1354.4000244140625,10.324000358581543,0.9469000101089478,113.08000183105469
2018-03-27,2452.06005859375,2612.6201171875,1074.300048828125,2.7860000133514404,22.5,2.991499900817871,39.37887191772461,65.25,89.37000274658203,1341.300048828125,10.180000305175781,0.9448000192642212,118.61000061035156
2018-03-28,2419.2900390625,2605.0,1074.1199951171875,2.7750000953674316,22.8700008392334,2.99399995803833,39.18003845214844,64.37999725341797,90.05999755859375,1324.199951171875,10.182000160217285,0.9465000033378601,114.0199966430664
2018-03-29,2436.3701171875,2640.8701171875,1063.4100341796875,2.740999937057495,19.969999313354492,3.0190000534057617,40.00025939941406,64.94000244140625,90.1500015258789,1322.800048828125,9.952799797058105,0.9566400051116943,103.31999969482422
2018-03-30,2445.85009765625,2640.8701171875,1062.0,2.740999937057495,19.969999313354492,3.0190000534057617,40.00025939941406,64.94000244140625,90.1500015258789,1322.800048828125,9.971099853515625,0.9559999704360962,103.31999969482422
2018-04-02,2444.159912109375,2581.8798828125,1060.989990234375,2.7320001125335693,23.6200008392334,3.0404999256134033,39.279457092285156,63.0099983215332,90.05000305175781,1342.0999755859375,9.978400230407715,0.9545999765396118,111.66999816894531
2018-04-03,2442.429931640625,2614.449951171875,1056.1600341796875,2.7839999198913574,21.100000381469727,3.058000087738037,39.668853759765625,63.5099983215332,90.19999694824219,1332.800048828125,9.841899871826172,0.9549999833106995,102.05999755859375
2018-04-04,2408.06005859375,2644.68994140625,1053.72998046875,2.7880001068115234,20.059999465942383,3.006999969482422,39.685420989990234,63.369998931884766,90.13999938964844,1335.800048828125,9.897500038146973,0.9584199786186218,95.44000244140625
2018-04-05,2437.52001953125,2662.840087890625,1057.4300537109375,2.8320000171661377,18.940000534057617,3.069499969482422,39.78484344482422,63.540000915527344,90.45999908447266,1324.300048828125,9.901000022888184,0.9601100087165833,92.20999908447266
2018-04-06,2429.580078125,2604.469970703125,1061.6400146484375,2.7750000953674316,21.489999771118164,3.053999900817871,39.006046295166016,62.060001373291016,90.11000061035156,1331.9000244140625,9.91510009765625,0.961899995803833,98.5999984741211
2018-04-09,2444.080078125,2613.159912109375,1070.4599609375,2.7860000133514404,21.770000457763672,3.071500062942505,39.047481536865234,63.41999816894531,89.83999633789062,1336.300048828125,10.005000114440918,0.9592199921607971,100.23999786376953
2018-04-10,2450.739990234375,2656.8701171875,1068.77001953125,2.796999931335449,20.469999313354492,3.13100004196167,39.809688568115234,65.51000213623047,89.58999633789062,1342.0,10.008999824523926,0.9561300277709961,98.20999908447266
2018-04-11,2444.219970703125,2642.18994140625,1063.3800048828125,2.7899999618530273,20.239999771118164,3.111999988555908,39.82626724243164,66.81999969482422,89.56999969482422,1356.5,9.926199913024902,0.9563400149345398,100.0199966430664
2018-04-12,2442.7099609375,2663.989990234375,1065.75,2.8340001106262207,18.489999771118164,3.059999942779541,39.809688568115234,67.06999969482422,89.75,1338.4000244140625,9.97350025177002,0.9574000239372253,98.08000183105469
2018-04-13,2455.070068359375,2656.300048828125,1069.97998046875,2.8289999961853027,17.40999984741211,3.067500114440918,39.41201400756836,67.38999938964844,89.80000305175781,1344.800048828125,9.976900100708008,0.9623200297355652,93.94000244140625
2018-04-16,2457.489990234375,2677.840087890625,1070.6600341796875,2.8320000171661377,16.559999465942383,3.0915000438690186,39.46172332763672,66.22000122070312,89.43000030517578,1347.5,9.958499908447266,0.9630699753761292,93.22000122070312
2018-04-17,2453.77001953125,2706.389892578125,1069.52001953125,2.813999891281128,15.25,3.075000047683716,39.5445671081543,66.5199966430664,89.5199966430664,1347.199951171875,9.988100051879883,0.9594299793243408,89.58999633789062
2018-04-18,2479.97998046875,2708.639892578125,1066.0899658203125,2.867000102996826,15.600000381469727,3.1535000801086426,39.88425827026367,68.47000122070312,89.62000274658203,1351.199951171875,9.958100318908691,0.9664000272750854,92.41000366210938
2018-04-19,2486.10009765625,2693.1298828125,1064.0699462890625,2.9140000343322754,15.960000038146973,3.128000020980835,39.652278900146484,68.29000091552734,89.94000244140625,1346.800048828125,9.912500381469727,0.968500018119812,95.37999725341797
2018-04-20,2476.330078125,2670.139892578125,1066.239990234375,2.9509999752044678,16.8799991607666,3.131500005722046,39.155174255371094,68.37999725341797,90.31999969482422,1336.699951171875,9.921699523925781,0.9715099930763245,99.20999908447266
2018-04-23,2474.110107421875,2670.2900390625,1071.4100341796875,2.9730000495910645,16.34000015258789,3.1080000400543213,38.84034729003906,68.63999938964844,90.94000244140625,1322.5,9.929300308227539,0.9758999943733215,96.87000274658203
2018-04-24,2464.139892578125,2634.56005859375,1080.1800537109375,2.9830000400543213,18.020000457763672,3.1384999752044678,38.65807342529297,67.69999694824219,90.7699966430664,1331.4000244140625,9.929200172424316,0.9781500101089478,100.80999755859375
2018-04-25,2448.81005859375,2639.39990234375,1076.75,3.0239999294281006,17.84000015258789,3.131999969482422,38.35981750488281,68.05000305175781,91.16999816894531,1321.199951171875,9.893699645996094,0.978600025177002,97.80000305175781
2018-04-26,2475.639892578125,2666.93994140625,1081.1700439453125,2.990000009536743,16.239999771118164,3.11299991607666,38.91490173339844,68.19000244140625,91.55999755859375,1316.300048828125,9.8818998336792,0.9826099872589111,90.70999908447266
2018-04-27,2492.39990234375,2669.909912109375,1076.7900390625,2.9570000171661377,15.40999984741211,3.0460000038146973,39.155174255371094,68.0999984741211,91.54000091552734,1320.300048828125,9.849200248718262,0.9890300035476685,92.1500015258789
2018-04-30,2515.3798828125,2648.050048828125,1067.5999755859375,2.936000108718872,15.930000305175781,3.052500009536743,38.873477935791016,68.56999969482422,91.83999633789062,1316.199951171875,9.78279972076416,0.9881100058555603,94.30000305175781
2018-05-01,2515.3798828125,2654.800048828125,1069.449951171875,2.9760000705718994,15.489999771118164,3.015000104904175,38.68292236328125,67.25,92.44999694824219,1303.800048828125,9.780400276184082,0.9904999732971191,89.97000122070312
2018-05-02,2505.610107421875,2635.669921875,1072.52001953125,2.9639999866485596,15.970000267028809,3.047499895095825,38.37638473510742,67.93000030517578,92.51000213623047,1302.5999755859375,9.800700187683105,0.9965900182723999,93.79000091552734
2018-05-03,2487.25,2629.72998046875,1078.81005859375,2.946000099182129,15.899999618530273,3.059000015258789,38.29353332519531,68.43000030517578,92.41000366210938,1310.699951171875,9.819899559020996,0.9993000030517578,91.06999969482422
2018-05-04,2461.3798828125,2663.419921875,1074.1199951171875,2.944000005722046,14.770000457763672,3.065500020980835,38.46752166748047,69.72000122070312,92.56999969482422,1312.699951171875,9.843199729919434,0.9973400235176086,88.12000274658203
2018-05-07,2461.3798828125,2672.6298828125,1073.3299560546875,2.950000047683716,14.75,3.059499979019165,38.24382400512695,70.7300033569336,92.75,1312.199951171875,9.830599784851074,1.000540018081665,90.70999908447266
2018-05-08,2449.81005859375,2671.919921875,1078.3900146484375,2.9690001010894775,14.710000038146973,3.0404999256134033,38.45923614501953,69.05999755859375,93.12000274658203,1312.0,9.89680004119873,1.0018500089645386,89.5
2018-05-09,2443.97998046875,2697.7900390625,1077.56005859375,3.003999948501587,13.420000076293945,3.0394999980926514,38.533790588378906,71.13999938964844,93.04000091552734,1311.300048828125,9.880000114440918,1.0011399984359741,93.88999938964844
2018-05-10,2464.159912109375,2723.070068359375,1077.97998046875,2.9709999561309814,13.229999542236328,3.0924999713897705,39.337440490722656,71.36000061035156,92.6500015258789,1320.800048828125,9.811100006103516,1.0053999423980713,93.0199966430664
2018-05-11,2477.7099609375,2727.719970703125,1064.3699951171875,2.9709999561309814,12.649999618530273,3.0950000286102295,39.27116775512695,70.69999694824219,92.54000091552734,1319.0,9.723400115966797,1.0030299425125122,90.02999877929688
2018-05-14,2476.110107421875,2730.1298828125,1065.949951171875,2.994999885559082,12.930000305175781,3.0785000324249268,39.32087707519531,70.95999908447266,92.58999633789062,1316.5,9.748100280761719,0.9998599886894226,92.62000274658203
2018-05-15,2458.5400390625,2711.449951171875,1069.1600341796875,3.0799999237060547,14.630000114440918,3.0425000190734863,38.508941650390625,71.30999755859375,93.22000122070312,1288.9000244140625,9.740500450134277,1.0002800226211548,99.18000030517578
2018-05-16,2459.820068359375,2722.4599609375,1078.8599853515625,3.0950000286102295,13.420000076293945,3.058500051498413,39.08889389038086,71.48999786376953,93.38999938964844,1290.199951171875,9.780599594116211,1.0013200044631958,94.79000091552734
2018-05-17,2448.449951171875,2720.1298828125,1076.489990234375,3.1089999675750732,13.430000305175781,3.0769999027252197,38.492374420166016,71.48999786376953,93.47000122070312,1288.199951171875,9.751799583435059,1.0003999471664429,93.4800033569336
2018-05-18,2460.64990234375,2712.969970703125,1080.9100341796875,3.066999912261963,13.420000076293945,3.0510001182556152,38.169254302978516,71.27999877929688,93.63999938964844,1290.199951171875,9.74940013885498,1.001520037651062,94.76000213623047
2018-05-21,2465.570068359375,2733.010009765625,1080.510009765625,3.065000057220459,13.079999923706055,3.0855000019073486,38.401241302490234,72.23999786376953,93.68000030517578,1290.199951171875,9.743300437927246,0.9979000091552734,91.04000091552734
2018-05-22,2465.570068359375,2724.43994140625,1076.510009765625,3.065000057220459,13.220000267028809,3.11899995803833,38.533790588378906,72.12999725341797,93.61000061035156,1291.699951171875,9.695099830627441,0.9968000054359436,90.47000122070312
2018-05-23,2471.909912109375,2733.2900390625,1074.199951171875,3.003000020980835,12.579999923706055,3.060499906539917,38.51722717285156,71.83999633789062,94.01000213623047,1289.300048828125,9.69629955291748,0.9919300079345703,89.80000305175781
2018-05-24,2466.010009765625,2727.760009765625,1074.7900390625,2.9809999465942383,12.529999732971191,3.0855000019073486,38.31010437011719,70.70999908447266,93.77999877929688,1303.699951171875,9.779999732971191,0.9941499829292297,90.63999938964844
2018-05-25,2460.800048828125,2721.330078125,1079.22998046875,2.930999994277954,13.220000267028809,3.066999912261963,38.46752166748047,67.87999725341797,94.19000244140625,1303.300048828125,9.869999885559082,0.9912999868392944,93.77999877929688
2018-05-28,2478.9599609375,2721.330078125,1073.6500244140625,2.930999994277954,13.220000267028809,3.066999912261963,38.46752166748047,67.87999725341797,94.19000244140625,1303.300048828125,9.791399955749512,0.9919000267982483,93.77999877929688
2018-05-29,2457.25,2689.860107421875,1073.1700439453125,2.7679998874664307,17.020000457763672,3.052000045776367,37.57273483276367,66.7300033569336,94.83000183105469,1298.699951171875,9.808699607849121,0.9933800101280212,108.66999816894531
2018-05-30,2409.030029296875,2724.010009765625,1083.9300537109375,2.8420000076293945,14.9399995803833,3.059499979019165,37.87098693847656,68.20999908447266,94.1500015258789,1301.5,9.99429988861084,0.9907000064849854,99.08000183105469
2018-05-31,2423.010009765625,2705.27001953125,1075.030029296875,2.822000026702881,15.430000305175781,3.058000087738037,37.85441970825195,67.04000091552734,93.98999786376953,1300.0999755859375,9.886199951171875,0.9885799884796143,100.62999725341797
2018-06-01,2438.9599609375,2734.6201171875,1079.949951171875,2.8949999809265137,13.460000038146973,3.0915000438690186,38.38467025756836,65.80999755859375,94.19000244140625,1294.800048828125,9.929100036621094,0.9847000241279602,93.30000305175781
2018-06-04,2447.760009765625,2746.8701171875,1070.3599853515625,2.937000036239624,12.739999771118164,3.126499891281128,38.77405548095703,64.75,94.0199966430664,1293.0999755859375,9.762100219726562,0.9886000156402588,90.83000183105469
2018-06-05,2453.760009765625,2748.800048828125,1070.530029296875,2.9189999103546143,12.399999618530273,3.190999984741211,38.47580337524414,65.5199966430664,93.88999938964844,1297.5,9.730999946594238,0.9879999756813049,89.83999633789062
2018-06-06,2453.760009765625,2772.35009765625,1070.2900390625,2.9749999046325684,11.640000343322754,3.254499912261963,39.05575942993164,64.7300033569336,93.66000366210938,1297.0999755859375,9.738200187683105,0.984000027179718,88.12000274658203
2018-06-07,2470.580078125,2770.3701171875,1065.1500244140625,2.933000087738037,12.130000114440918,3.2679998874664307,38.45923614501953,65.94999694824219,93.4000015258789,1298.699951171875,9.668499946594238,0.9858999848365784,91.27999877929688
2018-06-08,2451.580078125,2779.030029296875,1071.3299560546875,2.937000036239624,12.180000305175781,3.2929999828338623,38.38467025756836,65.73999786376953,93.55000305175781,1298.0999755859375,9.764699935913086,0.9808200001716614,93.48999786376953
2018-06-11,2470.14990234375,2782.0,1072.6500244140625,2.9570000171661377,12.350000381469727,3.250499963760376,38.38467025756836,66.0999984741211,93.58000183105469,1298.9000244140625,9.798999786376953,0.9848099946975708,94.54000091552734
2018-06-12,2468.830078125,2786.85009765625,1076.3800048828125,2.9570000171661377,12.34000015258789,3.242500066757202,38.28524398803711,66.36000061035156,93.80000305175781,1295.0999755859375,9.748200416564941,0.9861999750137329,95.70999908447266
2018-06-13,2468.830078125,2775.6298828125,1079.25,2.9769999980926514,12.9399995803833,3.247999906539917,38.028419494628906,66.63999938964844,93.70999908447266,1296.9000244140625,9.76930046081543,0.9868000149726868,100.01000213623047
2018-06-14,2423.47998046875,2782.489990234375,1084.699951171875,2.946000099182129,12.119999885559082,3.2165000438690186,37.771575927734375,66.88999938964844,94.7699966430664,1304.0,9.836899757385254,0.9846000075340271,98.20999908447266
2018-06-15,2404.0400390625,2779.659912109375,1090.77001953125,2.9240000247955322,11.979999542236328,3.1410000324249268,37.47331619262695,65.05999755859375,94.79000091552734,1274.5999755859375,9.85509967803955,0.9969099760055542,101.66000366210938
2018-06-18,2376.239990234375,2773.75,1103.8199462890625,2.9260001182556152,12.3100004196167,3.1034998893737793,37.01762771606445,65.8499984741211,94.75,1276.199951171875,9.974499702453613,0.9975000023841858,99.87000274658203
2018-06-19,2340.110107421875,2762.590087890625,1104.1600341796875,2.8929998874664307,13.350000381469727,3.0464999675750732,36.6090087890625,65.06999969482422,95.08999633789062,1275.5999755859375,10.020999908447266,0.994189977645874,104.12999725341797
2018-06-20,2363.909912109375,2767.320068359375,1111.1199951171875,2.927999973297119,12.789999961853027,3.0464999675750732,36.767452239990234,66.22000122070312,95.05999755859375,1271.199951171875,10.092000007629395,0.9941400289535522,98.51000213623047
2018-06-21,2337.830078125,2749.760009765625,1107.719970703125,2.8970000743865967,14.640000343322754,3.0250000953674316,36.25042724609375,65.54000091552734,94.87000274658203,1267.199951171875,10.034000396728516,0.9960399866104126,107.44999694824219
2018-06-22,2357.219970703125,2754.8798828125,1109.6300048828125,2.9000000953674316,13.770000457763672,3.0325000286102295,36.625694274902344,68.58000183105469,94.5199966430664,1267.4000244140625,10.09000015258789,0.9916200041770935,102.48999786376953
2018-06-25,2357.8798828125,2717.070068359375,1110.530029296875,2.875,17.329999923706055,2.992000102996826,36.13367462158203,68.08000183105469,94.27999877929688,1265.5999755859375,10.097999572753906,0.9878699779510498,114.31999969482422
2018-06-26,2350.919921875,2723.06005859375,1114.030029296875,2.880000114440918,15.920000076293945,2.996999979019165,35.991912841796875,70.52999877929688,94.68000030517578,1256.5999755859375,10.15999984741211,0.9868999719619751,107.5199966430664
2018-06-27,2342.030029296875,2699.6298828125,1117.5999755859375,2.8269999027252197,17.90999984741211,2.989500045776367,35.29976272583008,72.76000213623047,95.29000091552734,1252.800048828125,10.14799976348877,0.9907000064849854,112.75
2018-06-28,2314.239990234375,2716.31005859375,1122.780029296875,2.8469998836517334,16.850000381469727,2.9535000324249268,35.599971771240234,73.44999694824219,95.38999938964844,1247.800048828125,10.180999755859375,0.9967700242996216,108.87999725341797
2018-06-29,2326.1298828125,2718.3701171875,1120.5400390625,2.8489999771118164,16.09000015258789,2.9509999752044678,36.13367462158203,74.1500015258789,94.62999725341797,1251.300048828125,10.138999938964844,0.9975900053977966,105.97000122070312
2018-07-02,2271.5400390625,2726.7099609375,1114.510009765625,2.865999937057495,15.600000381469727,2.93149995803833,35.775089263916016,73.94000244140625,94.87000274658203,1239.800048828125,10.0649995803833,0.9902099967002869,104.80000305175781
2018-07-03,2272.760009765625,2713.219970703125,1118.1700439453125,2.8380000591278076,16.139999389648438,2.9059998989105225,35.800113677978516,74.13999938964844,94.58999633789062,1251.5999755859375,10.083999633789062,0.9933000206947327,108.5
2018-07-04,2265.4599609375,2713.219970703125,1113.3399658203125,2.8380000591278076,16.139999389648438,2.9059998989105225,35.800113677978516,74.13999938964844,94.58999633789062,1251.5999755859375,10.07800006866455,0.9919899702072144,108.5
2018-07-05,2257.550048828125,2736.610107421875,1114.31005859375,2.8399999141693115,14.970000267028809,2.813999891281128,35.70838165283203,72.94000244140625,94.47000122070312,1257.300048828125,10.081999778747559,0.9922000169754028,103.22000122070312
2018-07-06,2272.8701171875,2759.820068359375,1117.760009765625,2.8310000896453857,13.369999885559082,2.812999963760376,36.20038604736328,73.80000305175781,94.04000091552734,1254.300048828125,10.107000350952148,0.9929999709129333,95.73999786376953
2018-07-09,2285.800048828125,2784.169921875,1113.6500244140625,2.859999895095825,12.6899995803833,2.8389999866485596,36.85084533691406,73.8499984741211,94.08000183105469,1258.0999755859375,10.083000183105469,0.9891999959945679,94.16000366210938
2018-07-10,2294.159912109375,2793.840087890625,1112.47998046875,2.872999906539917,12.640000343322754,2.8285000324249268,36.767452239990234,74.11000061035156,94.11000061035156,1253.800048828125,10.02400016784668,0.991379976272583,91.95999908447266
2018-07-11,2280.6201171875,2774.02001953125,1112.56005859375,2.8420000076293945,13.630000114440918,2.7335000038146973,36.050289154052734,70.37999725341797,94.72000122070312,1242.800048828125,10.03600025177002,0.9925299882888794,104.5
2018-07-12,2285.06005859375,2798.2900390625,1127.1700439453125,2.8529999256134033,12.579999923706055,2.7679998874664307,36.54229736328125,70.33000183105469,94.80999755859375,1245.0,10.065999984741211,0.9955999851226807,100.81999969482422
2018-07-13,2310.89990234375,2801.31005859375,1122.6500244140625,2.8310000896453857,12.180000305175781,2.7699999809265137,36.567317962646484,71.01000213623047,94.75,1239.5999755859375,9.96049976348877,1.0026999711990356,99.80999755859375
2018-07-16,2301.989990234375,2798.429931640625,1129.8499755859375,2.8580000400543213,12.829999923706055,2.756999969482422,36.3671760559082,68.05999755859375,94.51000213623047,1238.0999755859375,10.048999786376953,1.0021799802780151,100.94999694824219
2018-07-17,2297.919921875,2809.550048828125,1126.9000244140625,2.864000082015991,12.0600004196167,2.739500045776367,36.634037017822266,68.08000183105469,94.97000122070312,1225.699951171875,10.032999992370605,0.9967700242996216,98.55999755859375
2018-07-18,2290.110107421875,2815.6201171875,1125.550048828125,2.875,12.100000381469727,2.752000093460083,36.59233856201172,68.76000213623047,95.08000183105469,1226.300048828125,9.958800315856934,1.0002800226211548,98.08000183105469
2018-07-19,2282.2900390625,2804.489990234375,1131.0899658203125,2.8469998836517334,12.869999885559082,2.686000108718872,36.14201736450195,69.45999908447266,95.16999816894531,1222.4000244140625,10.024999618530273,0.9986000061035156,100.58000183105469
2018-07-20,2289.18994140625,2801.830078125,1134.47998046875,2.8949999809265137,12.859999656677246,2.746000051498413,36.65904998779297,70.45999908447266,94.45999908447266,1229.5,10.090999603271484,0.998740017414093,102.76000213623047
2018-07-23,2269.31005859375,2806.97998046875,1127.1600341796875,2.9649999141693115,12.619999885559082,2.736999988555908,36.41720962524414,67.88999938964844,94.66999816894531,1224.0,9.881600379943848,0.9908699989318848,102.04000091552734
2018-07-24,2280.199951171875,2820.39990234375,1132.449951171875,2.9489998817443848,12.40999984741211,2.799999952316284,36.95092010498047,68.5199966430664,94.61000061035156,1223.9000244140625,10.154000282287598,0.9932000041007996,98.68000030517578
2018-07-25,2273.030029296875,2846.070068359375,1127.97998046875,2.936000108718872,12.289999961853027,2.805999994277954,37.55134201049805,69.30000305175781,94.36000061035156,1231.4000244140625,10.13700008392334,0.9933000206947327,94.19999694824219
2018-07-26,2289.06005859375,2837.43994140625,1115.75,2.9749999046325684,12.140000343322754,2.803999900817871,37.134376525878906,69.61000061035156,94.75,1225.300048828125,10.060999870300293,0.9909800291061401,91.66000366210938
2018-07-27,2294.989990234375,2818.820068359375,1123.1500244140625,2.9600000381469727,13.029999732971191,2.7874999046325684,37.26780700683594,68.69000244140625,94.68000030517578,1222.5999755859375,10.102999687194824,0.9940199851989746,97.1500015258789
2018-07-30,2293.510009765625,2802.60009765625,1114.5999755859375,2.9749999046325684,14.260000228881836,2.7790000438690186,37.209434509277344,70.12999725341797,94.36000061035156,1221.300048828125,10.043999671936035,0.9939799904823303,101.41000366210938
2018-07-31,2295.260009765625,2816.2900390625,1116.6700439453125,2.9639999866485596,12.829999923706055,2.819000005722046,37.40957260131836,68.76000213623047,94.48999786376953,1223.699951171875,10.0600004196167,0.9880800247192383,94.12999725341797
2018-08-01,2307.070068359375,2813.360107421875,1112.199951171875,3.003000020980835,13.149999618530273,2.734999895095825,37.07600402832031,67.66000366210938,94.62000274658203,1217.9000244140625,9.945500373840332,0.9902999997138977,95.27999877929688
2018-08-02,2270.199951171875,2827.219970703125,1118.5999755859375,2.9860000610351562,12.1899995803833,2.7269999980926514,36.58399200439453,68.95999908447266,95.16999816894531,1210.5999755859375,10.020000457763672,0.9916800260543823,91.66000366210938
2018-08-03,2287.679931640625,2840.35009765625,1128.1500244140625,2.953000068664551,11.640000343322754,2.753499984741211,36.867530822753906,68.48999786376953,95.13999938964844,1214.199951171875,10.097999572753906,0.9954000115394592,86.5999984741211
2018-08-06,2286.5,2850.39990234375,1122.9000244140625,2.937999963760376,11.270000457763672,2.7209999561309814,36.58399200439453,69.01000213623047,95.36000061035156,1208.5999755859375,10.093000411987305,0.9944000244140625,84.66000366210938
2018-08-07,2300.159912109375,2858.449951171875,1125.4000244140625,2.9730000495910645,10.930000305175781,2.740999937057495,36.959259033203125,69.16999816894531,95.22000122070312,1209.5999755859375,10.104999542236328,0.9963200092315674,83.20999908447266
2018-08-08,2301.449951171875,2857.699951171875,1116.25,2.9709999561309814,10.850000381469727,2.740499973297119,36.90922164916992,66.94000244140625,95.0999984741211,1212.5999755859375,10.02400016784668,0.9950000047683716,84.41999816894531
2018-08-09,2303.7099609375,2853.580078125,1115.949951171875,2.934999942779541,11.270000457763672,2.755500078201294,36.80080795288086,66.80999755859375,95.5,1211.9000244140625,10.0600004196167,0.9930999875068665,88.69000244140625
2018-08-10,2282.7900390625,2833.280029296875,1121.8900146484375,2.8570001125335693,13.15999984741211,2.7325000762939453,36.01692581176758,67.62999725341797,96.36000061035156,1211.0999755859375,10.093000411987305,0.9939699769020081,99.06999969482422
2018-08-13,2248.449951171875,2821.929931640625,1130.9000244140625,2.877000093460083,14.779999732971191,2.7219998836517334,35.42484664916992,67.19999694824219,96.38999938964844,1191.300048828125,10.218999862670898,0.9945999979972839,107.77999877929688
2018-08-14,2258.909912109375,2839.9599609375,1135.969970703125,2.8949999809265137,13.3100004196167,2.67549991607666,35.64166259765625,67.04000091552734,96.7300033569336,1193.0,10.26200008392334,0.9932000041007996,100.33999633789062
2018-08-15,2258.909912109375,2818.3701171875,1126.75,2.8519999980926514,14.640000343322754,2.556999921798706,34.6159553527832,65.01000213623047,96.69999694824219,1177.5,10.126999855041504,0.9941099882125854,111.12999725341797
2018-08-16,2240.800048828125,2840.68994140625,1136.3800048828125,2.871000051498413,13.449999809265137,2.6135001182556152,34.832767486572266,65.45999908447266,96.6500015258789,1176.199951171875,10.27400016784668,0.9930999875068665,103.48999786376953
2018-08-17,2247.050048828125,2850.1298828125,1126.239990234375,2.872999906539917,12.640000343322754,2.624500036239624,35.199684143066406,65.91000366210938,96.0999984741211,1176.5,10.145000457763672,0.9973499774932861,101.80999755859375
2018-08-20,2247.8798828125,2857.050048828125,1118.5,2.822999954223633,12.489999771118164,2.6635000705718994,35.35813903808594,66.43000030517578,95.9000015258789,1186.800048828125,10.119999885559082,0.9951900243759155,100.7699966430664
2018-08-21,2270.06005859375,2862.9599609375,1116.8800048828125,2.8440001010894775,12.859999656677246,2.689500093460083,35.80845260620117,67.3499984741211,95.26000213623047,1192.5999755859375,10.152999877929688,0.9904999732971191,101.55999755859375
2018-08-22,2273.330078125,2861.820068359375,1116.0999755859375,2.822999954223633,12.25,2.6684999465942383,36.091983795166016,67.86000061035156,95.1500015258789,1196.300048828125,10.130999565124512,0.9843000173568726,95.72000122070312
2018-08-23,2282.60009765625,2856.97998046875,1117.5,2.821000099182129,12.40999984741211,2.6524999141693115,35.50823974609375,67.83000183105469,95.62000274658203,1187.0,10.102999687194824,0.9832900166511536,95.91999816894531
2018-08-24,2293.2099609375,2874.68994140625,1126.1500244140625,2.8259999752044678,11.989999771118164,2.6989998817443848,36.16703796386719,68.72000122070312,95.1500015258789,1206.300048828125,10.109999656677246,0.9862599968910217,93.94999694824219
2018-08-27,2299.300048828125,2896.739990234375,1111.1700439453125,2.8480000495910645,12.15999984741211,2.7049999237060547,36.68406295776367,68.87000274658203,94.77999877929688,1209.0,9.98069953918457,0.982230007648468,93.38999938964844
2018-08-28,2303.1201171875,2897.52001953125,1108.22998046875,2.884000062942505,12.5,2.7339999675750732,36.55063247680664,68.52999877929688,94.72000122070312,1207.4000244140625,9.968099594116211,0.9793999791145325,92.30999755859375
2018-08-29,2309.030029296875,2914.0400390625,1106.8800048828125,2.884000062942505,12.25,2.7090001106262207,36.77579879760742,69.51000213623047,94.5999984741211,1204.5,9.955599784851074,0.9765999913215637,91.0999984741211
2018-08-30,2307.35009765625,2901.1298828125,1108.449951171875,2.859999895095825,13.529999732971191,2.690500020980835,35.816795349121094,70.25,94.72000122070312,1197.699951171875,9.920100212097168,0.970300018787384,95.11000061035156
2018-08-31,2322.8798828125,2901.52001953125,1115.449951171875,2.8529999256134033,12.859999656677246,2.6489999294281006,36.00025177001953,69.80000305175781,95.13999938964844,1200.300048828125,10.045999526977539,0.9685999751091003,92.7300033569336
2018-09-03,2307.030029296875,2901.52001953125,1114.81005859375,2.8529999256134033,12.859999656677246,2.6489999294281006,36.00025177001953,69.80000305175781,95.13999938964844,1200.300048828125,10.027000427246094,0.9692999720573425,92.7300033569336
2018-09-04,2315.719970703125,2896.719970703125,1113.5,2.9019999504089355,13.15999984741211,2.5834999084472656,35.29976272583008,69.87000274658203,95.41999816894531,1192.699951171875,10.020999908447266,0.969290018081665,95.2300033569336
2018-09-05,2291.77001953125,2888.60009765625,1121.300048828125,2.9019999504089355,13.90999984741211,2.5924999713897705,34.79106521606445,68.72000122070312,95.12999725341797,1194.9000244140625,10.057000160217285,0.9736999869346619,97.94000244140625
2018-09-06,2287.610107421875,2878.050048828125,1118.0999755859375,2.878999948501587,14.649999618530273,2.618499994277954,34.82442855834961,67.7699966430664,95.0199966430664,1197.9000244140625,10.029000282287598,0.9710599780082703,101.36000061035156
2018-09-07,2281.580078125,2871.679931640625,1124.699951171875,2.941999912261963,14.880000114440918,2.6034998893737793,34.6493034362793,67.75,95.37000274658203,1193.5999755859375,10.175999641418457,0.9654499888420105,102.37999725341797
2018-09-10,2288.659912109375,2877.1298828125,1126.8499755859375,2.937000036239624,14.15999984741211,2.6105000972747803,34.30739974975586,67.54000091552734,95.1500015258789,1193.0,10.156000137329102,0.9685999751091003,100.37999725341797
2018-09-11,2283.199951171875,2887.889892578125,1136.77001953125,2.9769999980926514,13.220000267028809,2.6040000915527344,34.3824462890625,69.25,95.05999755859375,1195.4000244140625,10.22599983215332,0.9747300148010254,96.44000244140625
2018-09-12,2282.919921875,2888.919921875,1125.300048828125,2.9630000591278076,13.140000343322754,2.6584999561309814,34.55757522583008,70.37000274658203,94.80000305175781,1204.699951171875,10.079999923706055,0.9729099869728088,97.23999786376953
2018-09-13,2286.22998046875,2904.179931640625,1125.75,2.9630000591278076,12.369999885559082,2.6644999980926514,35.024566650390625,68.58999633789062,94.54000091552734,1202.0,10.118000030517578,0.9700000286102295,91.05999755859375
2018-09-14,2318.25,2904.97998046875,1120.550048828125,2.99399995803833,12.069999694824219,2.627500057220459,34.991214752197266,68.98999786376953,94.9800033569336,1195.0,10.001999855041504,0.9660000205039978,88.06999969482422
2018-09-17,2303.010009765625,2888.800048828125,1120.9000244140625,3.000999927520752,13.680000305175781,2.633500099182129,34.67432403564453,68.91000366210938,94.51000213623047,1199.699951171875,10.010000228881836,0.9670000076293945,96.33999633789062
2018-09-18,2308.97998046875,2904.31005859375,1125.6199951171875,3.0480000972747803,12.789999961853027,2.7119998931884766,35.00788879394531,69.8499984741211,94.62000274658203,1196.800048828125,10.074000358581543,0.9626799821853638,92.48999786376953
2018-09-19,2308.4599609375,2907.949951171875,1120.800048828125,3.0829999446868896,11.75,2.7100000381469727,35.4915657043457,71.12000274658203,94.55000305175781,1202.199951171875,9.979399681091309,0.9636600017547607,88.18000030517578
2018-09-20,2323.449951171875,2930.75,1122.25,3.078000068664551,11.800000190734863,2.7209999561309814,35.883506774902344,70.80000305175781,93.91000366210938,1206.199951171875,9.988100051879883,0.967199981212616,87.30999755859375
2018-09-21,2339.169921875,2929.669921875,1116.4000244140625,3.068000078201294,11.680000305175781,2.8364999294281006,36.050289154052734,70.77999877929688,94.22000122070312,1196.199951171875,9.922200202941895,0.9588299989700317,90.19999694824219
2018-09-24,2339.169921875,2919.3701171875,1114.0999755859375,3.078000068664551,12.199999809265137,2.815999984741211,35.64166259765625,72.08000183105469,94.26000213623047,1199.300048828125,9.897899627685547,0.9581999778747559,91.51000213623047
2018-09-25,2339.169921875,2915.56005859375,1117.8499755859375,3.1019999980926514,12.420000076293945,2.803499937057495,35.78343963623047,72.27999877929688,94.12999725341797,1200.0,9.909299850463867,0.9645100235939026,91.06999969482422
2018-09-26,2339.169921875,2905.969970703125,1115.8299560546875,3.061000108718872,12.890000343322754,2.806999921798706,35.858482360839844,71.56999969482422,94.19000244140625,1194.0,9.875800132751465,0.9652400016784668,91.55999755859375
2018-09-27,2355.429931640625,2914.0,1114.1700439453125,3.055999994277954,12.40999984741211,2.7644999027252197,36.033607482910156,72.12000274658203,95.0,1182.300048828125,9.880999565124512,0.9650499820709229,87.66000366210938
2018-09-28,2343.070068359375,2913.97998046875,1112.31005859375,3.055999994277954,12.119999885559082,2.7869999408721924,35.791770935058594,73.25,95.19000244140625,1191.5,9.809900283813477,0.9769799709320068,87.30999755859375
2018-10-01,2338.8798828125,2924.590087890625,1109.010009765625,3.0799999237060547,12.0,2.7739999294281006,35.800113677978516,75.30000305175781,95.30000305175781,1187.0999755859375,9.742600440979004,0.9811999797821045,86.97000122070312
2018-10-02,2309.570068359375,2923.429931640625,1112.25,3.055999994277954,12.050000190734863,2.7950000762939453,35.34980010986328,75.2300033569336,95.51000213623047,1202.4000244140625,9.758600234985352,0.9833999872207642,88.12000274658203
2018-10-03,2309.570068359375,2925.510009765625,1117.5,3.1610000133514404,11.609999656677246,2.822499990463257,35.05791473388672,76.41000366210938,95.76000213623047,1198.300048828125,9.837200164794922,0.9837700128555298,85.80000305175781
2018-10-04,2274.489990234375,2901.610107421875,1125.4200439453125,3.197000026702881,14.220000267028809,2.765000104904175,34.18231201171875,74.33000183105469,95.75,1197.199951171875,9.829500198364258,0.9917500019073486,99.44000244140625
2018-10-05,2267.52001953125,2885.570068359375,1132.9000244140625,3.2249999046325684,14.819999694824219,2.750999927520752,34.057228088378906,74.33999633789062,95.62000274658203,1201.199951171875,9.941100120544434,0.991349995136261,102.62999725341797
2018-10-08,2253.830078125,2884.429931640625,1131.0999755859375,3.2330000400543213,15.6899995803833,2.755000114440918,34.107261657714844,74.29000091552734,95.7699966430664,1184.4000244140625,9.684800148010254,0.9914100170135498,102.73999786376953
2018-10-09,2253.830078125,2880.340087890625,1133.199951171875,3.2079999446868896,15.949999809265137,2.7950000762939453,33.98217010498047,74.95999908447266,95.68000030517578,1187.199951171875,10.015999794006348,0.9921000003814697,103.91999816894531
2018-10-10,2228.610107421875,2785.679931640625,1132.4000244140625,3.2249999046325684,22.959999084472656,2.7690000534057617,32.9731330871582,73.16999816894531,95.51000213623047,1189.300048828125,10.017999649047852,0.991599977016449,135.61000061035156
2018-10-11,2129.669921875,2728.3701171875,1142.8499755859375,3.132999897003174,24.979999542236328,2.796999931335449,32.63955307006836,70.97000122070312,95.0199966430664,1223.5,10.192999839782715,0.9882299900054932,129.3000030517578
2018-10-12,2161.85009765625,2767.1298828125,1134.300048828125,3.1410000324249268,21.309999465942383,2.7929999828338623,33.59856033325195,71.33999633789062,95.22000122070312,1218.0999755859375,10.118000030517578,0.989799976348877,124.80999755859375
2018-10-15,2145.1201171875,2750.7900390625,1131.18994140625,3.1630001068115234,21.299999237060547,2.7804999351501465,33.239986419677734,71.77999877929688,95.06999969482422,1226.4000244140625,10.079000473022461,0.9907000064849854,118.77999877929688
2018-10-16,2145.1201171875,2809.919921875,1135.1700439453125,3.1559998989105225,17.6200008392334,2.7704999446868896,34.07390594482422,71.91999816894531,95.05000305175781,1227.300048828125,10.147000312805176,0.987030029296875,111.77999877929688
2018-10-17,2167.510009765625,2809.2099609375,1122.1500244140625,3.178999900817871,17.399999618530273,2.7669999599456787,33.65693664550781,69.75,95.58000183105469,1223.699951171875,9.98550033569336,0.9904199838638306,109.27999877929688
2018-10-18,2148.31005859375,2768.780029296875,1127.0999755859375,3.174999952316284,20.059999465942383,2.737499952316284,32.772979736328125,68.6500015258789,95.9000015258789,1226.5,10.003999710083008,0.9950500130653381,116.81999969482422
2018-10-19,2156.260009765625,2767.780029296875,1136.5999755859375,3.197999954223633,19.889999389648438,2.7679998874664307,33.081539154052734,69.12000274658203,95.70999908447266,1225.300048828125,10.126999855041504,0.9957299828529358,114.94999694824219
2018-10-22,2161.7099609375,2755.8798828125,1131.5999755859375,3.196000099182129,19.639999389648438,2.7739999294281006,33.44012451171875,69.16999816894531,96.01000213623047,1221.199951171875,10.057999610900879,0.9962000250816345,112.1500015258789
2018-10-23,2106.10009765625,2740.68994140625,1131.25,3.1659998893737793,20.709999084472656,2.746999979019165,33.07319259643555,66.43000030517578,95.95999908447266,1233.4000244140625,10.029000282287598,0.9961100220680237,108.70999908447266
2018-10-24,2097.580078125,2656.10009765625,1136.6400146484375,3.124000072479248,25.229999542236328,2.746500015258789,32.00578308105469,66.81999969482422,96.43000030517578,1227.800048828125,10.104999542236328,0.9946600198745728,118.58000183105469
2018-10-25,2063.300048828125,2705.570068359375,1137.56005859375,3.135999917984009,24.219999313354492,2.748500108718872,32.622886657714844,67.33000183105469,96.68000030517578,1229.0999755859375,10.152999877929688,0.9968699812889099,113.91000366210938
2018-10-26,2027.1500244140625,2658.68994140625,1135.22998046875,3.0769999027252197,24.15999984741211,2.74399995803833,32.247615814208984,67.58999633789062,96.36000061035156,1232.5,10.10200023651123,0.9996700286865234,110.48999786376953
2018-10-29,1996.050048828125,2641.25,1139.5,3.0869998931884766,24.700000762939453,2.7385001182556152,31.688892364501953,67.04000091552734,96.58000183105469,1224.5,10.182000160217285,0.9973999857902527,110.38999938964844
2018-10-30,2014.68994140625,2682.6298828125,1142.0799560546875,3.109999895095825,23.350000381469727,2.6630001068115234,32.30598831176758,66.18000030517578,97.01000213623047,1222.5999755859375,10.163999557495117,1.001729965209961,106.08000183105469
2018-10-31,2029.68994140625,2711.739990234375,1137.699951171875,3.1589999198913574,21.229999542236328,2.6635000705718994,32.65624237060547,65.30999755859375,97.12999725341797,1212.300048828125,10.059000015258789,1.0049999952316284,102.9000015258789
2018-11-01,2024.4599609375,2740.3701171875,1140.969970703125,3.1440000534057617,19.34000015258789,2.7214999198913574,33.82373046875,63.689998626708984,96.27999877929688,1236.0,10.107999801635742,1.007949948310852,99.56999969482422
2018-11-02,2096.0,2723.06005859375,1129.050048828125,3.2139999866485596,19.510000228881836,2.802999973297119,34.04054260253906,63.13999938964844,96.54000091552734,1230.9000244140625,10.012999534606934,1.0019999742507935,102.37999725341797
2018-11-05,2076.919921875,2738.31005859375,1116.0999755859375,3.2009999752044678,19.959999084472656,2.755500078201294,34.13227081298828,63.099998474121094,96.3499984741211,1229.800048828125,9.861599922180176,1.0024000406265259,101.83000183105469
2018-11-06,2089.6201171875,2755.449951171875,1121.56005859375,3.2139999866485596,19.90999984741211,2.7304999828338623,34.07390594482422,62.209999084472656,96.31999969482422,1223.800048828125,9.900699615478516,1.0041999816894531,102.4800033569336
2018-11-07,2078.68994140625,2813.889892578125,1119.949951171875,3.2130000591278076,16.360000610351562,2.752500057220459,34.71601104736328,61.66999816894531,96.0,1226.199951171875,9.874300003051758,1.001579999923706,95.75
2018-11-08,2092.6298828125,2806.830078125,1115.3699951171875,3.2339999675750732,16.719999313354492,2.736999988555908,33.81538391113281,60.66999816894531,96.63999938964844,1222.9000244140625,9.819299697875977,1.0017999410629272,95.4000015258789
2018-11-09,2086.090087890625,2781.010009765625,1119.5699462890625,3.188999891281128,17.360000610351562,2.686500072479248,33.18994903564453,60.189998626708984,96.91000366210938,1206.4000244140625,9.824799537658691,1.0055999755859375,100.55000305175781
2018-11-12,2080.43994140625,2726.219970703125,1130.949951171875,3.186000108718872,20.450000762939453,2.677999973297119,32.72295379638672,59.93000030517578,97.54000091552734,1201.300048828125,9.93019962310791,1.0059000253677368,107.7699966430664
2018-11-13,2071.22998046875,2722.179931640625,1137.4599609375,3.1449999809265137,20.020000457763672,2.687000036239624,33.098209381103516,55.689998626708984,97.30000305175781,1199.199951171875,10.001999855041504,1.0102100372314453,105.31999969482422
2018-11-14,2068.050048828125,2701.580078125,1131.1300048828125,3.119999885559082,21.25,2.7095000743865967,33.29835891723633,56.25,96.80000305175781,1207.9000244140625,9.938199996948242,1.0058000087738037,111.41999816894531
2018-11-15,2088.06005859375,2730.199951171875,1131.199951171875,3.118000030517578,19.979999542236328,2.749000072479248,34.04054260253906,56.459999084472656,96.93000030517578,1212.800048828125,9.95989990234375,1.0059000253677368,107.37999725341797
2018-11-16,2092.39990234375,2736.27001953125,1127.0,3.0739998817443848,18.139999389648438,2.803999900817871,34.107261657714844,56.459999084472656,96.47000122070312,1220.800048828125,9.924300193786621,1.006700038909912,101.93000030517578
2018-11-19,2100.56005859375,2690.72998046875,1120.4000244140625,3.056999921798706,20.100000381469727,2.804500102996826,33.648597717285156,56.7599983215332,96.19000244140625,1223.0999755859375,9.938799858093262,0.9993799924850464,107.12999725341797
2018-11-20,2082.580078125,2641.889892578125,1126.18994140625,3.0480000972747803,22.479999542236328,2.7664999961853027,32.923091888427734,53.43000030517578,96.80999755859375,1219.0,10.008999824523926,0.9929999709129333,107.61000061035156
2018-11-21,2076.550048828125,2649.929931640625,1128.4000244140625,3.061000108718872,20.799999237060547,2.7945001125335693,33.53185272216797,54.630001068115234,96.70999908447266,1225.800048828125,10.015000343322754,0.9947199821472168,100.2699966430664
2018-11-22,2069.949951171875,2649.929931640625,1137.31005859375,3.061000108718872,20.799999237060547,2.7945001125335693,33.53185272216797,54.630001068115234,96.70999908447266,1225.800048828125,10.059000015258789,0.9940999746322632,100.2699966430664
2018-11-23,2057.47998046875,2632.56005859375,1135.5,3.053999900817871,21.520000457763672,2.7704999446868896,33.139915466308594,50.41999816894531,96.91999816894531,1221.0,10.050000190734863,0.9943000078201294,99.29000091552734
2018-11-26,2083.02001953125,2673.449951171875,1133.5,3.072000026702881,18.899999618530273,2.758500099182129,33.54853057861328,51.630001068115234,97.06999969482422,1220.199951171875,10.038000106811523,0.9973199963569641,92.16999816894531
2018-11-27,2099.419921875,2682.169921875,1129.030029296875,3.055000066757202,19.020000457763672,2.7105000019073486,33.782020568847656,51.560001373291016,97.37000274658203,1211.199951171875,9.946900367736816,0.9982200264930725,91.54000091552734
2018-11-28,2108.219970703125,2743.7900390625,1130.3699951171875,3.0439999103546143,18.489999771118164,2.7960000038146973,34.59092712402344,50.290000915527344,96.79000091552734,1221.4000244140625,9.935600280761719,0.998199999332428,93.55000305175781
2018-11-29,2114.10009765625,2737.800048828125,1121.1199951171875,3.0350000858306885,18.790000915527344,2.7780001163482666,34.29072189331055,51.45000076293945,96.77999877929688,1224.0999755859375,9.8725004196167,0.9929999709129333,93.36000061035156
2018-11-30,2096.860107421875,2760.169921875,1117.02001953125,3.013000011444092,18.06999969482422,2.7774999141693115,34.25735855102539,50.93000030517578,97.2699966430664,1220.199951171875,9.845399856567383,0.9958999752998352,93.58999633789062
2018-12-03,2131.929931640625,2790.3701171875,1117.1500244140625,2.992000102996826,16.440000534057617,2.799499988555908,34.949520111083984,52.95000076293945,97.04000091552734,1233.9000244140625,9.817099571228027,0.9983000159263611,85.87000274658203
2018-12-04,2114.35009765625,2700.06005859375,1108.300048828125,2.9240000247955322,20.739999771118164,2.748500108718872,34.20732879638672,53.25,96.97000122070312,1241.0999755859375,9.756799697875977,0.9978200197219849,96.56999969482422
2018-12-05,2101.31005859375,2700.06005859375,1110.6300048828125,2.9240000247955322,20.739999771118164,2.748500108718872,34.20732879638672,53.25,96.97000122070312,1241.0999755859375,9.854599952697754,0.9972000122070312,96.56999969482422
2018-12-06,2068.68994140625,2695.949951171875,1111.6600341796875,2.875999927520752,21.190000534057617,2.740499973297119,33.89043045043945,51.4900016784668,96.80999755859375,1238.0999755859375,9.833800315856934,0.9970200061798096,93.8499984741211
2018-12-07,2075.760009765625,2633.080078125,1119.5999755859375,2.8499999046325684,23.229999542236328,2.757499933242798,33.256656646728516,52.61000061035156,96.51000213623047,1246.800048828125,9.935099601745605,0.9932000041007996,96.48999786376953
2018-12-10,2053.7900390625,2637.719970703125,1122.699951171875,2.8559999465942383,22.639999389648438,2.7184998989105225,32.90641784667969,51.0,97.22000122070312,1243.699951171875,9.97659969329834,0.9897199869155884,91.77999877929688
2018-12-11,2052.969970703125,2636.780029296875,1131.5,2.878999948501587,21.760000228881836,2.7660000324249268,33.15659713745117,51.650001525878906,97.38999938964844,1241.9000244140625,9.996999740600586,0.9894999861717224,89.7699966430664
2018-12-12,2082.570068359375,2651.070068359375,1127.6199951171875,2.9059998989105225,21.459999084472656,2.7685000896453857,33.69864273071289,51.150001525878906,97.04000091552734,1244.4000244140625,9.944700241088867,0.9931600093841553,91.41000366210938
2018-12-13,2095.550048828125,2650.5400390625,1123.8499755859375,2.9110000133514404,20.649999618530273,2.762500047683716,33.6902961730957,52.58000183105469,97.05999755859375,1242.699951171875,9.920299530029297,0.9926000237464905,93.0
2018-12-14,2069.3798828125,2599.949951171875,1127.02001953125,2.8910000324249268,21.6299991607666,2.760499954223633,33.214962005615234,51.20000076293945,97.44000244140625,1237.0,9.920499801635742,0.9936000108718872,96.44999694824219
2018-12-17,2071.090087890625,2545.93994140625,1131.6500244140625,2.8570001125335693,24.520000457763672,2.753000020980835,32.90641784667969,49.880001068115234,97.0999984741211,1247.4000244140625,9.976400375366211,0.9975100159645081,101.55000305175781
2018-12-18,2062.110107421875,2546.159912109375,1128.1500244140625,2.825000047683716,25.579999923706055,2.6710000038146973,33.129878997802734,46.2400016784668,97.13999938964844,1249.199951171875,9.99839973449707,0.992609977722168,103.63999938964844
2018-12-19,2078.840087890625,2506.9599609375,1125.0699462890625,2.7780001163482666,25.579999923706055,2.7214999198913574,32.57969284057617,47.20000076293945,97.04000091552734,1252.0999755859375,9.998200416564941,0.9923999905586243,105.05000305175781
2018-12-20,2060.1201171875,2467.419921875,1128.1300048828125,2.7890000343322754,28.3799991607666,2.7019999027252197,32.833621978759766,45.880001068115234,96.27999877929688,1263.5999755859375,10.03600025177002,0.9939000010490417,109.6500015258789
2018-12-21,2061.489990234375,2416.6201171875,1120.030029296875,2.7920000553131104,30.110000610351562,2.678499937057495,32.60508346557617,45.59000015258789,96.95999908447266,1253.800048828125,10.069999694824219,0.9869999885559082,106.61000061035156
2018-12-24,2055.010009765625,2351.10009765625,1127.5,2.749000072479248,36.06999969482422,2.6684999465942383,32.300357818603516,42.529998779296875,96.55000305175781,1267.5,10.152000427246094,0.9936000108718872,111.87999725341797
2018-12-25,2055.010009765625,2351.10009765625,1123.22998046875,2.749000072479248,36.06999969482422,2.6684999465942383,32.300357818603516,42.529998779296875,96.55000305175781,1267.5,10.182000160217285,0.98580002784729,111.87999725341797
2018-12-26,2028.010009765625,2467.699951171875,1122.6300048828125,2.796999931335449,30.40999984741211,2.7084999084472656,32.94364547729492,46.220001220703125,97.05000305175781,1269.199951171875,10.163000106811523,0.9861000180244446,97.31999969482422
2018-12-27,2028.43994140625,2488.830078125,1123.52001953125,2.743000030517578,29.959999084472656,2.6675000190734863,32.901336669921875,44.61000061035156,96.4800033569336,1277.300048828125,10.130000114440918,0.9943000078201294,95.88999938964844
2018-12-28,2041.0400390625,2485.739990234375,1119.5999755859375,2.7360000610351562,28.34000015258789,2.678999900817871,33.21452331542969,45.33000183105469,96.38999938964844,1279.9000244140625,10.092000007629395,0.9868999719619751,91.23999786376953
2018-12-31,2041.0400390625,2506.85009765625,1116.300048828125,2.686000108718872,25.420000076293945,2.628000020980835,33.062164306640625,45.40999984741211,96.16999816894531,1278.300048828125,10.116999626159668,0.9836000204086304,87.11000061035156
2019-01-01,2041.0400390625,2506.85009765625,1112.5,2.686000108718872,25.420000076293945,2.628000020980835,33.062164306640625,45.40999984741211,96.16999816894531,1278.300048828125,10.147000312805176,0.9835100173950195,87.11000061035156
2019-01-02,2010.0,2510.030029296875,1113.800048828125,2.6610000133514404,23.219999313354492,2.625,33.14679718017578,46.540000915527344,96.81999969482422,1281.0,10.149999618530273,0.9819999933242798,81.66000366210938
2019-01-03,1993.699951171875,2447.889892578125,1122.1800537109375,2.553999900817871,25.450000762939453,2.570499897003174,32.54582595825195,47.09000015258789,96.30999755859375,1291.800048828125,10.442999839782715,0.9886999726295471,83.80000305175781
2019-01-04,2010.25,2531.93994140625,1124.1199951171875,2.6589999198913574,21.3799991607666,2.6514999866485596,33.59541702270508,47.959999084472656,96.19000244140625,1282.699951171875,10.42199993133545,0.9871000051498413,84.44000244140625
2019-01-07,2037.0999755859375,2549.68994140625,1114.4000244140625,2.681999921798706,21.399999618530273,2.6410000324249268,33.67159652709961,48.52000045776367,95.70999908447266,1286.800048828125,10.265000343322754,0.985759973526001,82.73999786376953
2019-01-08,2025.27001953125,2574.409912109375,1116.4000244140625,2.7160000801086426,20.469999313354492,2.6605000495910645,33.79856872558594,49.779998779296875,95.9000015258789,1283.199951171875,10.277999877929688,0.9790999889373779,82.41000366210938
2019-01-09,2064.7099609375,2584.9599609375,1121.050048828125,2.7279999256134033,19.979999542236328,2.6619999408721924,34.39955139160156,52.36000061035156,95.22000122070312,1289.300048828125,10.303999900817871,0.9807699918746948,86.62000274658203
2019-01-10,2063.280029296875,2596.639892578125,1118.6700439453125,2.7309999465942383,19.5,2.6435000896453857,34.64501190185547,52.59000015258789,95.54000091552734,1284.699951171875,10.336000442504883,0.9739500284194946,86.3499984741211
2019-01-11,2075.570068359375,2596.260009765625,1116.550048828125,2.7009999752044678,18.190000534057617,2.6695001125335693,34.47572326660156,51.59000015258789,95.66999816894531,1287.0999755859375,10.305999755859375,0.9840099811553955,83.8499984741211
2019-01-14,2064.52001953125,2582.610107421875,1118.5999755859375,2.7100000381469727,19.06999969482422,2.6454999446868896,34.187931060791016,50.5099983215332,95.58999633789062,1289.0999755859375,10.309000015258789,0.9836999773979187,83.01000213623047
2019-01-15,2097.179931640625,2610.300048828125,1122.0,2.7109999656677246,18.600000381469727,2.6505000591278076,34.4249382019043,52.11000061035156,95.97000122070312,1286.199951171875,10.361000061035156,0.9810199737548828,81.38999938964844
2019-01-16,2106.10009765625,2616.10009765625,1122.4000244140625,2.7309999465942383,19.040000915527344,2.69350004196167,34.8481559753418,52.310001373291016,96.05999755859375,1291.5999755859375,10.331000328063965,0.9874699711799622,83.33999633789062
2019-01-17,2107.06005859375,2635.9599609375,1118.77001953125,2.749000072479248,18.059999465942383,2.700000047683716,35.000511169433594,52.06999969482422,96.06999969482422,1291.0,10.260000228881836,0.9900100231170654,82.79000091552734
2019-01-18,2124.280029296875,2670.7099609375,1120.550048828125,2.7839999198913574,17.799999237060547,2.740999937057495,35.16980743408203,53.79999923706055,96.33999633789062,1281.300048828125,10.265999794006348,0.9937000274658203,82.48999786376953
2019-01-21,2124.610107421875,2670.7099609375,1125.7900390625,2.7839999198913574,17.799999237060547,2.740999937057495,35.16980743408203,53.79999923706055,96.33999633789062,1281.300048828125,10.26099967956543,0.9953600168228149,82.48999786376953
2019-01-22,2117.77001953125,2632.89990234375,1132.3699951171875,2.7300000190734863,20.799999237060547,2.688999891281128,34.560367584228516,52.56999969482422,96.30000305175781,1282.5,10.321999549865723,0.9973000288009644,93.80999755859375
2019-01-23,2127.780029296875,2638.699951171875,1130.1500244140625,2.755000114440918,19.520000457763672,2.694000005722046,34.91587448120117,52.619998931884766,96.12000274658203,1283.0999755859375,10.329000473022461,0.996999979019165,88.44999694824219
2019-01-24,2145.030029296875,2642.330078125,1125.3299560546875,2.7119998931884766,18.889999389648438,2.6735000610351562,35.254459381103516,53.130001068115234,96.5999984741211,1279.0999755859375,10.277000427246094,0.9945700168609619,84.88999938964844
2019-01-25,2177.72998046875,2664.760009765625,1126.75,2.753000020980835,17.420000076293945,2.73799991607666,35.720001220703125,53.689998626708984,95.79000091552734,1297.4000244140625,10.279999732971191,0.9955999851226807,83.37999725341797
2019-01-28,2177.300048828125,2643.85009765625,1118.010009765625,2.74399995803833,18.8700008392334,2.6875,35.34756851196289,51.9900016784668,95.75,1302.4000244140625,10.218999862670898,0.9923999905586243,86.44000244140625
2019-01-29,2183.360107421875,2640.0,1119.699951171875,2.7119998931884766,19.1299991607666,2.7320001125335693,35.40681457519531,53.310001373291016,95.81999969482422,1308.199951171875,10.244999885559082,0.991599977016449,86.83999633789062
2019-01-30,2206.199951171875,2681.050048828125,1117.8699951171875,2.694999933242798,17.65999984741211,2.7730000019073486,36.17707824707031,54.22999954223633,95.33999633789062,1309.9000244140625,10.21399974822998,0.9944999814033508,82.38999938964844
2019-01-31,2204.85009765625,2704.10009765625,1109.0,2.634999990463257,16.56999969482422,2.7890000343322754,36.48179626464844,53.790000915527344,95.58000183105469,1319.699951171875,10.17300033569336,0.9934999942779541,79.23999786376953
2019-02-01,2203.4599609375,2706.530029296875,1111.550048828125,2.690999984741211,16.139999389648438,2.7750000953674316,36.194007873535156,55.2599983215332,95.58000183105469,1316.9000244140625,10.210000038146973,0.9937000274658203,80.0
2019-02-04,2203.4599609375,2724.8701171875,1118.300048828125,2.7239999771118164,15.729999542236328,2.7950000762939453,36.25326156616211,54.560001373291016,95.8499984741211,1314.300048828125,10.218000411987305,0.9954699873924255,77.36000061035156
2019-02-05,2203.4599609375,2737.699951171875,1121.0999755859375,2.7019999027252197,15.569999694824219,2.816999912261963,36.75266647338867,53.65999984741211,96.0999984741211,1314.199951171875,10.192000389099121,0.9977999925613403,80.62000274658203
2019-02-06,2203.4599609375,2731.610107421875,1118.699951171875,2.7019999027252197,15.380000114440918,2.8355000019073486,36.25326156616211,54.0099983215332,96.41999816894531,1309.5,10.170999526977539,0.9997100234031677,84.98999786376953
2019-02-07,2203.419921875,2706.050048828125,1121.6300048828125,2.6519999504089355,16.3700008392334,2.8285000324249268,35.88928985595703,52.63999938964844,96.51000213623047,1309.4000244140625,10.194999694824219,1.0020999908447266,85.01000213623047
2019-02-08,2177.050048828125,2707.8798828125,1123.75,2.631999969482422,15.720000267028809,2.809999942779541,35.68613815307617,52.720001220703125,96.63999938964844,1313.699951171875,10.234000205993652,1.0024100542068481,82.69999694824219
2019-02-11,2180.72998046875,2709.800048828125,1122.8800048828125,2.6610000133514404,15.970000267028809,2.7915000915527344,35.56763458251953,52.40999984741211,97.05999755859375,1307.0,10.225000381469727,0.9992899894714355,82.7699966430664
2019-02-12,2190.469970703125,2744.72998046875,1125.02001953125,2.684000015258789,15.430000305175781,2.7744998931884766,35.8639030456543,53.099998474121094,96.70999908447266,1309.199951171875,10.190999984741211,1.0039000511169434,81.62999725341797
2019-02-13,2201.47998046875,2753.030029296875,1120.300048828125,2.7079999446868896,15.649999618530273,2.7739999294281006,35.609962463378906,53.900001525878906,97.12999725341797,1310.800048828125,10.13599967956543,1.0061099529266357,80.2699966430664
2019-02-14,2225.85009765625,2745.72998046875,1123.719970703125,2.6570000648498535,16.219999313354492,2.7760000228881836,35.67767333984375,54.40999984741211,96.9800033569336,1309.800048828125,10.126999855041504,1.0087000131607056,81.63999938964844
2019-02-15,2196.090087890625,2775.60009765625,1128.300048828125,2.6659998893737793,14.90999984741211,2.802500009536743,35.626888275146484,55.59000015258789,96.91999816894531,1318.0999755859375,10.206999778747559,1.0049500465393066,80.44999694824219
2019-02-18,2210.889892578125,2775.60009765625,1125.31005859375,2.6659998893737793,14.90999984741211,2.802500009536743,35.626888275146484,55.59000015258789,96.91999816894531,1318.0999755859375,10.178000450134277,1.0045000314712524,80.44999694824219
2019-02-19,2205.6298828125,2779.760009765625,1124.280029296875,2.6470000743865967,14.880000114440918,2.881500005722046,35.90621566772461,56.09000015258789,96.5199966430664,1340.0999755859375,10.166000366210938,1.0044699907302856,78.63999938964844
2019-02-20,2229.760009765625,2784.699951171875,1121.4200439453125,2.6540000438690186,14.020000457763672,2.930000066757202,36.1093635559082,56.91999816894531,96.44999694824219,1343.300048828125,10.140999794006348,1.0012799501419067,75.58999633789062
2019-02-21,2228.659912109375,2774.8798828125,1121.719970703125,2.687999963760376,14.460000038146973,2.9024999141693115,36.03318405151367,56.959999084472656,96.61000061035156,1323.5,10.126999855041504,1.0,76.63999938964844
2019-02-22,2230.5,2792.669921875,1124.1500244140625,2.6549999713897705,13.510000228881836,2.9609999656677246,36.43101119995117,57.2599983215332,96.51000213623047,1329.199951171875,10.154000282287598,1.0008599758148193,74.9800033569336
2019-02-25,2232.56005859375,2796.110107421875,1122.31005859375,2.6730000972747803,14.850000381469727,2.950000047683716,36.83729934692383,55.47999954223633,96.41000366210938,1325.9000244140625,10.131999969482422,0.9997000098228455,79.3499984741211
2019-02-26,2226.60009765625,2793.89990234375,1117.199951171875,2.635999917984009,15.170000076293945,2.944000005722046,36.71034240722656,55.5,96.0,1325.0999755859375,10.0600004196167,1.0000900030136108,80.52999877929688
2019-02-27,2234.7900390625,2792.3798828125,1114.300048828125,2.693000078201294,14.699999809265137,2.9590001106262207,36.39715576171875,56.939998626708984,96.1500015258789,1317.699951171875,10.074999809265137,0.9997100234031677,80.37000274658203
2019-02-28,2195.43994140625,2784.489990234375,1115.0999755859375,2.7109999656677246,14.779999732971191,2.950000047683716,35.92314910888672,57.220001220703125,96.16000366210938,1312.800048828125,10.064000129699707,1.000499963760376,80.0
2019-03-01,2195.43994140625,2803.68994140625,1124.219970703125,2.755000114440918,13.569999694824219,2.933500051498413,35.9654655456543,55.79999923706055,96.52999877929688,1296.4000244140625,10.093000411987305,0.9972599744796753,79.2699966430664
2019-03-04,2190.659912109375,2792.81005859375,1126.81005859375,2.7219998836517334,14.630000114440918,2.9110000133514404,36.01625061035156,56.59000015258789,96.68000030517578,1284.800048828125,10.060999870300293,0.9983000159263611,82.33999633789062
2019-03-05,2179.22998046875,2789.64990234375,1128.1500244140625,2.7219998836517334,14.739999771118164,2.936000108718872,36.371761322021484,56.560001373291016,96.8499984741211,1282.0,10.090999603271484,0.9986000061035156,82.45999908447266
2019-03-06,2175.60009765625,2771.449951171875,1126.199951171875,2.691999912261963,15.739999771118164,2.9184999465942383,36.168617248535156,56.220001220703125,96.87000274658203,1284.9000244140625,10.062999725341797,1.0044000148773193,86.0999984741211
2019-03-07,2165.7900390625,2748.929931640625,1127.0,2.635999917984009,16.59000015258789,2.9114999771118164,35.49991989135742,56.65999984741211,97.66999816894531,1283.800048828125,10.092000007629395,1.00409996509552,88.69999694824219
2019-03-08,2137.43994140625,2743.070068359375,1133.0699462890625,2.625,16.049999237060547,2.8940000534057617,35.2459831237793,56.06999969482422,97.37000274658203,1297.0,10.147000312805176,1.010699987411499,87.23999786376953
2019-03-11,2138.10009765625,2783.300048828125,1134.06005859375,2.6429998874664307,14.329999923706055,2.9000000953674316,35.90621566772461,56.790000915527344,97.22000122070312,1288.800048828125,10.208999633789062,1.0077999830245972,81.2300033569336
2019-03-12,2157.179931640625,2791.52001953125,1130.77001953125,2.6050000190734863,13.770000457763672,2.927500009536743,36.092437744140625,56.869998931884766,96.94000244140625,1296.300048828125,10.156000137329102,1.0102399587631226,83.05999755859375
2019-03-13,2148.409912109375,2810.919921875,1127.27001953125,2.6110000610351562,13.40999984741211,2.933500051498413,36.13475799560547,58.2599983215332,96.55000305175781,1307.5,10.126999855041504,1.0074000358581543,82.76000213623047
2019-03-14,2155.679931640625,2808.47998046875,1129.5899658203125,2.630000114440918,13.5,2.8884999752044678,35.94007110595703,58.61000061035156,96.79000091552734,1293.4000244140625,10.157999992370605,1.003290057182312,82.55999755859375
2019-03-15,2176.110107421875,2822.47998046875,1135.4200439453125,2.5929999351501465,12.880000114440918,2.9035000801086426,36.46487045288086,58.52000045776367,96.5999984741211,1301.800048828125,10.15999984741211,1.0034500360488892,82.94000244140625
2019-03-18,2179.489990234375,2832.93994140625,1132.72998046875,2.6019999980926514,13.100000381469727,2.9035000801086426,36.871158599853516,59.09000015258789,96.5199966430664,1300.300048828125,10.175999641418457,1.0024000406265259,85.5199966430664
2019-03-19,2177.6201171875,2832.570068359375,1131.199951171875,2.614000082015991,13.5600004196167,2.9195001125335693,36.88808822631836,59.029998779296875,96.37999725341797,1305.0,10.152000427246094,1.0010000467300415,87.36000061035156
2019-03-20,2177.10009765625,2824.22998046875,1129.719970703125,2.5350000858306885,13.90999984741211,2.9154999256134033,36.94734191894531,59.83000183105469,95.76000213623047,1300.5,10.135000228881836,0.9986000061035156,86.62999725341797
2019-03-21,2184.8798828125,2854.8798828125,1125.0,2.5369999408721924,13.630000114440918,2.9000000953674316,36.99812698364258,59.97999954223633,96.5,1306.0999755859375,10.163999557495117,0.9909999966621399,83.88999938964844
2019-03-22,2186.949951171875,2800.7099609375,1127.77001953125,2.4549999237060547,16.479999542236328,2.8359999656677246,35.91468048095703,59.040000915527344,96.6500015258789,1311.5999755859375,10.175000190734863,0.9919000267982483,98.5
2019-03-25,2144.860107421875,2798.360107421875,1135.1400146484375,2.4200000762939453,16.329999923706055,2.8494999408721924,35.99932098388672,58.81999969482422,96.56999969482422,1321.9000244140625,10.310999870300293,0.9939900040626526,97.19999694824219
2019-03-26,2148.800048828125,2818.4599609375,1133.8499755859375,2.4140000343322754,14.680000305175781,2.8505001068115234,36.1093635559082,59.939998626708984,96.73999786376953,1314.300048828125,10.300000190734863,0.9923099875450134,89.8499984741211
2019-03-27,2145.6201171875,2805.3701171875,1133.9300537109375,2.374000072479248,15.149999618530273,2.8580000400543213,35.720001220703125,59.40999984741211,96.7699966430664,1309.9000244140625,10.255999565124512,0.9936000108718872,91.33999633789062
2019-03-28,2128.10009765625,2815.43994140625,1138.5,2.3889999389648438,14.430000305175781,2.868499994277954,35.957000732421875,59.29999923706055,97.19999694824219,1289.800048828125,10.298999786376953,0.994700014591217,87.94999694824219
2019-03-29,2140.669921875,2834.39990234375,1134.3199462890625,2.4140000343322754,13.710000038146973,2.936000108718872,36.32944107055664,60.13999938964844,97.27999877929688,1293.0,10.24899959564209,0.9948300123214722,85.81999969482422
2019-04-01,2168.280029296875,2867.18994140625,1136.699951171875,2.496999979019165,13.399999618530273,2.9205000400543213,36.93041229248047,61.59000015258789,97.25,1288.4000244140625,10.237000465393066,0.9950000047683716,84.93000030517578
2019-04-02,2177.179931640625,2867.239990234375,1132.6700439453125,2.4809999465942383,13.359999656677246,2.9040000438690186,36.811912536621094,62.58000183105469,97.36000061035156,1290.0,10.16100025177002,0.9991999864578247,83.27999877929688
2019-04-03,2203.27001953125,2873.39990234375,1136.3900146484375,2.5169999599456787,13.739999771118164,2.946500062942505,37.06584167480469,62.459999084472656,97.08999633789062,1289.9000244140625,10.208999633789062,0.9981600046157837,84.2300033569336
2019-04-04,2206.530029296875,2879.389892578125,1133.530029296875,2.51200008392334,13.579999923706055,2.9084999561309814,37.29438781738281,62.099998474121094,97.30999755859375,1289.0,10.173999786376953,0.9972900152206421,82.1500015258789
2019-04-05,2209.610107421875,2892.739990234375,1134.300048828125,2.500999927520752,12.819999694824219,2.8924999237060547,37.582183837890625,63.08000183105469,97.4000015258789,1290.4000244140625,10.15999984741211,0.9999200105667114,79.0999984741211
2019-04-08,2210.60009765625,2895.77001953125,1136.68994140625,2.5190000534057617,13.180000305175781,2.929500102996826,37.582183837890625,64.4000015258789,97.05000305175781,1297.0999755859375,10.175000190734863,0.9998999834060669,81.86000061035156
2019-04-09,2213.56005859375,2878.199951171875,1141.1099853515625,2.499000072479248,14.279999732971191,2.93149995803833,37.50600051879883,63.97999954223633,97.01000213623047,1303.5,10.23799991607666,0.9991099834442139,88.13999938964844
2019-04-10,2224.389892578125,2888.2099609375,1140.0999755859375,2.4769999980926514,13.300000190734863,2.922499895095825,37.68375015258789,64.61000061035156,96.94999694824219,1309.0999755859375,10.26099967956543,0.9996500015258789,89.48999786376953
2019-04-11,2224.43994140625,2888.320068359375,1135.9000244140625,2.503999948501587,13.020000457763672,2.885999917984009,37.277462005615234,63.58000183105469,97.18000030517578,1288.5999755859375,10.243000030517578,1.002210021018982,88.05999755859375
2019-04-12,2233.449951171875,2907.409912109375,1140.989990234375,2.559999942779541,12.010000228881836,2.946000099182129,37.54832458496094,63.88999938964844,96.97000122070312,1290.5999755859375,10.220999717712402,1.0027400255203247,84.9800033569336
2019-04-15,2242.8798828125,2905.580078125,1133.4300537109375,2.552999973297119,12.319999694824219,2.934000015258789,37.353641510009766,63.400001525878906,96.94000244140625,1286.800048828125,10.116999626159668,1.0024000406265259,84.16999816894531
2019-04-16,2248.6298828125,2907.06005859375,1133.199951171875,2.5920000076293945,12.180000305175781,2.930500030517578,37.63296127319336,64.05000305175781,97.04000091552734,1272.5999755859375,10.123000144958496,1.0036699771881104,83.58000183105469
2019-04-17,2245.889892578125,2900.449951171875,1135.699951171875,2.5920000076293945,12.600000381469727,2.9755001068115234,37.743003845214844,63.7599983215332,97.01000213623047,1272.199951171875,10.140999794006348,1.0075000524520874,85.55000305175781
2019-04-18,2213.77001953125,2905.030029296875,1130.199951171875,2.559999942779541,12.09000015258789,2.927500009536743,37.71760940551758,64.0,97.47000122070312,1271.9000244140625,10.088000297546387,1.0104000568389893,84.41000366210938
2019-04-19,2216.14990234375,2905.030029296875,1136.1099853515625,2.559999942779541,12.09000015258789,2.927500009536743,37.71760940551758,64.0,97.47000122070312,1271.9000244140625,10.145000457763672,1.014840006828308,84.41000366210938
2019-04-22,2216.64990234375,2907.969970703125,1134.5,2.5899999141693115,12.420000076293945,2.9065001010894775,37.472145080566406,65.69999694824219,97.27999877929688,1273.5,10.13700008392334,1.014389991760254,83.2699966430664
2019-04-23,2220.510009765625,2933.679931640625,1140.0400390625,2.569999933242798,12.279999732971191,2.8984999656677246,37.556785583496094,66.30000305175781,97.56999969482422,1269.300048828125,10.1850004196167,1.0153000354766846,81.43000030517578
2019-04-24,2201.030029296875,2927.25,1142.0,2.5220000743865967,13.140000343322754,2.9175000190734863,37.048919677734375,65.88999938964844,98.0999984741211,1275.5,10.206999778747559,1.0201499462127686,85.16999816894531
2019-04-25,2190.5,2926.169921875,1155.260009765625,2.5339999198913574,13.25,2.877500057220459,36.99812698364258,65.20999908447266,98.19999694824219,1275.800048828125,10.302000045776367,1.020300030708313,86.94000244140625
2019-04-26,2179.31005859375,2939.8798828125,1159.0,2.505000114440918,12.729999542236328,2.9700000286102295,37.142032623291016,63.29999923706055,98.01000213623047,1284.9000244140625,10.390999794006348,1.0198999643325806,84.08999633789062
2019-04-29,2216.429931640625,2943.030029296875,1157.72998046875,2.5360000133514404,13.109999656677246,2.8949999809265137,37.21821594238281,63.5,97.86000061035156,1278.5999755859375,10.37399959564209,1.019320011138916,86.08000183105469
2019-04-30,2203.590087890625,2945.830078125,1158.7900390625,2.509000062942505,13.119999885559082,2.9014999866485596,37.18435287475586,63.90999984741211,97.4800033569336,1282.800048828125,10.37600040435791,1.0192999839782715,88.55999755859375
2019-05-01,2203.590087890625,2923.72998046875,1163.260009765625,2.510999917984009,14.800000190734863,2.802999973297119,36.90502166748047,63.599998474121094,97.69000244140625,1281.4000244140625,10.442000389099121,1.0190099477767944,95.75
2019-05-02,2212.75,2917.52001953125,1164.6700439453125,2.552000045776367,14.420000076293945,2.7839999198913574,36.98966598510742,61.810001373291016,97.83000183105469,1269.699951171875,10.449999809265137,1.0174000263214111,93.0199966430664
2019-05-03,2196.320068359375,2945.639892578125,1166.1099853515625,2.5309998989105225,12.869999885559082,2.825000047683716,37.42981719970703,61.939998626708984,97.5199966430664,1279.199951171875,10.458999633789062,1.0193500518798828,86.2300033569336
2019-05-06,2196.320068359375,2932.469970703125,1163.3299560546875,2.5,15.4399995803833,2.8369998931884766,36.65956115722656,62.25,97.5199966430664,1281.699951171875,10.515999794006348,1.0165200233459473,94.8499984741211
2019-05-07,2176.989990234375,2884.050048828125,1168.050048828125,2.447999954223633,19.31999969482422,2.7939999103546143,35.94007110595703,61.400001525878906,97.62999725341797,1283.5,10.541000366210938,1.0170999765396118,111.54000091552734
2019-05-08,2168.010009765625,2879.419921875,1171.300048828125,2.4820001125335693,19.399999618530273,2.7855000495910645,35.88928985595703,62.119998931884766,97.62000274658203,1279.4000244140625,10.623000144958496,1.0196000337600708,106.4800033569336
2019-05-09,2102.010009765625,2870.719970703125,1172.18994140625,2.4570000171661377,19.100000381469727,2.7834999561309814,35.322166442871094,61.70000076293945,97.37000274658203,1283.5,10.652999877929688,1.020300030708313,102.91999816894531
2019-05-10,2108.0400390625,2881.39990234375,1179.18994140625,2.4549999237060547,16.040000915527344,2.7850000858306885,35.53377151489258,61.65999984741211,97.33000183105469,1285.699951171875,10.73900032043457,1.0152000188827515,96.01000213623047
2019-05-13,2079.010009765625,2811.8701171875,1174.4200439453125,2.4049999713897705,20.549999237060547,2.7295000553131104,34.3487548828125,61.040000915527344,97.31999969482422,1300.0999755859375,10.708999633789062,1.0104000568389893,105.5999984741211
2019-05-14,2081.840087890625,2834.409912109375,1187.1800537109375,2.4189999103546143,18.059999465942383,2.734499931335449,34.83123016357422,61.779998779296875,97.52999877929688,1294.699951171875,10.87600040435791,1.0053800344467163,97.26000213623047
2019-05-15,2092.780029296875,2850.9599609375,1186.9300537109375,2.378999948501587,16.440000534057617,2.753499984741211,34.898948669433594,62.02000045776367,97.56999969482422,1296.300048828125,10.821999549865723,1.008739948272705,94.52999877929688
2019-05-16,2067.68994140625,2876.320068359375,1186.0400390625,2.4049999713897705,15.289999961853027,2.758500099182129,34.72966003417969,62.869998931884766,97.83999633789062,1285.0,10.833999633789062,1.0082499980926514,94.2300033569336
2019-05-17,2055.800048828125,2859.530029296875,1190.489990234375,2.3929998874664307,15.960000038146973,2.747999906539917,34.10329055786133,62.7599983215332,98.0,1274.5,10.835000038146973,1.0099799633026123,99.12000274658203
2019-05-20,2055.7099609375,2840.22998046875,1193.8299560546875,2.4159998893737793,16.309999465942383,2.7360000610351562,33.95939254760742,63.099998474121094,97.93000030517578,1276.0999755859375,10.836000442504883,1.0104999542236328,96.83000183105469
2019-05-21,2061.25,2864.360107421875,1193.3299560546875,2.4260001182556152,14.949999809265137,2.7235000133514404,34.39107894897461,62.9900016784668,98.05999755859375,1272.0,10.840999603271484,1.0082999467849731,92.37999725341797
2019-05-22,2064.860107421875,2856.27001953125,1193.3299560546875,2.3929998874664307,14.75,2.686000108718872,34.221797943115234,61.41999816894531,98.11000061035156,1273.5999755859375,10.840999603271484,1.0082999467849731,89.30000305175781
2019-05-23,2059.590087890625,2822.239990234375,1188.800048828125,2.2960000038146973,16.920000076293945,2.686500072479248,33.78163528442383,57.90999984741211,97.8499984741211,1284.800048828125,10.793999671936035,1.0090199708938599,94.9800033569336
2019-05-24,2045.31005859375,2826.06005859375,1188.800048828125,2.3239998817443848,15.850000381469727,2.7065000534057617,33.81549072265625,58.630001068115234,97.61000061035156,1283.0,10.850000381469727,1.0029000043869019,90.19000244140625
2019-05-27,2044.2099609375,2826.06005859375,1185.0,2.3239998817443848,15.850000381469727,2.7065000534057617,33.81549072265625,58.630001068115234,97.61000061035156,1283.0,10.831000328063965,1.00177001953125,90.19000244140625
2019-05-28,2048.830078125,2802.389892578125,1182.31005859375,2.2679998874664307,17.5,2.7035000324249268,33.933998107910156,59.13999938964844,97.95999908447266,1276.5,10.795999526977539,1.0039499998092651,95.08000183105469
2019-05-29,2023.3199462890625,2783.02001953125,1187.5799560546875,2.2360000610351562,17.899999618530273,2.672499895095825,34.15406036376953,58.810001373291016,98.13999938964844,1280.5999755859375,10.861000061035156,1.0069299936294556,93.83000183105469
2019-05-30,2038.800048828125,2788.860107421875,1192.2099609375,2.2269999980926514,17.299999237060547,2.6605000495910645,34.340301513671875,56.59000015258789,98.13999938964844,1287.0999755859375,10.883000373840332,1.0082999467849731,92.77999877929688
2019-05-31,2041.739990234375,2752.06005859375,1188.3800048828125,2.1419999599456787,18.709999084472656,2.6459999084472656,34.458797454833984,53.5,97.75,1305.800048828125,10.864999771118164,1.0068999528884888,96.72000122070312
2019-06-03,2067.85009765625,2744.449951171875,1187.8699951171875,2.0810000896453857,18.860000610351562,2.6554999351501465,34.771976470947266,53.25,97.13999938964844,1322.699951171875,10.97599983215332,0.999530017375946,96.02999877929688
2019-06-04,2066.969970703125,2803.27001953125,1178.3499755859375,2.11899995803833,16.969999313354492,2.6735000610351562,34.8481559753418,53.47999954223633,97.06999969482422,1323.4000244140625,10.909000396728516,0.9922999739646912,88.93000030517578
2019-06-05,2069.110107421875,2826.14990234375,1176.050048828125,2.122999906539917,16.09000015258789,2.627000093460083,34.5688362121582,51.68000030517578,97.37000274658203,1328.300048828125,10.86299991607666,0.9924700260162354,86.72000122070312
2019-06-06,2069.110107421875,2843.489990234375,1178.739990234375,2.124000072479248,15.930000305175781,2.6540000438690186,34.58576202392578,52.59000015258789,97.02999877929688,1337.5999755859375,10.880999565124512,0.9939000010490417,86.11000061035156
2019-06-07,2072.330078125,2873.340087890625,1177.0,2.0840001106262207,16.299999237060547,2.630500078201294,34.856624603271484,53.9900016784668,96.61000061035156,1341.199951171875,10.85200023651123,0.991100013256073,86.0
2019-06-10,2099.489990234375,2886.72998046875,1180.760009765625,2.1429998874664307,15.9399995803833,2.6640000343322754,35.22060012817383,53.2599983215332,96.76000213623047,1324.699951171875,10.88700008392334,0.9898999929428101,83.86000061035156
2019-06-11,2111.81005859375,2885.719970703125,1182.0999755859375,2.140000104904175,15.989999771118164,2.67549991607666,35.61842346191406,53.27000045776367,96.69000244140625,1326.4000244140625,10.909000396728516,0.9889000058174133,84.94999694824219
2019-06-12,2108.75,2879.840087890625,1177.97998046875,2.127000093460083,15.90999984741211,2.6589999198913574,35.237525939941406,51.13999938964844,97.0,1331.9000244140625,10.859000205993652,0.9919999837875366,86.19999694824219
2019-06-13,2103.14990234375,2891.639892578125,1183.4300537109375,2.0910000801086426,15.819999694824219,2.6610000133514404,35.178279876708984,52.279998779296875,97.01000213623047,1339.199951171875,10.907999992370605,0.994700014591217,84.7300033569336
2019-06-14,2095.409912109375,2886.97998046875,1181.0799560546875,2.0929999351501465,15.279999732971191,2.634500026702881,34.788909912109375,52.5099983215332,97.56999969482422,1340.0999755859375,10.902999877929688,0.9934999942779541,82.56999969482422
2019-06-17,2090.72998046875,2889.669921875,1185.8900146484375,2.0859999656677246,15.350000381469727,2.6510000228881836,34.92622375488281,51.93000030517578,97.55999755859375,1338.699951171875,10.92199993133545,0.9987999796867371,83.4800033569336
2019-06-18,2098.7099609375,2917.75,1185.3499755859375,2.059999942779541,15.149999618530273,2.7070000171661377,35.77059555053711,53.900001525878906,97.63999938964844,1346.5999755859375,10.920000076293945,0.9986500144004822,87.37000274658203
2019-06-19,2124.780029296875,2926.4599609375,1173.5799560546875,2.0290000438690186,14.329999923706055,2.684499979019165,36.06911087036133,53.7599983215332,97.12000274658203,1344.5999755859375,10.807999610900879,1.00068998336792,84.58000183105469
2019-06-20,2131.2900390625,2954.179931640625,1170.300048828125,2.000999927520752,14.75,2.7155001163482666,36.5979118347168,56.650001525878906,96.62999725341797,1392.9000244140625,10.824000358581543,0.9926999807357788,81.20999908447266
2019-06-21,2125.6201171875,2950.4599609375,1157.2099609375,2.068000078201294,15.399999618530273,2.7060000896453857,36.478511810302734,57.43000030517578,96.22000122070312,1396.199951171875,10.786999702453613,0.9810500144958496,83.13999938964844
2019-06-24,2126.330078125,2945.35009765625,1158.31005859375,2.0209999084472656,15.260000228881836,2.7054998874664307,36.42732620239258,57.900001525878906,95.9800033569336,1414.300048828125,10.791999816894531,0.9753999710083008,82.58999633789062
2019-06-25,2121.639892578125,2917.3798828125,1152.469970703125,1.99399995803833,16.280000686645508,2.7355000972747803,36.052059173583984,57.83000183105469,96.16000366210938,1414.9000244140625,10.73900032043457,0.9718000292778015,85.16000366210938
2019-06-26,2121.85009765625,2913.780029296875,1155.7099609375,2.0490000247955322,16.209999084472656,2.7109999656677246,36.393211364746094,59.380001068115234,96.20999908447266,1411.5999755859375,10.782999992370605,0.9748200178146362,85.36000061035156
2019-06-27,2134.320068359375,2924.919921875,1152.5,2.005000114440918,15.819999694824219,2.7125000953674316,36.64908218383789,59.43000030517578,96.19000244140625,1408.4000244140625,10.696999549865723,0.9773899912834167,86.5199966430664
2019-06-28,2130.6201171875,2941.760009765625,1155.510009765625,2.0,15.079999923706055,2.7054998874664307,36.5979118347168,58.470001220703125,96.12999725341797,1409.699951171875,10.725000381469727,0.9766499996185303,85.77999877929688
2019-07-01,2129.739990234375,2964.330078125,1155.5999755859375,2.0339999198913574,14.0600004196167,2.679500102996826,37.03289031982422,59.09000015258789,96.83999633789062,1385.5999755859375,10.661999702453613,0.9793999791145325,79.58000183105469
2019-07-02,2122.02001953125,2973.010009765625,1159.75,1.9759999513626099,12.930000305175781,2.6575000286102295,36.93907165527344,56.25,96.7300033569336,1404.5999755859375,10.70199966430664,0.9869999885559082,78.22000122070312
2019-07-03,2096.02001953125,2995.820068359375,1165.5799560546875,1.9529999494552612,12.569999694824219,2.679500102996826,36.87084197998047,57.34000015258789,96.7699966430664,1417.699951171875,10.810999870300293,0.9851999878883362,80.04000091552734
2019-07-04,2108.72998046875,2995.820068359375,1168.8699951171875,1.9529999494552612,12.569999694824219,2.679500102996826,36.87084197998047,57.34000015258789,96.7699966430664,1417.699951171875,10.845000267028809,0.9855999946594238,80.04000091552734
2019-07-05,2110.590087890625,2990.409912109375,1167.1300048828125,2.0480000972747803,13.279999732971191,2.6584999561309814,36.61497116088867,57.5099983215332,97.25,1396.699951171875,10.82800006866455,0.98471999168396,80.04000091552734
2019-07-08,2064.169921875,2975.949951171875,1174.02001953125,2.0339999198913574,13.960000038146973,2.6559998989105225,36.393211364746094,57.65999984741211,97.37999725341797,1397.0,10.822999954223633,0.9911999702453613,83.66000366210938
2019-07-09,2052.030029296875,2979.6298828125,1179.8499755859375,2.053999900817871,14.09000015258789,2.624500036239624,36.28233337402344,57.83000183105469,97.48999786376953,1397.5,10.85200023651123,0.9940900206565857,82.30999755859375
2019-07-10,2058.780029296875,2993.070068359375,1181.47998046875,2.061000108718872,13.029999732971191,2.693000078201294,36.58938217163086,60.43000030517578,97.0999984741211,1410.0999755859375,10.845999717712402,0.9935899972915649,85.97000122070312
2019-07-11,2080.580078125,2999.909912109375,1175.530029296875,2.119999885559082,12.930000305175781,2.682499885559082,36.52114486694336,60.20000076293945,97.05000305175781,1404.300048828125,10.85099983215332,0.9879000186920166,88.19999694824219
2019-07-12,2086.659912109375,3013.77001953125,1174.0799560546875,2.1059999465942383,12.390000343322754,2.691499948501587,36.54673385620117,60.209999084472656,96.80999755859375,1409.9000244140625,10.812000274658203,0.9904999732971191,86.13999938964844
2019-07-15,2082.47998046875,3014.300048828125,1176.4100341796875,2.0920000076293945,12.680000305175781,2.7074999809265137,36.68319320678711,59.58000183105469,96.93000030517578,1411.4000244140625,10.91100025177002,0.984000027179718,86.19999694824219
2019-07-16,2091.8701171875,3004.0400390625,1178.4300537109375,2.121999979019165,12.859999656677246,2.69350004196167,36.632022857666016,57.619998931884766,97.4000015258789,1409.199951171875,10.92199993133545,0.9840999841690063,88.25
2019-07-17,2072.919921875,2984.419921875,1177.8800048828125,2.061000108718872,13.970000267028809,2.7100000381469727,36.52114486694336,56.779998779296875,97.22000122070312,1421.300048828125,10.88599967956543,0.9879900217056274,90.3499984741211
2019-07-18,2066.550048828125,2995.110107421875,1178.68994140625,2.0380001068115234,13.529999732971191,2.7039999961853027,36.74290466308594,55.29999923706055,96.79000091552734,1426.0999755859375,10.920000076293945,0.9865999817848206,84.04000091552734
2019-07-19,2094.360107421875,2976.610107421875,1170.77001953125,2.0480000972747803,14.449999809265137,2.744499921798706,36.555259704589844,55.630001068115234,97.1500015258789,1425.0999755859375,10.901000022888184,0.9826400279998779,86.7699966430664
2019-07-22,2093.340087890625,2985.030029296875,1175.1099853515625,2.0429999828338623,13.529999732971191,2.7144999504089355,36.56379318237305,56.220001220703125,97.26000213623047,1425.300048828125,10.89900016784668,0.9828400015830994,81.22000122070312
2019-07-23,2101.449951171875,3005.469970703125,1174.760009765625,2.0739998817443848,12.609999656677246,2.694000005722046,36.606441497802734,56.77000045776367,97.70999908447266,1420.0999755859375,10.887999534606934,0.9824000000953674,78.98999786376953
2019-07-24,2082.300048828125,3019.56005859375,1176.800048828125,2.049999952316284,12.069999694824219,2.7039999961853027,36.66614532470703,55.880001068115234,97.7300033569336,1422.800048828125,10.871999740600586,0.9853799939155579,83.88999938964844
2019-07-25,2074.47998046875,3003.669921875,1176.550048828125,2.0739998817443848,12.739999771118164,2.695499897003174,36.342037200927734,56.02000045776367,97.81999969482422,1413.9000244140625,10.87399959564209,0.9846799969673157,84.30000305175781
2019-07-26,2066.260009765625,3025.860107421875,1182.3900146484375,2.0810000896453857,12.15999984741211,2.676500082015991,36.418792724609375,56.20000076293945,98.01000213623047,1418.5,10.880999565124512,0.9909800291061401,83.11000061035156
2019-07-29,2029.47998046875,3020.969970703125,1183.3499755859375,2.055000066757202,12.829999923706055,2.7095000743865967,36.35055923461914,56.869998931884766,98.04000091552734,1419.5999755859375,10.892999649047852,0.9933000206947327,88.16000366210938
2019-07-30,2038.6800537109375,3013.179931640625,1181.8499755859375,2.061000108718872,13.9399995803833,2.6705000400543213,36.06911087036133,58.04999923706055,98.05000305175781,1429.699951171875,10.854999542236328,0.991599977016449,91.58000183105469
2019-07-31,2024.550048828125,2980.3798828125,1180.6500244140625,2.0209999084472656,16.1200008392334,2.6579999923706055,35.6256103515625,58.58000183105469,98.5199966430664,1426.0999755859375,10.875,0.9897000193595886,96.27999877929688
2019-08-01,2017.3399658203125,2953.56005859375,1186.31005859375,1.8940000534057617,17.8700008392334,2.6600000858306885,34.92622375488281,53.95000076293945,98.38999938964844,1420.9000244140625,10.899999618530273,0.9937999844551086,105.47000122070312
2019-08-02,1998.1300048828125,2932.050048828125,1194.75,1.8550000190734863,17.610000610351562,2.565000057220459,34.58506393432617,55.65999984741211,98.0999984741211,1445.5999755859375,11.121999740600586,0.9900699853897095,102.69000244140625
2019-08-05,1946.97998046875,2844.739990234375,1203.93994140625,1.7350000143051147,24.59000015258789,2.5369999408721924,33.30571365356445,54.689998626708984,97.5,1464.5999755859375,11.295999526977539,0.9825000166893005,114.4000015258789
2019-08-06,1917.5,2881.77001953125,1216.6500244140625,1.7389999628067017,20.170000076293945,2.5510001182556152,33.783348083496094,53.630001068115234,97.62999725341797,1472.4000244140625,11.517999649047852,0.9706199765205383,107.44999694824219
2019-08-07,1909.7099609375,2883.97998046875,1212.530029296875,1.684000015258789,19.489999771118164,2.565000057220459,33.936859130859375,51.09000015258789,97.54000091552734,1507.300048828125,11.404000282287598,0.9757300019264221,104.2699966430664
2019-08-08,1920.6099853515625,2938.090087890625,1212.22998046875,1.715999960899353,16.90999984741211,2.6019999980926514,34.354774475097656,52.540000915527344,97.62000274658203,1497.699951171875,11.420999526977539,0.9746999740600586,98.66000366210938
2019-08-09,1937.75,2918.64990234375,1207.030029296875,1.7339999675750732,17.969999313354492,2.5840001106262207,34.005096435546875,54.5,97.48999786376953,1496.5999755859375,11.399999618530273,0.9739300012588501,101.5199966430664
2019-08-12,1942.2900390625,2882.699951171875,1213.199951171875,1.6390000581741333,21.09000015258789,2.5799999237060547,33.59569549560547,54.93000030517578,97.37999725341797,1505.300048828125,11.510000228881836,0.9714199900627136,105.30999755859375
2019-08-13,1925.8299560546875,2926.320068359375,1217.6300048828125,1.6799999475479126,17.520000457763672,2.624500036239624,34.022151947021484,57.099998474121094,97.80999755859375,1502.199951171875,11.555999755859375,0.9692299962043762,102.20999908447266
2019-08-14,1938.3699951171875,2840.60009765625,1204.72998046875,1.5809999704360962,22.100000381469727,2.5864999294281006,33.041324615478516,55.22999954223633,97.98999786376953,1515.9000244140625,11.300999641418457,0.9757999777793884,113.98999786376953
2019-08-15,1938.3699951171875,2847.60009765625,1215.6400146484375,1.5290000438690186,21.18000030517578,2.5894999504089355,33.26307678222656,54.470001220703125,98.13999938964844,1519.5999755859375,11.47700023651123,0.9734600186347961,112.26000213623047
2019-08-16,1927.1700439453125,2888.679931640625,1211.5,1.5390000343322754,18.469999313354492,2.5899999141693115,33.72364044189453,54.869998931884766,98.13999938964844,1512.5,11.420000076293945,0.9763000011444092,110.31999969482422
2019-08-19,1939.9000244140625,2923.64990234375,1207.489990234375,1.5980000495910645,16.8799991607666,2.5969998836517334,33.860107421875,56.209999084472656,98.3499984741211,1500.4000244140625,11.345000267028809,0.9793000221252441,101.22000122070312
2019-08-20,1960.25,2900.510009765625,1210.530029296875,1.5609999895095825,17.5,2.5739998817443848,33.9283332824707,56.34000015258789,98.19000244140625,1504.5999755859375,11.357999801635742,0.981249988079071,104.7699966430664
2019-08-21,1964.6500244140625,2924.429931640625,1205.280029296875,1.5770000219345093,15.800000190734863,2.5815000534057617,34.25243377685547,55.68000030517578,98.30000305175781,1504.5999755859375,11.34000015258789,0.9778000116348267,98.02999877929688
2019-08-22,1951.010009765625,2922.949951171875,1201.3199462890625,1.6100000143051147,16.68000030517578,2.553499937057495,33.80892562866211,55.349998474121094,98.16999816894531,1497.300048828125,11.269000053405762,0.9818999767303467,100.94000244140625
2019-08-23,1948.300048828125,2847.110107421875,1208.56005859375,1.527999997138977,19.8700008392334,2.5260000228881836,33.30571365356445,54.16999816894531,97.63999938964844,1526.5999755859375,11.35099983215332,0.9836599826812744,111.37000274658203
2019-08-26,1916.31005859375,2878.3798828125,1212.6500244140625,1.5449999570846558,19.31999969482422,2.5399999618530273,33.48482894897461,53.63999938964844,98.08000183105469,1526.300048828125,11.564000129699707,0.9728500247001648,106.2699966430664
2019-08-27,1924.5999755859375,2869.159912109375,1210.72998046875,1.4900000095367432,20.309999465942383,2.5434999465942383,33.54452896118164,54.93000030517578,98.0,1541.0,11.423999786376953,0.9790999889373779,106.48999786376953
2019-08-28,1941.0899658203125,2887.93994140625,1210.760009765625,1.465999960899353,19.350000381469727,2.5510001182556152,33.63833999633789,55.779998779296875,98.20999908447266,1537.800048828125,11.449999809265137,0.98089998960495,103.94999694824219
2019-08-29,1933.4100341796875,2924.580078125,1211.3699951171875,1.5160000324249268,17.8799991607666,2.559499979019165,34.01361846923828,56.709999084472656,98.51000213623047,1526.5,11.420000076293945,0.9813299775123596,99.80000305175781
2019-08-30,1967.7900390625,2926.4599609375,1207.1600341796875,1.50600004196167,18.979999542236328,2.5329999923706055,34.278018951416016,55.099998474121094,98.91999816894531,1519.0999755859375,11.34000015258789,0.98580002784729,102.66000366210938
2019-09-02,1969.18994140625,2926.4599609375,1209.1500244140625,1.50600004196167,18.979999542236328,2.5329999923706055,34.278018951416016,55.099998474121094,98.91999816894531,1519.0999755859375,11.392000198364258,0.989300012588501,102.66000366210938
2019-09-03,1965.68994140625,2906.27001953125,1212.77001953125,1.465999960899353,19.65999984741211,2.512500047683716,34.06480407714844,53.939998626708984,98.94999694824219,1545.9000244140625,11.420000076293945,0.9903299808502197,102.19000244140625
2019-09-04,1988.530029296875,2937.780029296875,1210.47998046875,1.4589999914169312,17.329999923706055,2.5789999961853027,34.6362419128418,56.2599983215332,98.44999694824219,1550.300048828125,11.434000015258789,0.9868299961090088,97.30000305175781
2019-09-05,2004.75,2976.0,1202.68994140625,1.565000057220459,16.270000457763672,2.624500036239624,35.02857971191406,56.29999923706055,98.41000366210938,1515.4000244140625,11.310999870300293,0.9808400273323059,95.51000213623047
2019-09-06,2009.1300048828125,2978.7099609375,1196.0,1.5499999523162842,15.0,2.615499973297119,35.182090759277344,56.52000045776367,98.38999938964844,1506.199951171875,11.168999671936035,0.9862300157546997,94.4000015258789
2019-09-09,2019.550048828125,2978.429931640625,1191.6199951171875,1.621999979019165,15.270000457763672,2.6105000972747803,35.29297637939453,57.849998474121094,98.27999877929688,1502.199951171875,11.142000198364258,0.9879999756813049,94.5
2019-09-10,2032.0799560546875,2979.389892578125,1190.8599853515625,1.7020000219345093,15.199999809265137,2.6105000972747803,35.31856155395508,57.400001525878906,98.33000183105469,1490.300048828125,11.097999572753906,0.992389976978302,93.8499984741211
2019-09-11,2049.199951171875,3000.929931640625,1189.5,1.7330000400543213,14.609999656677246,2.5975000858306885,35.565895080566406,55.75,98.6500015258789,1494.4000244140625,11.053999900817871,0.991599977016449,97.79000091552734
2019-09-12,2049.199951171875,3009.570068359375,1189.800048828125,1.7910000085830688,14.220000267028809,2.623500108718872,35.821773529052734,55.09000015258789,98.30999755859375,1498.699951171875,11.015999794006348,0.9937199950218201,95.94000244140625
2019-09-13,2049.199951171875,3007.389892578125,1180.75,1.902999997138977,13.739999771118164,2.680999994277954,36.02647399902344,54.849998474121094,98.26000213623047,1490.9000244140625,10.92199993133545,0.990559995174408,98.93000030517578
2019-09-16,2062.219970703125,2997.9599609375,1178.719970703125,1.840999960899353,14.670000076293945,2.621000051498413,35.74500274658203,62.900001525878906,98.6500015258789,1503.0999755859375,10.937999725341797,0.9868599772453308,101.7300033569336
2019-09-17,2062.330078125,3005.699951171875,1183.2900390625,1.812000036239624,14.4399995803833,2.609499931335449,35.74500274658203,59.34000015258789,98.26000213623047,1505.0999755859375,10.9399995803833,0.9929199814796448,101.66999816894531
2019-09-18,2070.72998046875,3006.72998046875,1185.6500244140625,1.7860000133514404,13.949999809265137,2.5954999923706055,35.60001754760742,58.11000061035156,98.5999984741211,1507.5,10.968999862670898,0.9925400018692017,99.08999633789062
2019-09-19,2080.35009765625,3006.7900390625,1189.550048828125,1.7740000486373901,14.050000190734863,2.5910000801086426,35.45503234863281,58.130001068115234,98.2699966430664,1498.4000244140625,10.970999717712402,0.9968000054359436,97.30000305175781
2019-09-20,2091.52001953125,2992.070068359375,1193.8599853515625,1.7549999952316284,15.319999694824219,2.5899999141693115,35.48914337158203,58.09000015258789,98.51000213623047,1507.300048828125,11.050000190734863,0.9927399754524231,101.02999877929688
2019-09-23,2091.699951171875,2991.780029296875,1193.1300048828125,1.7079999446868896,14.90999984741211,2.5945000648498535,35.52326202392578,58.63999938964844,98.5999984741211,1523.699951171875,11.081999778747559,0.9913700222969055,97.5999984741211
2019-09-24,2101.0400390625,2966.60009765625,1193.010009765625,1.6349999904632568,17.049999237060547,2.5894999504089355,35.147972106933594,57.290000915527344,98.33999633789062,1532.0999755859375,11.085000038146973,0.9898200035095215,104.95999908447266
2019-09-25,2073.389892578125,2984.8701171875,1193.93994140625,1.7319999933242798,15.960000038146973,2.5950000286102295,35.122398376464844,56.4900016784668,99.04000091552734,1504.5999755859375,11.140000343322754,0.9858999848365784,99.68000030517578
2019-09-26,2074.52001953125,2977.6201171875,1197.8900146484375,1.684999942779541,16.06999969482422,2.559999942779541,35.113861083984375,56.40999984741211,99.20999908447266,1507.5,11.12399959564209,0.9908599853515625,100.30999755859375
2019-09-27,2049.929931640625,2961.7900390625,1198.6300048828125,1.6749999523162842,17.219999313354492,2.5829999446868896,34.66183090209961,55.90999984741211,99.11000061035156,1499.0999755859375,11.123000144958496,0.9933900237083435,103.19999694824219
2019-09-30,2063.050048828125,2976.739990234375,1201.9100341796875,1.6749999523162842,16.239999771118164,2.564500093460083,34.85799789428711,54.06999969482422,99.37999725341797,1465.699951171875,11.133999824523926,0.9908999800682068,97.62000274658203
2019-10-01,2072.419921875,2940.25,1198.0,1.6440000534057617,18.559999465942383,2.552000045776367,34.610652923583984,53.619998931884766,99.12999725341797,1482.0,11.085000038146973,0.9976000189781189,102.73999786376953
2019-10-02,2031.9100341796875,2887.610107421875,1201.68994140625,1.5959999561309814,20.559999465942383,2.561500072479248,34.34625244140625,52.63999938964844,99.04000091552734,1501.0,11.152999877929688,0.992680013179779,103.80999755859375
2019-10-03,2031.9100341796875,2910.6298828125,1203.5699462890625,1.5360000133514404,19.1200008392334,2.5455000400543213,34.789764404296875,52.45000076293945,98.86000061035156,1507.0999755859375,11.229999542236328,0.9967300295829773,98.19999694824219
2019-10-04,2020.68994140625,2952.010009765625,1200.0799560546875,1.5149999856948853,17.040000915527344,2.555500030517578,34.94328308105469,52.810001373291016,98.80999755859375,1506.199951171875,11.232999801635742,0.9981499910354614,95.19000244140625
2019-10-07,2021.72998046875,2938.7900390625,1191.3299560546875,1.5529999732971191,17.860000610351562,2.572000026702881,34.65330123901367,52.75,98.98999786376953,1497.699951171875,11.157999992370605,0.9939900040626526,97.04000091552734
2019-10-08,2046.25,2893.06005859375,1195.760009765625,1.5369999408721924,20.280000686645508,2.563499927520752,34.40595626831055,52.630001068115234,99.13999938964844,1497.199951171875,11.14900016784668,0.9947599768638611,102.2699966430664
2019-10-09,2046.25,2919.39990234375,1198.3699951171875,1.5889999866485596,18.639999389648438,2.562000036239624,34.67035675048828,52.59000015258789,99.12000274658203,1506.0999755859375,11.20300006866455,0.9926000237464905,101.25
2019-10-10,2028.1500244140625,2938.1298828125,1196.780029296875,1.6579999923706055,17.56999969482422,2.6050000190734863,35.02857971191406,53.54999923706055,98.70999908447266,1494.800048828125,11.166000366210938,0.9928799867630005,99.66000366210938
2019-10-11,2044.6099853515625,2970.27001953125,1188.81005859375,1.7519999742507935,15.579999923706055,2.618499994277954,35.591487884521484,54.70000076293945,98.30000305175781,1482.699951171875,11.019000053405762,0.9961299896240234,97.69999694824219
2019-10-14,2067.39990234375,2966.14990234375,1182.489990234375,1.7330000400543213,14.569999694824219,2.623500108718872,35.437965393066406,53.59000015258789,98.44999694824219,1491.699951171875,10.902193069458008,0.9977999925613403,94.43000030517578
2019-10-15,2068.169921875,2995.679931640625,1182.300048828125,1.7710000276565552,13.539999961853027,2.6040000915527344,35.7535400390625,52.810001373291016,98.29000091552734,1477.5999755859375,10.907882690429688,0.9976199865341187,93.9800033569336
2019-10-16,2082.830078125,2989.68994140625,1183.9300537109375,1.7480000257492065,13.680000305175781,2.5794999599456787,35.855892181396484,53.36000061035156,98.01000213623047,1488.0,10.880558967590332,0.998520016670227,93.16000366210938
2019-10-17,2077.93994140625,2997.949951171875,1184.8299560546875,1.7569999694824219,13.789999961853027,2.5869998931884766,35.99235534667969,53.93000030517578,97.61000061035156,1492.300048828125,10.901955604553223,0.9942200183868408,90.2699966430664
2019-10-18,2060.68994140625,2986.199951171875,1177.27001953125,1.746999979019165,14.25,2.625,35.80470275878906,53.779998779296875,97.27999877929688,1488.199951171875,10.841522216796875,0.9872999787330627,91.19999694824219
2019-10-21,2064.840087890625,3006.719970703125,1178.0799560546875,1.7920000553131104,14.0,2.634999990463257,36.12881851196289,53.310001373291016,97.33000183105469,1482.4000244140625,10.86654281616211,0.9849100112915039,88.0999984741211
2019-10-22,2088.860107421875,2995.989990234375,1171.4000244140625,1.7680000066757202,14.460000038146973,2.621999979019165,36.15440368652344,54.15999984741211,97.52999877929688,1481.699951171875,10.785676956176758,0.9859200119972229,89.31999969482422
2019-10-23,2080.6201171875,3004.52001953125,1171.260009765625,1.7589999437332153,14.010000228881836,2.6624999046325684,36.16292953491211,55.970001220703125,97.47000122070312,1489.9000244140625,10.797013282775879,0.9893400073051453,87.58999633789062
2019-10-24,2085.659912109375,3010.2900390625,1169.699951171875,1.7660000324249268,13.710000038146973,2.6589999198913574,36.16292953491211,56.22999954223633,97.62999725341797,1498.9000244140625,10.766901016235352,0.9901000261306763,86.55000305175781
2019-10-25,2087.889892578125,3022.550048828125,1174.25,1.8009999990463257,12.649999618530273,2.6665000915527344,36.418792724609375,56.65999984741211,97.83000183105469,1499.5,10.81166934967041,0.9923499822616577,83.81999969482422
2019-10-28,2093.60009765625,3039.419921875,1170.8199462890625,1.8530000448226929,13.109999656677246,2.672499895095825,36.632022857666016,55.810001373291016,97.76000213623047,1490.0,10.767448425292969,0.9941999912261963,86.4800033569336
2019-10-29,2092.68994140625,3036.889892578125,1166.760009765625,1.8350000381469727,13.199999809265137,2.682499885559082,36.44438934326172,55.540000915527344,97.69000244140625,1487.0,10.707462310791016,0.9947599768638611,87.75
2019-10-30,2080.27001953125,3046.77001953125,1165.75,1.7979999780654907,12.329999923706055,2.680500030517578,36.606441497802734,55.060001373291016,97.6500015258789,1493.199951171875,10.706987380981445,0.9941200017929077,86.47000122070312
2019-10-31,2083.47998046875,3037.56005859375,1163.699951171875,1.690999984741211,13.220000267028809,2.632999897003174,36.31644821166992,54.18000030517578,97.3499984741211,1511.4000244140625,10.697050094604492,0.989109992980957,88.91999816894531
2019-11-01,2100.199951171875,3066.909912109375,1168.550048828125,1.7280000448226929,12.300000190734863,2.6510000228881836,36.8623046875,56.20000076293945,97.23999786376953,1508.0,10.819856643676758,0.9864100217819214,85.69000244140625
2019-11-04,2130.239990234375,3078.27001953125,1163.800048828125,1.7860000133514404,12.829999923706055,2.6670000553131104,37.22905731201172,56.540000915527344,97.51000213623047,1508.0,10.753671646118164,0.9858400225639343,88.75
2019-11-05,2142.639892578125,3074.6201171875,1161.81005859375,1.8660000562667847,13.100000381469727,2.694999933242798,37.442283630371094,57.22999954223633,97.9800033569336,1480.800048828125,10.688223838806152,0.988290011882782,90.9800033569336
2019-11-06,2144.14990234375,3076.780029296875,1155.199951171875,1.8140000104904175,12.619999885559082,2.6610000133514404,37.322872161865234,56.349998474121094,97.94999694824219,1490.199951171875,10.583212852478027,0.9923999905586243,89.58999633789062
2019-11-07,2144.2900390625,3085.179931640625,1160.0799560546875,1.9259999990463257,12.729999542236328,2.7239999771118164,37.59580612182617,57.150001525878906,98.13999938964844,1464.199951171875,10.651095390319824,0.9924700260162354,90.1500015258789
2019-11-08,2137.22998046875,3093.080078125,1158.5999755859375,1.9329999685287476,12.069999694824219,2.677999973297119,37.254642486572266,57.2400016784668,98.3499984741211,1461.300048828125,10.558504104614258,0.9945999979972839,89.05999755859375
2019-11-11,2124.090087890625,3087.010009765625,1158.5999755859375,1.9429999589920044,12.6899995803833,2.6600000858306885,36.99024963378906,56.86000061035156,98.19999694824219,1455.5,10.606927871704102,0.9971699714660645,89.55999755859375
2019-11-12,2140.919921875,3091.840087890625,1163.9000244140625,1.909000039100647,12.680000305175781,2.6419999599456787,36.75142288208008,56.79999923706055,98.30999755859375,1452.0999755859375,10.681846618652344,0.9930099844932556,90.3499984741211
2019-11-13,2122.449951171875,3094.0400390625,1164.949951171875,1.8700000047683716,13.0,2.6364998817443848,36.46997833251953,57.119998931884766,98.37000274658203,1461.699951171875,10.688301086425781,0.9926599860191345,93.5
2019-11-14,2139.22998046875,3096.6298828125,1169.8599853515625,1.815000057220459,13.050000190734863,2.618499994277954,36.49555206298828,56.77000045776367,98.16000366210938,1471.800048828125,10.760287284851074,0.9896699786186218,93.44999694824219
2019-11-15,2162.179931640625,3120.4599609375,1167.52001953125,1.8339999914169312,12.050000190734863,2.634999990463257,36.785552978515625,57.720001220703125,98.0,1467.300048828125,10.760305404663086,0.9887700080871582,93.3499984741211
2019-11-18,2160.68994140625,3122.030029296875,1162.3299560546875,1.8079999685287476,12.460000038146973,2.617500066757202,36.7258415222168,57.04999923706055,97.79000091552734,1470.9000244140625,10.687832832336426,0.9889860153198242,93.98999786376953
2019-11-19,2153.239990234375,3120.179931640625,1165.68994140625,1.7860000133514404,12.859999656677246,2.6535000801086426,36.8026008605957,55.209999084472656,97.86000061035156,1473.300048828125,10.726582527160645,0.9890999794006348,95.94999694824219
2019-11-20,2125.320068359375,3108.4599609375,1165.8199462890625,1.7380000352859497,12.779999732971191,2.6465001106262207,36.64055252075195,57.11000061035156,97.93000030517578,1473.300048828125,10.75003719329834,0.99031001329422,95.36000061035156
2019-11-21,2096.60009765625,3103.5400390625,1168.260009765625,1.7719999551773071,13.130000114440918,2.621000051498413,36.56379318237305,58.58000183105469,97.98999786376953,1463.0999755859375,10.770004272460938,0.9903799891471863,96.08999633789062
2019-11-22,2101.9599609375,3110.2900390625,1175.22998046875,1.7740000486373901,12.34000015258789,2.6475000381469727,36.56379318237305,57.77000045776367,98.2699966430664,1463.0999755859375,10.823034286499023,0.9926999807357788,94.4000015258789
2019-11-25,2123.5,3133.639892578125,1179.489990234375,1.7640000581741333,11.869999885559082,2.6475000381469727,36.9305419921875,58.0099983215332,98.31999969482422,1456.5999755859375,10.847580909729004,0.9976000189781189,90.23999786376953
2019-11-26,2121.35009765625,3140.52001953125,1172.4100341796875,1.7400000095367432,11.539999961853027,2.674499988555908,36.81965637207031,58.40999984741211,98.25,1459.800048828125,10.756845474243164,0.9967399835586548,89.87999725341797
2019-11-27,2127.85009765625,3153.6298828125,1172.5999755859375,1.7669999599456787,11.75,2.674499988555908,36.8623046875,58.11000061035156,98.41000366210938,1453.4000244140625,10.748184204101562,0.9975900053977966,90.19999694824219
2019-11-28,2118.60009765625,3153.6298828125,1175.3599853515625,1.7669999599456787,11.75,2.674499988555908,36.8623046875,58.11000061035156,98.41000366210938,1453.4000244140625,10.74713134765625,0.9984700083732605,90.19999694824219
2019-11-29,2087.9599609375,3140.97998046875,1177.010009765625,1.7760000228881836,12.619999885559082,2.6419999599456787,36.28233337402344,55.16999816894531,98.2699966430664,1465.5999755859375,10.747190475463867,0.9983599781990051,91.05000305175781
2019-12-02,2091.919921875,3113.8701171875,1181.469970703125,1.8359999656677246,14.90999984741211,2.632499933242798,36.273807525634766,55.959999084472656,97.86000061035156,1462.300048828125,10.770072937011719,1.0001100301742554,98.91000366210938
2019-12-03,2084.070068359375,3093.199951171875,1183.7900390625,1.7089999914169312,15.960000038146973,2.6080000400543213,36.0861701965332,56.099998474121094,97.73999786376953,1478.199951171875,10.857869148254395,0.9914299845695496,102.6500015258789
2019-12-04,2068.889892578125,3112.760009765625,1187.6300048828125,1.781000018119812,14.800000190734863,2.6440000534057617,36.359100341796875,58.43000030517578,97.6500015258789,1474.0,10.930283546447754,0.9868999719619751,98.72000122070312
2019-12-05,2060.739990234375,3117.429931640625,1189.4599609375,1.7970000505447388,14.520000457763672,2.6484999656677246,36.52114486694336,58.43000030517578,97.41000366210938,1476.9000244140625,10.928971290588379,0.9882500171661377,98.12000274658203
2019-12-06,2081.85009765625,3145.909912109375,1187.97998046875,1.8420000076293945,13.619999885559082,2.7109999656677246,36.734371185302734,59.20000076293945,97.69999694824219,1459.0999755859375,10.92516040802002,0.9869999885559082,96.5199966430664
2019-12-09,2088.64990234375,3135.9599609375,1186.1099853515625,1.8289999961853027,15.859999656677246,2.746500015258789,36.58938217163086,59.02000045776367,97.63999938964844,1459.300048828125,10.91879940032959,0.9904800057411194,101.88999938964844
2019-12-10,2098.0,3132.52001953125,1188.6800537109375,1.8329999446868896,15.680000305175781,2.755500078201294,36.71731185913086,59.2400016784668,97.41000366210938,1462.5999755859375,10.946999549865723,0.9877600073814392,101.02999877929688
2019-12-11,2105.6201171875,3141.6298828125,1189.0699462890625,1.7899999618530273,14.989999771118164,2.7825000286102295,37.254642486572266,58.7599983215332,97.16000366210938,1469.4000244140625,10.932570457458496,0.984470009803772,104.81999969482422
2019-12-12,2137.35009765625,3168.570068359375,1187.9300537109375,1.8969999551773071,13.9399995803833,2.7894999980926514,37.9028434753418,59.18000030517578,97.4000015258789,1466.699951171875,10.943267822265625,0.9824000000953674,101.30000305175781
2019-12-13,2170.25,3168.800048828125,1169.5899658203125,1.819000005722046,12.630000114440918,2.7804999351501465,37.885780334472656,60.06999969482422,97.16999816894531,1475.5999755859375,10.690217971801758,0.9849900007247925,96.61000061035156
2019-12-16,2168.14990234375,3191.449951171875,1172.530029296875,1.8919999599456787,12.140000343322754,2.820499897003174,38.20723342895508,60.209999084472656,97.06999969482422,1475.0,10.710078239440918,0.983959972858429,94.20999908447266
2019-12-17,2195.679931640625,3192.52001953125,1167.4599609375,1.8890000581741333,12.289999961853027,2.819499969482422,38.55567932128906,60.939998626708984,97.20999908447266,1474.5999755859375,10.6503267288208,0.9832000136375427,98.55999755859375
2019-12-18,2194.760009765625,3191.139892578125,1162.780029296875,1.9240000247955322,12.579999923706055,2.816999912261963,38.764739990234375,60.93000030517578,97.41000366210938,1472.5999755859375,10.617104530334473,0.9797000288963318,99.19999694824219
2019-12-19,2196.56005859375,3205.3701171875,1164.3599853515625,1.9079999923706055,12.5,2.8315000534057617,38.782169342041016,61.220001220703125,97.41999816894531,1478.199951171875,10.62808609008789,0.9800099730491638,97.25
2019-12-20,2204.179931640625,3221.219970703125,1161.06005859375,1.9170000553131104,12.510000228881836,2.811000108718872,38.86056900024414,60.439998626708984,97.70999908447266,1474.699951171875,10.614240646362305,0.9782000184059143,99.29000091552734
2019-12-23,2203.7099609375,3224.010009765625,1159.300048828125,1.934999942779541,12.609999656677246,2.816999912261963,38.9128303527832,60.52000045776367,97.66000366210938,1482.5,10.586828231811523,0.9822800159454346,99.81999969482422
2019-12-24,2190.080078125,3223.3798828125,1161.5699462890625,1.909999966621399,12.670000076293945,2.8385000228881836,38.825721740722656,61.11000061035156,97.6500015258789,1499.0999755859375,10.619097709655762,0.981469988822937,98.83000183105469
2019-12-25,2190.080078125,3223.3798828125,1162.22998046875,1.909999966621399,12.670000076293945,2.8385000228881836,38.825721740722656,61.11000061035156,97.6500015258789,1499.0999755859375,10.62459659576416,0.9803000092506409,98.83000183105469
2019-12-26,2197.929931640625,3239.909912109375,1159.75,1.9049999713897705,12.649999618530273,2.864500045776367,39.10447692871094,61.68000030517578,97.58999633789062,1509.300048828125,10.582954406738281,0.9793999791145325,97.45999908447266
2019-12-27,2204.2099609375,3240.02001953125,1161.199951171875,1.8739999532699585,13.430000305175781,2.8364999294281006,39.26129150390625,61.720001220703125,96.91999816894531,1513.800048828125,10.60214614868164,0.981469988822937,99.62999725341797
2019-12-30,2197.669921875,3221.2900390625,1160.6800537109375,1.8949999809265137,14.819999694824219,2.827500104904175,38.99993896484375,61.68000030517578,96.73999786376953,1514.5,10.606635093688965,0.9737100005149841,100.0199966430664
2019-12-31,2197.669921875,3230.780029296875,1156.3499755859375,1.9190000295639038,13.779999732971191,2.7939999103546143,39.08706283569336,61.060001373291016,96.38999938964844,1519.5,10.62109088897705,0.9686300158500671,94.0999984741211
2020-01-01,2197.669921875,3230.780029296875,1153.75,1.9190000295639038,13.779999732971191,2.7939999103546143,39.08706283569336,61.060001373291016,96.38999938964844,1519.5,10.61553955078125,0.967199981212616,94.0999984741211
2020-01-02,2175.169921875,3257.85009765625,1153.969970703125,1.8819999694824219,12.470000267028809,2.8329999446868896,39.87977981567383,61.18000030517578,96.8499984741211,1524.5,10.615074157714844,0.9674999713897705,89.66999816894531
2020-01-03,2176.4599609375,3234.85009765625,1157.1500244140625,1.7879999876022339,14.020000457763672,2.7985000610351562,39.13932418823242,63.04999923706055,96.83999633789062,1549.199951171875,10.659966468811035,0.9711999893188477,93.79000091552734
2020-01-06,2155.070068359375,3246.280029296875,1165.8499755859375,1.8109999895095825,13.850000381469727,2.80049991607666,39.04350280761719,63.27000045776367,96.66999816894531,1566.199951171875,10.798657417297363,0.9714800119400024,92.66000366210938
2020-01-07,2175.5400390625,3237.179931640625,1167.4200439453125,1.8270000219345093,13.789999961853027,2.803999900817871,39.01736831665039,62.70000076293945,96.9800033569336,1571.800048828125,10.75662899017334,0.968500018119812,91.06999969482422
2020-01-08,2151.31005859375,3253.050048828125,1166.4599609375,1.8739999532699585,13.449999809265137,2.819000005722046,39.243858337402344,59.61000061035156,97.30000305175781,1557.4000244140625,10.797057151794434,0.9688299894332886,90.20999908447266
2020-01-09,2186.449951171875,3274.699951171875,1161.260009765625,1.8580000400543213,12.539999961853027,2.810499906539917,39.50519943237305,59.560001373291016,97.44999694824219,1551.699951171875,10.649169921875,0.9732000231742859,87.80999755859375
2020-01-10,2206.389892578125,3265.35009765625,1157.81005859375,1.8250000476837158,12.5600004196167,2.81850004196167,39.714263916015625,59.040000915527344,97.36000061035156,1557.5,10.572882652282715,0.9731199741363525,88.33000183105469
2020-01-13,2229.260009765625,3288.1298828125,1156.9300537109375,1.8480000495910645,12.319999694824219,2.8615000247955322,40.33275604248047,58.08000183105469,97.3499984741211,1548.4000244140625,10.559109687805176,0.9731400012969971,88.4800033569336
2020-01-14,2238.8798828125,3283.14990234375,1153.93994140625,1.8179999589920044,12.390000343322754,2.875999927520752,40.10626983642578,58.22999954223633,97.37000274658203,1542.4000244140625,10.492176055908203,0.9707000255584717,86.87000274658203
2020-01-15,2230.97998046875,3289.2900390625,1157.050048828125,1.7879999876022339,12.420000076293945,2.869999885559082,39.79266357421875,57.810001373291016,97.2300033569336,1552.0999755859375,10.524279594421387,0.9670699834823608,91.1500015258789
2020-01-16,2248.050048828125,3316.81005859375,1156.780029296875,1.809000015258789,12.319999694824219,2.8519999980926514,40.045291900634766,58.52000045776367,97.31999969482422,1549.0,10.536259651184082,0.963699996471405,90.37999725341797
2020-01-17,2250.570068359375,3329.6201171875,1158.77001953125,1.8359999656677246,12.100000381469727,2.8494999408721924,40.271785736083984,58.540000915527344,97.61000061035156,1558.800048828125,10.516586303710938,0.9648799896240234,91.75
2020-01-20,2262.639892578125,3329.6201171875,1160.3599853515625,1.8359999656677246,12.100000381469727,2.8494999408721924,40.271785736083984,58.540000915527344,97.61000061035156,1558.800048828125,10.521855354309082,0.968209981918335,91.75
2020-01-21,2239.68994140625,3320.7900390625,1157.5699462890625,1.7690000534057617,12.850000381469727,2.7985000610351562,39.25257110595703,58.34000015258789,97.52999877929688,1556.4000244140625,10.50588607788086,0.9683799743652344,92.9800033569336
2020-01-22,2267.25,3321.75,1168.739990234375,1.7690000534057617,12.90999984741211,2.7669999599456787,39.57489013671875,56.7400016784668,97.52999877929688,1555.300048828125,10.632980346679688,0.9688000082969666,91.11000061035156
2020-01-23,2246.1298828125,3325.5400390625,1163.72998046875,1.7400000095367432,12.979999542236328,2.7260000705718994,39.165462493896484,55.59000015258789,97.69000244140625,1564.5999755859375,10.6053466796875,0.9674000144004822,92.54000091552734
2020-01-24,2246.1298828125,3295.469970703125,1167.5999755859375,1.680999994277954,14.5600004196167,2.685499906539917,38.85185241699219,54.189998626708984,97.8499984741211,1571.0999755859375,10.657465934753418,0.9695000052452087,98.43000030517578
2020-01-27,2246.1298828125,3243.6298828125,1169.1500244140625,1.6050000190734863,18.229999542236328,2.5964999198913574,37.51033401489258,53.13999938964844,97.95999908447266,1576.800048828125,10.737181663513184,0.9699400067329407,107.38999938964844
2020-01-28,2176.719970703125,3276.239990234375,1176.72998046875,1.6410000324249268,16.280000686645508,2.5794999599456787,37.823944091796875,53.47999954223633,98.0199966430664,1569.199951171875,10.802923202514648,0.9698500037193298,102.11000061035156
2020-01-29,2185.280029296875,3273.39990234375,1174.280029296875,1.593999981880188,16.389999389648438,2.553499937057495,38.006874084472656,53.33000183105469,97.98999786376953,1569.800048828125,10.768526077270508,0.9729800224304199,99.06999969482422
2020-01-30,2148.0,3283.659912109375,1178.0799560546875,1.5579999685287476,15.489999771118164,2.5234999656677246,37.440650939941406,52.13999938964844,97.87000274658203,1583.5,10.817395210266113,0.9731799960136414,96.48999786376953
2020-01-31,2119.010009765625,3225.52001953125,1187.1199951171875,1.5199999809265137,18.84000015258789,2.5199999809265137,36.68277359008789,51.560001373291016,97.38999938964844,1582.9000244140625,10.902861595153809,0.9694100022315979,105.5999984741211
2020-02-03,2118.8798828125,3248.919921875,1194.8699951171875,1.5199999809265137,17.969999313354492,2.513000011444092,37.09219741821289,50.11000061035156,97.80000305175781,1577.199951171875,11.016589164733887,0.9633600115776062,102.94999694824219
2020-02-04,2157.89990234375,3297.590087890625,1189.3599853515625,1.6030000448226929,16.049999237060547,2.547499895095825,38.0504264831543,49.61000061035156,97.95999908447266,1550.4000244140625,10.949934959411621,0.9656999707221985,96.18000030517578
2020-02-05,2165.6298828125,3334.68994140625,1182.47998046875,1.6490000486373901,15.149999618530273,2.5789999961853027,38.268211364746094,50.75,98.2699966430664,1557.800048828125,10.804035186767578,0.9692699909210205,92.81999969482422
2020-02-06,2227.93994140625,3345.780029296875,1183.4599609375,1.6440000534057617,14.960000038146973,2.5985000133514404,38.30305480957031,50.95000076293945,98.5,1565.0999755859375,10.776458740234375,0.9732999801635742,93.61000061035156
2020-02-07,2211.949951171875,3327.7099609375,1184.25,1.5779999494552612,15.470000267028809,2.559000015258789,37.77167510986328,50.31999969482422,98.68000030517578,1568.5999755859375,10.76865005493164,0.9745000004768372,96.01000213623047
2020-02-10,2201.070068359375,3352.090087890625,1191.0899658203125,1.5470000505447388,15.039999961853027,2.557499885559082,37.980735778808594,49.56999969482422,98.83000183105469,1574.699951171875,10.85740852355957,0.9766600131988525,96.80999755859375
2020-02-11,2223.1201171875,3357.75,1185.6300048828125,1.590000033378601,15.180000305175781,2.5885000228881836,38.4772834777832,49.939998626708984,98.72000122070312,1565.5999755859375,10.810098648071289,0.9771000146865845,96.95999908447266
2020-02-12,2238.3798828125,3379.449951171875,1180.719970703125,1.6299999952316284,13.739999771118164,2.6059999465942383,38.99993896484375,51.16999816894531,99.05000305175781,1567.4000244140625,10.74876880645752,0.975600004196167,96.6500015258789
2020-02-13,2232.9599609375,3373.93994140625,1177.9599609375,1.6169999837875366,14.149999618530273,2.619499921798706,38.48598098754883,51.41999816894531,99.06999969482422,1575.0999755859375,10.722862243652344,0.9775599837303162,99.16999816894531
2020-02-14,2243.590087890625,3380.159912109375,1183.469970703125,1.5880000591278076,13.680000305175781,2.6054999828338623,38.50341033935547,52.04999923706055,99.12000274658203,1582.699951171875,10.781901359558105,0.978879988193512,98.16999816894531
2020-02-17,2242.169921875,3380.159912109375,1182.1800537109375,1.5880000591278076,13.680000305175781,2.6054999828338623,38.50341033935547,52.04999923706055,99.12000274658203,1582.699951171875,10.76050090789795,0.981689989566803,98.16999816894531
2020-02-18,2208.8798828125,3370.2900390625,1183.81005859375,1.555999994277954,14.829999923706055,2.609999895095825,38.25078582763672,52.04999923706055,99.45999908447266,1600.0,10.77837085723877,0.980400025844574,101.0199966430664
2020-02-19,2210.340087890625,3386.14990234375,1189.9300537109375,1.5700000524520874,14.380000114440918,2.612499952316284,38.52954864501953,53.290000915527344,99.5999984741211,1607.5,10.821002006530762,0.9829000234603882,95.91999816894531
2020-02-20,2195.5,3373.22998046875,1191.3699951171875,1.524999976158142,15.5600004196167,2.5950000286102295,37.928462982177734,53.779998779296875,99.87000274658203,1616.5999755859375,10.711742401123047,0.9835000038146973,99.4800033569336
2020-02-21,2162.840087890625,3337.75,1204.4000244140625,1.4709999561309814,17.079999923706055,2.618000030517578,37.710693359375,53.380001068115234,99.26000213623047,1644.5999755859375,10.755827903747559,0.9837599992752075,104.86000061035156
2020-02-24,2079.0400390625,3225.889892578125,1205.77001953125,1.3769999742507935,25.030000686645508,2.5924999713897705,36.29948425292969,51.43000030517578,99.29000091552734,1672.4000244140625,10.80189323425293,0.9788399934768677,112.72000122070312
2020-02-25,2103.610107421875,3128.2099609375,1217.6500244140625,1.3300000429153442,27.850000381469727,2.5964999198913574,36.01200866699219,49.900001525878906,98.97000122070312,1646.9000244140625,10.984911918640137,0.9797800183296204,121.01000213623047
2020-02-26,2076.77001953125,3116.389892578125,1214.550048828125,1.309999942779541,27.559999465942383,2.5764999389648438,36.29948425292969,48.72999954223633,99.0,1640.0,11.012829780578613,0.9758999943733215,113.44000244140625
2020-02-27,2054.889892578125,2978.760009765625,1211.3599853515625,1.2990000247955322,39.15999984741211,2.571500062942505,35.42836380004883,47.09000015258789,98.44000244140625,1640.0,10.977286338806152,0.97639000415802,118.0
2020-02-28,1987.010009765625,2954.219970703125,1211.31005859375,1.1269999742507935,40.11000061035156,2.5460000038146973,35.29770278930664,44.7599983215332,98.12999725341797,1564.0999755859375,11.0450439453125,0.96875,125.7300033569336
2020-03-02,2002.510009765625,3090.22998046875,1200.0999755859375,1.0880000591278076,33.41999816894531,2.6010000705718994,36.06427764892578,46.75,97.36000061035156,1592.300048828125,11.125016212463379,0.9639800190925598,114.69000244140625
2020-03-03,2014.1500244140625,3003.3701171875,1188.280029296875,1.0099999904632568,36.81999969482422,2.5794999599456787,35.820369720458984,47.18000030517578,97.1500015258789,1642.0999755859375,10.951990127563477,0.9581000208854675,116.72000122070312
2020-03-04,2059.330078125,3130.1201171875,1186.3399658203125,0.9919999837875366,31.989999771118164,2.5929999351501465,36.45628356933594,46.779998779296875,97.33999633789062,1641.0999755859375,11.081904411315918,0.9556499719619751,113.97000122070312
2020-03-05,2085.260009765625,3023.93994140625,1183.6800537109375,0.9259999990463257,39.619998931884766,2.5824999809265137,35.68970489501953,45.900001525878906,96.81999969482422,1666.4000244140625,10.991591453552246,0.95660001039505,119.66000366210938
2020-03-06,2040.219970703125,2972.3701171875,1187.469970703125,0.7059999704360962,41.939998626708984,2.572999954223633,34.95795822143555,41.279998779296875,95.94999694824219,1670.800048828125,11.175264358520508,0.9458000063896179,127.16000366210938
2020-03-09,1954.77001953125,2746.56005859375,1187.699951171875,0.49900001287460327,54.459999084472656,2.5239999294281006,32.571102142333984,31.1299991607666,94.9000015258789,1674.5,11.423103332519531,0.9274500012397766,137.19000244140625
2020-03-10,1962.9300537109375,2882.22998046875,1199.9599609375,0.7480000257492065,47.29999923706055,2.5339999198913574,34.226219177246094,34.36000061035156,96.41000366210938,1659.0999755859375,11.634735107421875,0.9283599853515625,138.82000732421875
2020-03-11,1908.27001953125,2741.3798828125,1184.699951171875,0.8199999928474426,53.900001525878906,2.51200008392334,32.63207244873047,32.97999954223633,96.51000213623047,1641.4000244140625,11.28597354888916,0.9368100166320801,146.92999267578125
2020-03-12,1834.3299560546875,2480.639892578125,1189.3900146484375,0.8489999771118164,75.47000122070312,2.4809999465942383,29.365379333496094,31.5,97.47000122070312,1589.300048828125,11.388894081115723,0.9389500021934509,155.0500030517578
2020-03-13,1771.43994140625,2711.02001953125,1209.969970703125,0.9509999752044678,57.83000183105469,2.4739999771118164,31.482194900512695,31.729999542236328,98.75,1515.699951171875,11.566373825073242,0.9446499943733215,171.27999877929688
2020-03-16,1714.8599853515625,2386.1298828125,1210.800048828125,0.7279999852180481,82.69000244140625,2.3984999656677246,27.553457260131836,28.700000762939453,98.08999633789062,1485.9000244140625,11.347212791442871,0.9463000297546387,207.58999633789062
2020-03-17,1672.43994140625,2529.18994140625,1232.0400390625,0.996999979019165,75.91000366210938,2.315500020980835,29.45249366760254,26.950000762939453,99.58000183105469,1524.9000244140625,11.60330581665039,0.9475299715995789,194.42999267578125
2020-03-18,1591.199951171875,2398.10009765625,1237.989990234375,1.2660000324249268,76.44999694824219,2.1605000495910645,26.908830642700195,20.3700008392334,101.16000366210938,1477.300048828125,11.528249740600586,0.9596499800682068,181.3300018310547
2020-03-19,1457.6400146484375,2409.389892578125,1255.3499755859375,1.11899995803833,72.0,2.200000047683716,27.117900848388672,25.219999313354492,102.76000213623047,1478.5999755859375,11.580719947814941,0.9666299819946289,181.75999450683594
2020-03-20,1566.1500244140625,2304.919921875,1256.8800048828125,0.9380000233650208,66.04000091552734,2.190500020980835,27.318254470825195,22.43000030517578,102.81999969482422,1484.0,11.294498443603516,0.9887199997901917,187.17999267578125
2020-03-23,1482.4599609375,2237.39990234375,1253.949951171875,0.7639999985694885,61.59000015258789,2.119499921798706,26.664915084838867,23.360000610351562,102.48999786376953,1567.0,11.355053901672363,0.985069990158081,167.92999267578125
2020-03-24,1609.969970703125,2447.330078125,1262.9300537109375,0.8159999847412109,61.66999816894531,2.197499990463257,28.668487548828125,24.010000228881836,101.73999786376953,1660.199951171875,11.36384105682373,0.9817000031471252,171.91000366210938
2020-03-25,1704.760009765625,2475.56005859375,1228.5999755859375,0.8579999804496765,63.95000076293945,2.2339999675750732,29.678987503051758,24.489999771118164,101.05000305175781,1632.300048828125,11.055720329284668,0.9799699783325195,171.88999938964844
2020-03-26,1686.239990234375,2630.070068359375,1231.0799560546875,0.8109999895095825,61.0,2.2079999446868896,30.8027286529541,22.600000381469727,99.41999816894531,1650.0999755859375,11.032380104064941,0.9762399792671204,169.5800018310547
2020-03-27,1717.72998046875,2541.469970703125,1212.18994140625,0.7490000128746033,65.54000091552734,2.197000026702881,29.051780700683594,21.510000228881836,98.37000274658203,1623.9000244140625,11.109338760375977,0.9616600275039673,168.7100067138672
2020-03-30,1717.1199951171875,2626.64990234375,1211.6300048828125,0.6700000166893005,57.08000183105469,2.1619999408721924,29.530900955200195,20.09000015258789,99.18000030517578,1622.0,11.28110408782959,0.950469970703125,157.66000366210938
2020-03-31,1754.6400146484375,2584.590087890625,1222.699951171875,0.6980000138282776,53.540000915527344,2.240000009536743,29.73125457763672,20.479999542236328,99.05000305175781,1583.4000244140625,11.321892738342285,0.9599999785423279,152.9199981689453
2020-04-01,1685.4599609375,2470.5,1216.6600341796875,0.6349999904632568,57.060001373291016,2.191999912261963,28.45941734313965,20.309999465942383,99.66999816894531,1578.199951171875,11.316766738891602,0.9615100026130676,156.99000549316406
2020-04-02,1724.8599853515625,2526.89990234375,1234.72998046875,0.6269999742507935,50.90999984741211,2.2330000400543213,29.417648315429688,25.31999969482422,100.18000030517578,1625.699951171875,11.512628555297852,0.966189980506897,147.3300018310547
2020-04-03,1725.43994140625,2488.64990234375,1226.8499755859375,0.5870000123977661,46.79999923706055,2.2100000381469727,28.860136032104492,28.34000015258789,100.58000183105469,1633.699951171875,11.348006248474121,0.9742199778556824,143.52000427246094
2020-04-06,1791.8800048828125,2663.679931640625,1235.800048828125,0.6759999990463257,45.2400016784668,2.234999895095825,30.43685531616211,26.079999923706055,100.69000244140625,1677.0,11.369898796081543,0.9771999716758728,143.3000030517578
2020-04-07,1823.5999755859375,2659.409912109375,1223.0999755859375,0.7360000014305115,46.70000076293945,2.2885000705718994,30.593656539916992,23.6299991607666,99.9800033569336,1664.800048828125,11.208646774291992,0.9779599905014038,134.4499969482422
2020-04-08,1807.1400146484375,2749.97998046875,1215.31005859375,0.7639999985694885,43.349998474121094,2.2780001163482666,30.907262802124023,25.09000015258789,100.12000274658203,1665.4000244140625,11.175431251525879,0.9691900014877319,141.3699951171875
2020-04-09,1836.2099609375,2789.820068359375,1214.75,0.7289999723434448,41.66999816894531,2.2774999141693115,30.794015884399414,22.760000228881836,99.5199966430664,1736.199951171875,11.152117729187012,0.9718199968338013,137.75
2020-04-10,1860.699951171875,2789.820068359375,1209.510009765625,0.7289999723434448,41.66999816894531,2.2774999141693115,30.794015884399414,22.760000228881836,99.5199966430664,1736.199951171875,11.141077995300293,0.9668599963188171,137.75
2020-04-13,1825.760009765625,2761.6298828125,1211.0400390625,0.7490000128746033,41.16999816894531,2.320499897003174,30.83757781982422,22.40999984741211,99.3499984741211,1744.800048828125,11.177163124084473,0.9658399820327759,138.67999267578125
2020-04-14,1857.0799560546875,2846.06005859375,1213.9000244140625,0.7519999742507935,37.7599983215332,2.3469998836517334,31.54317855834961,20.110000610351562,98.88999938964844,1756.699951171875,11.27919864654541,0.9664000272750854,131.77999877929688
2020-04-15,1857.0799560546875,2783.360107421875,1212.3800048828125,0.6380000114440918,40.84000015258789,2.3125,30.7330322265625,19.8700008392334,99.45999908447266,1727.199951171875,11.310481071472168,0.9599199891090393,135.92999267578125
2020-04-16,1857.0699462890625,2799.550048828125,1222.550048828125,0.609000027179718,40.11000061035156,2.304500102996826,30.898555755615234,19.8700008392334,100.02999877929688,1720.4000244140625,11.358365058898926,0.9650999903678894,129.5500030517578
2020-04-17,1914.530029296875,2874.56005859375,1226.6400146484375,0.6539999842643738,38.150001525878906,2.3534998893737793,31.58673858642578,18.270000457763672,99.77999877929688,1689.199951171875,11.3624849319458,0.9692000150680542,127.1500015258789
2020-04-20,1898.3599853515625,2823.159912109375,1215.260009765625,0.6259999871253967,43.83000183105469,2.3345000743865967,31.18602180480957,-37.630001068115234,99.95999908447266,1701.5999755859375,11.287314414978027,0.9678300023078918,132.0399932861328
2020-04-21,1879.3800048828125,2736.56005859375,1218.0999755859375,0.5709999799728394,45.40999984741211,2.2669999599456787,30.32361602783203,10.010000228881836,100.26000213623047,1678.199951171875,11.327194213867188,0.9678999781608582,132.22000122070312
2020-04-22,1896.1500244140625,2799.31005859375,1230.8499755859375,0.6190000176429749,41.97999954223633,2.317500114440918,31.151174545288086,13.779999732971191,100.38999938964844,1728.699951171875,11.42617130279541,0.9697700142860413,124.0999984741211
2020-04-23,1914.72998046875,2797.800048828125,1231.3800048828125,0.6129999756813049,41.380001068115234,2.3239998817443848,31.03792381286621,16.5,100.43000030517578,1733.300048828125,11.420595169067383,0.9726999998092651,121.86000061035156
2020-04-24,1889.010009765625,2836.739990234375,1232.449951171875,0.5960000157356262,35.93000030517578,2.3480000495910645,30.99437141418457,16.940000534057617,100.37999725341797,1723.5,11.441018104553223,0.9763299822807312,119.87999725341797
2020-04-27,1922.77001953125,2878.47998046875,1229.5,0.656000018119812,33.290000915527344,2.381999969482422,31.621580123901367,12.779999732971191,100.04000091552734,1711.9000244140625,11.437475204467773,0.9735000133514404,120.55999755859375
2020-04-28,1934.0899658203125,2863.389892578125,1220.8699951171875,0.6100000143051147,33.56999969482422,2.378999948501587,31.682552337646484,12.34000015258789,99.87000274658203,1710.5,11.379158973693848,0.9758300185203552,117.79000091552734
2020-04-29,1947.56005859375,2939.510009765625,1220.4000244140625,0.6269999742507935,31.229999542236328,2.374500036239624,32.60594177246094,15.0600004196167,99.56999969482422,1703.4000244140625,11.432640075683594,0.9737399816513062,115.9800033569336
2020-04-30,1947.56005859375,2912.429931640625,1210.7900390625,0.621999979019165,34.150001525878906,2.3540000915527344,31.91775131225586,18.84000015258789,99.0199966430664,1684.199951171875,11.356710433959961,0.9739000201225281,118.52999877929688
2020-05-01,1947.56005859375,2830.7099609375,1212.9599609375,0.6420000195503235,37.189998626708984,2.31850004196167,30.767885208129883,19.780000686645508,98.80000305175781,1694.5,11.304919242858887,0.9664700031280518,122.1500015258789
2020-05-04,1895.3699951171875,2842.739990234375,1223.780029296875,0.6370000243186951,35.970001220703125,2.3239998817443848,31.098905563354492,20.389999389648438,99.4800033569336,1706.9000244140625,11.464303016662598,0.9624999761581421,121.25
2020-05-05,1895.3699951171875,2868.43994140625,1222.449951171875,0.6570000052452087,33.61000061035156,2.3410000801086426,31.27313995361328,24.559999465942383,99.70999908447266,1704.4000244140625,11.45714282989502,0.965399980545044,118.87000274658203
2020-05-06,1928.760009765625,2848.419921875,1221.25,0.7110000252723694,34.119998931884766,2.3524999618530273,31.177305221557617,23.989999771118164,100.08999633789062,1684.199951171875,11.472521781921387,0.972599983215332,119.16000366210938
2020-05-07,1928.6099853515625,2881.18994140625,1228.530029296875,0.6309999823570251,31.440000534057617,2.385499954223633,31.429929733276367,23.549999237060547,99.88999938964844,1721.800048828125,11.56856918334961,0.9751999974250793,115.83000183105469
2020-05-08,1945.8199462890625,2929.800048828125,1218.6300048828125,0.6819999814033508,27.979999542236328,2.4084999561309814,32.09197998046875,24.739999771118164,99.7300033569336,1709.9000244140625,11.457315444946289,0.9729499816894531,115.6500015258789
2020-05-11,1935.4000244140625,2930.18994140625,1218.699951171875,0.7260000109672546,27.56999969482422,2.381999969482422,31.882915496826172,24.139999389648438,100.23999786376953,1695.300048828125,11.397814750671387,0.9709219932556152,118.70999908447266
2020-05-12,1922.1700439453125,2870.1201171875,1222.4000244140625,0.6779999732971191,33.040000915527344,2.3605000972747803,31.76096534729004,25.780000686645508,99.93000030517578,1704.4000244140625,11.363287925720215,0.9728900194168091,130.75
2020-05-13,1940.4200439453125,2820.0,1225.6500244140625,0.6489999890327454,35.279998779296875,2.3489999771118164,31.69998550415039,25.290000915527344,100.23999786376953,1713.9000244140625,11.438424110412598,0.9698200225830078,142.75
2020-05-14,1924.9599609375,2852.5,1226.550048828125,0.6190000176429749,32.61000061035156,2.3510000705718994,31.821928024291992,27.559999465942383,100.47000122070312,1738.0999755859375,11.469322204589844,0.9718000292778015,137.0500030517578
2020-05-15,1927.280029296875,2863.699951171875,1225.4599609375,0.6399999856948853,31.889999389648438,2.3334999084472656,31.386377334594727,29.43000030517578,100.4000015258789,1753.4000244140625,11.414440155029297,0.9731000065803528,133.02000427246094
2020-05-18,1937.1099853515625,2953.909912109375,1232.0899658203125,0.7440000176429749,29.299999237060547,2.4049999713897705,32.614646911621094,31.81999969482422,99.66999816894531,1731.800048828125,11.492947578430176,0.9719099998474121,125.9000015258789
2020-05-19,1980.6099853515625,2922.93994140625,1224.199951171875,0.7110000252723694,30.530000686645508,2.4230000972747803,32.35331344604492,32.5,99.37000274658203,1744.199951171875,11.400473594665527,0.9717299938201904,125.5999984741211
2020-05-20,1989.6400146484375,2971.610107421875,1224.3199462890625,0.6800000071525574,27.989999771118164,2.4674999713897705,32.78015899658203,33.4900016784668,99.12000274658203,1750.5999755859375,11.356289863586426,0.9711599946022034,120.04000091552734
2020-05-21,1998.31005859375,2948.510009765625,1226.550048828125,0.6769999861717224,29.530000686645508,2.4519999027252197,32.40559387207031,33.91999816894531,99.37000274658203,1720.5,11.399799346923828,0.9646999835968018,122.08000183105469
2020-05-22,1970.1300048828125,2955.449951171875,1233.3900146484375,0.6570000052452087,28.15999984741211,2.4089999198913574,31.734825134277344,33.25,99.86000061035156,1734.5999755859375,11.458791732788086,0.9706799983978271,118.37999725341797
2020-05-25,1994.5999755859375,2955.449951171875,1239.550048828125,0.6570000052452087,28.15999984741211,2.4089999198913574,31.734825134277344,33.25,99.86000061035156,1734.5999755859375,11.504904747009277,0.9712200164794922,118.37999725341797
2020-05-26,2029.780029296875,2991.77001953125,1240.02001953125,0.6980000138282776,28.010000228881836,2.438499927520752,32.43171691894531,34.349998474121094,98.91000366210938,1704.800048828125,11.514520645141602,0.9714599847793579,113.58999633789062
2020-05-27,2031.199951171875,3036.1298828125,1230.8699951171875,0.6800000071525574,27.6200008392334,2.4024999141693115,32.536251068115234,32.810001373291016,99.05999755859375,1710.300048828125,11.450272560119629,0.9653469920158386,109.81999969482422
2020-05-28,2028.5400390625,3029.72998046875,1238.300048828125,0.7049999833106995,28.59000015258789,2.4130001068115234,32.30976104736328,33.709999084472656,98.37999725341797,1713.300048828125,11.487278938293457,0.9680299758911133,108.98999786376953
2020-05-29,2029.5999755859375,3044.31005859375,1237.97998046875,0.6480000019073486,27.510000228881836,2.426500082015991,32.867279052734375,35.4900016784668,98.33999633789062,1736.9000244140625,11.50063419342041,0.9639999866485596,105.5999984741211
2020-06-01,2065.080078125,3055.72998046875,1230.469970703125,0.6620000004768372,28.229999542236328,2.4744999408721924,33.62514877319336,35.439998626708984,97.83000183105469,1737.800048828125,11.423863410949707,0.9606199860572815,106.47000122070312
2020-06-02,2087.18994140625,3080.820068359375,1222.989990234375,0.6800000071525574,26.84000015258789,2.494499921798706,34.42657470703125,36.810001373291016,97.66999816894531,1725.199951171875,11.371309280395508,0.9610999822616577,104.83000183105469
2020-06-03,2147.0,3122.8701171875,1219.1400146484375,0.7609999775886536,25.65999984741211,2.496500015258789,35.228004455566406,37.290000915527344,97.27999877929688,1697.800048828125,11.202653884887695,0.9616100192070007,106.8499984741211
2020-06-04,2151.179931640625,3112.35009765625,1215.8199462890625,0.8199999928474426,25.809999465942383,2.493000030517578,34.73147201538086,37.40999984741211,96.68000030517578,1718.9000244140625,11.153749465942383,0.961359977722168,109.87999725341797
2020-06-05,2181.8701171875,3193.929931640625,1215.3800048828125,0.9039999842643738,24.520000457763672,2.556999921798706,35.64614486694336,39.54999923706055,96.94000244140625,1676.199951171875,11.13607406616211,0.9556099772453308,107.58999633789062
2020-06-08,2184.2900390625,3232.389892578125,1201.1099853515625,0.8840000033378601,25.809999465942383,2.569999933242798,35.86391830444336,38.189998626708984,96.62000274658203,1698.300048828125,10.954785346984863,0.9610000252723694,110.05000305175781
2020-06-09,2188.919921875,3207.179931640625,1195.72998046875,0.8289999961853027,27.56999969482422,2.6005001068115234,35.62001419067383,38.939998626708984,96.31999969482422,1714.699951171875,11.012411117553711,0.9575200080871582,111.0
2020-06-10,2195.68994140625,3190.139892578125,1197.300048828125,0.7480000257492065,27.56999969482422,2.6570000648498535,35.8813362121582,39.599998474121094,95.95999908447266,1713.300048828125,11.107040405273438,0.9510999917984009,116.52999877929688
2020-06-11,2176.780029296875,3002.10009765625,1189.739990234375,0.652999997138977,40.790000915527344,2.5864999294281006,34.008445739746094,36.34000015258789,96.7300033569336,1732.0,11.12088394165039,0.9437299966812134,116.52999877929688
2020-06-12,2132.300048828125,3041.31005859375,1204.760009765625,0.6990000009536743,36.09000015258789,2.6015000343322754,34.73147201538086,36.2599983215332,97.31999969482422,1729.300048828125,11.279891014099121,0.9441400170326233,151.60000610351562
2020-06-15,2030.8199462890625,3066.590087890625,1202.6099853515625,0.7020000219345093,34.400001525878906,2.56850004196167,34.416046142578125,37.119998931884766,96.68000030517578,1720.300048828125,11.208025932312012,0.9514300227165222,141.8300018310547
2020-06-16,2138.050048828125,3124.739990234375,1206.9000244140625,0.7559999823570251,33.66999816894531,2.565999984741211,34.635093688964844,38.380001068115234,96.95999908447266,1729.5999755859375,11.229320526123047,0.9488999843597412,143.24000549316406
2020-06-17,2141.050048828125,3113.489990234375,1211.1500244140625,0.7329999804496765,33.470001220703125,2.5920000076293945,34.96803283691406,37.959999084472656,97.16000366210938,1729.199951171875,11.27490234375,0.9511299729347229,139.94000244140625
2020-06-18,2133.47998046875,3115.340087890625,1214.3499755859375,0.6940000057220459,32.939998626708984,2.5910000801086426,34.985557556152344,38.84000015258789,97.41999816894531,1724.800048828125,11.361408233642578,0.948710024356842,135.8300018310547
2020-06-19,2141.320068359375,3097.739990234375,1211.3599853515625,0.6970000267028809,35.119998931884766,2.615000009536743,34.9767951965332,39.75,97.62000274658203,1745.9000244140625,11.321121215820312,0.95169997215271,138.35000610351562
2020-06-22,2126.72998046875,3117.860107421875,1210.8900146484375,0.7039999961853027,31.770000457763672,2.6554999351501465,35.4061279296875,40.459999084472656,97.04000091552734,1756.699951171875,11.33399486541748,0.9521999955177307,133.97999572753906
2020-06-23,2131.239990234375,3131.2900390625,1208.0,0.7089999914169312,31.3700008392334,2.6600000858306885,35.74782943725586,40.369998931884766,96.69000244140625,1772.0999755859375,11.29965877532959,0.9468600153923035,130.72999572753906
2020-06-24,2161.510009765625,3050.330078125,1207.949951171875,0.6840000152587891,33.84000015258789,2.6505000591278076,35.27469253540039,38.0099983215332,97.1500015258789,1765.800048828125,11.348966598510742,0.944570004940033,136.88999938964844
2020-06-25,2112.3701171875,3083.760009765625,1205.25,0.6740000247955322,32.220001220703125,2.6624999046325684,35.42364501953125,38.720001220703125,97.43000030517578,1762.0999755859375,11.259336471557617,0.9481599926948547,127.19999694824219
2020-06-26,2134.64990234375,3009.050048828125,1201.52001953125,0.6359999775886536,34.72999954223633,2.671999931335449,34.994319915771484,38.4900016784668,97.5,1772.5,11.212154388427734,0.9480999708175659,128.6300048828125
2020-06-29,2093.47998046875,3053.239990234375,1202.6300048828125,0.6359999775886536,31.780000686645508,2.679500102996826,35.152034759521484,39.70000076293945,97.54000091552734,1774.800048828125,11.218354225158691,0.9476000070571899,121.31999969482422
2020-06-30,2108.330078125,3100.2900390625,1198.489990234375,0.652999997138977,30.43000030517578,2.7135000228881836,35.03812789916992,39.27000045776367,97.38999938964844,1793.0,11.139335632324219,0.9510499835014343,120.76000213623047
2020-07-01,2106.699951171875,3115.860107421875,1198.3900146484375,0.6819999814033508,28.6200008392334,2.7170000076293945,35.43240737915039,39.81999969482422,97.19999694824219,1773.199951171875,11.096510887145996,0.9467999935150146,120.83000183105469
2020-07-02,2135.3701171875,3130.010009765625,1200.699951171875,0.6690000295639038,27.68000030517578,2.7335000038146973,36.23848342895508,40.650001525878906,97.31999969482422,1784.0,11.182305335998535,0.9457700252532959,115.47000122070312
2020-07-03,2152.409912109375,3130.010009765625,1198.1700439453125,0.6690000295639038,27.68000030517578,2.7335000038146973,36.23848342895508,40.650001525878906,97.31999969482422,1784.0,11.146149635314941,0.9455400109291077,115.47000122070312
2020-07-06,2187.929931640625,3179.719970703125,1198.5,0.6840000152587891,27.940000534057617,2.7660000324249268,37.798065185546875,40.630001068115234,96.79000091552734,1788.5,11.139511108398438,0.9449700117111206,116.56999969482422
2020-07-07,2164.169921875,3145.320068359375,1190.9300537109375,0.6499999761581421,29.43000030517578,2.7874999046325684,37.1672248840332,40.619998931884766,96.87999725341797,1804.199951171875,11.092452049255371,0.9418200254440308,118.12000274658203
2020-07-08,2158.8798828125,3169.93994140625,1195.699951171875,0.652999997138977,28.079999923706055,2.814500093460083,38.13102340698242,40.900001525878906,96.43000030517578,1815.5,11.114416122436523,0.942300021648407,113.33999633789062
2020-07-09,2167.89990234375,3152.050048828125,1192.02001953125,0.6050000190734863,29.260000228881836,2.828000068664551,38.13102340698242,39.619998931884766,96.69999694824219,1799.199951171875,11.110882759094238,0.9380999803543091,115.11000061035156
2020-07-10,2150.25,3185.0400390625,1195.77001953125,0.6330000162124634,27.290000915527344,2.88700008392334,37.88568878173828,40.54999923706055,96.6500015258789,1798.199951171875,11.150617599487305,0.9403700232505798,109.70999908447266
2020-07-13,2186.06005859375,3155.219970703125,1199.52001953125,0.6399999856948853,32.189998626708984,2.941999912261963,37.6316032409668,40.099998474121094,96.45999908447266,1811.0,11.219380378723145,0.9405099749565125,123.30000305175781
2020-07-14,2183.610107421875,3197.52001953125,1203.780029296875,0.6150000095367432,29.520000457763672,2.9159998893737793,37.684173583984375,40.290000915527344,96.26000213623047,1810.5999755859375,11.221125602722168,0.9417600035667419,112.75
2020-07-15,2201.8798828125,3226.56005859375,1203.97998046875,0.6299999952316284,27.760000228881836,2.870500087738037,37.798065185546875,41.20000076293945,96.08000183105469,1811.4000244140625,11.226705551147461,0.9394400119781494,113.70999908447266
2020-07-16,2183.760009765625,3215.570068359375,1200.469970703125,0.6119999885559082,28.0,2.885999917984009,37.263607025146484,40.75,96.3499984741211,1798.699951171875,11.227678298950195,0.9440100193023682,115.62000274658203
2020-07-17,2201.18994140625,3224.72998046875,1204.22998046875,0.628000020980835,25.68000030517578,2.887500047683716,37.47389221191406,40.59000015258789,95.94000244140625,1808.300048828125,11.224839210510254,0.9453399777412415,117.97000122070312
2020-07-20,2198.199951171875,3251.840087890625,1202.530029296875,0.6200000047683716,24.459999084472656,2.8984999656677246,37.95578384399414,40.810001373291016,95.83000183105469,1815.9000244140625,11.229363441467285,0.938319981098175,112.51000213623047
2020-07-21,2228.830078125,3257.300048828125,1200.030029296875,0.6069999933242798,24.84000015258789,2.940999984741211,38.30625534057617,41.959999084472656,95.12000274658203,1842.4000244140625,11.194570541381836,0.9387999773025513,115.45999908447266
2020-07-22,2228.659912109375,3276.02001953125,1192.739990234375,0.5950000286102295,24.31999969482422,2.9084999561309814,38.139774322509766,41.900001525878906,94.97000122070312,1864.0999755859375,11.166031837463379,0.9325299859046936,112.83999633789062
2020-07-23,2216.18994140625,3235.659912109375,1197.22998046875,0.5820000171661377,26.079999923706055,2.924499988555908,37.8331184387207,41.06999969482422,94.69000244140625,1889.0999755859375,11.162689208984375,0.9294000267982483,116.69999694824219
2020-07-24,2200.43994140625,3215.6298828125,1200.93994140625,0.5889999866485596,25.84000015258789,2.881999969482422,37.798065185546875,41.290000915527344,94.44000244140625,1897.300048828125,11.236089706420898,0.9252899885177612,117.22000122070312
2020-07-27,2217.860107421875,3239.409912109375,1200.489990234375,0.609000027179718,24.739999771118164,2.888000011444092,38.38511657714844,41.599998474121094,93.66999816894531,1931.0,11.326605796813965,0.9208999872207642,112.70999908447266
2020-07-28,2256.989990234375,3218.43994140625,1195.9200439453125,0.5809999704360962,25.440000534057617,2.9049999713897705,38.06969451904297,41.040000915527344,93.76000213623047,1944.699951171875,11.360933303833008,0.91948002576828,113.87999725341797
2020-07-29,2263.159912109375,3258.43994140625,1199.3699951171875,0.5789999961853027,24.100000381469727,2.9054999351501465,38.68301010131836,41.27000045776367,93.26000213623047,1953.5,11.41050910949707,0.9178000092506409,110.94999694824219
2020-07-30,2267.010009765625,3246.219970703125,1190.72998046875,0.5410000085830688,24.760000228881836,2.9045000076293945,38.19234848022461,39.91999816894531,93.0199966430664,1942.300048828125,11.338929176330566,0.9124199748039246,112.16000366210938
2020-07-31,2249.3701171875,3271.1201171875,1189.56005859375,0.5360000133514404,24.459999084472656,2.8589999675750732,37.929500579833984,40.27000045776367,93.48999786376953,1962.800048828125,11.355191230773926,0.9085000157356262,112.04000091552734
2020-08-03,2251.0400390625,3294.610107421875,1193.3900146484375,0.5630000233650208,24.280000686645508,2.9079999923706055,38.19234848022461,41.0099983215332,93.5,1966.0,11.272540092468262,0.9132000207901001,111.0199966430664
2020-08-04,2279.969970703125,3306.510009765625,1191.760009765625,0.5149999856948853,23.760000228881836,2.8894999027252197,38.70053482055664,41.70000076293945,93.37999725341797,2001.199951171875,11.238494873046875,0.9175999760627747,109.0
2020-08-05,2311.860107421875,3327.77001953125,1192.25,0.5429999828338623,22.989999771118164,2.9114999771118164,39.12109375,42.189998626708984,92.83000183105469,2031.0999755859375,11.29211139678955,0.9125699996948242,105.66999816894531
2020-08-06,2342.610107421875,3349.159912109375,1185.1800537109375,0.5360000133514404,22.649999618530273,2.9054999351501465,39.24375534057617,41.95000076293945,92.79000091552734,2051.5,11.227092742919922,0.9080299735069275,105.83999633789062
2020-08-07,2351.669921875,3351.280029296875,1183.1700439453125,0.5619999766349792,22.209999084472656,2.7904999256134033,38.437686920166016,41.220001220703125,93.44000244140625,2010.0999755859375,11.206740379333496,0.9099900126457214,108.18000030517578
2020-08-10,2386.3798828125,3360.469970703125,1188.1500244140625,0.5740000009536743,22.1299991607666,2.8585000038146973,38.534053802490234,41.939998626708984,93.58000183105469,2024.4000244140625,11.224103927612305,0.9127349853515625,111.12999725341797
2020-08-11,2418.669921875,3333.68994140625,1185.18994140625,0.6579999923706055,24.030000686645508,2.871999979019165,38.42892074584961,41.61000061035156,93.62999725341797,1932.5999755859375,11.182280540466309,0.9154999852180481,118.33999633789062
2020-08-12,2432.35009765625,3380.35009765625,1184.97998046875,0.6700000166893005,22.280000686645508,2.88700008392334,38.945858001708984,42.66999816894531,93.44000244140625,1934.9000244140625,11.123814582824707,0.9172000288963318,115.7300033569336
2020-08-13,2437.530029296875,3373.429931640625,1182.75,0.7160000205039978,22.1299991607666,2.803999900817871,38.83195877075195,42.2400016784668,93.33999633789062,1956.699951171875,11.06982135772705,0.9118099808692932,115.18000030517578
2020-08-14,2407.489990234375,3372.85009765625,1184.1199951171875,0.7089999914169312,22.049999237060547,2.8559999465942383,38.76186752319336,42.0099983215332,93.0999984741211,1937.0,11.067535400390625,0.9096500277519226,114.3499984741211
2020-08-17,2407.489990234375,3381.989990234375,1186.0400390625,0.6830000281333923,21.350000381469727,2.8980000019073486,39.25251770019531,42.88999938964844,92.8499984741211,1985.0,11.130359649658203,0.9085000157356262,110.3499984741211
2020-08-18,2348.239990234375,3389.780029296875,1183.0999755859375,0.6690000295639038,21.510000228881836,2.9709999561309814,39.208709716796875,42.88999938964844,92.2699966430664,1999.4000244140625,11.161026954650879,0.9061999917030334,112.58999633789062
2020-08-19,2360.5400390625,3374.85009765625,1183.6400146484375,0.675000011920929,22.540000915527344,3.0190000534057617,38.7268180847168,42.93000030517578,92.88999938964844,1958.699951171875,11.238882064819336,0.9027400016784668,114.72000122070312
2020-08-20,2274.219970703125,3385.510009765625,1181.2099609375,0.6439999938011169,22.719999313354492,2.9700000286102295,38.604156494140625,42.58000183105469,92.79000091552734,1933.800048828125,11.134572982788086,0.9146900177001953,112.98999786376953
2020-08-21,2304.590087890625,3397.159912109375,1184.2900390625,0.6399999856948853,22.540000915527344,2.9135000705718994,38.79690170288086,42.34000015258789,93.25,1934.5999755859375,11.207874298095703,0.9067000150680542,111.25
2020-08-24,2329.830078125,3431.280029296875,1191.199951171875,0.6460000276565552,22.3700008392334,2.922499895095825,39.226234436035156,42.619998931884766,93.30000305175781,1927.699951171875,11.249728202819824,0.9118000268936157,108.25
2020-08-25,2366.72998046875,3443.6201171875,1188.25,0.6819999814033508,22.030000686645508,2.930999994277954,39.620521545410156,43.349998474121094,93.0199966430664,1911.800048828125,11.210699081420898,0.9118800163269043,103.87999725341797
2020-08-26,2369.320068359375,3478.72998046875,1186.4599609375,0.6869999766349792,23.270000457763672,2.9595000743865967,39.725650787353516,43.38999938964844,93.01000213623047,1940.699951171875,11.15210247039795,0.9079700112342834,105.80000305175781
2020-08-27,2344.449951171875,3484.550048828125,1183.8499755859375,0.7459999918937683,24.469999313354492,2.9649999141693115,39.39270782470703,43.040000915527344,93.01000213623047,1921.5999755859375,11.183121681213379,0.9073799848556519,114.73999786376953
2020-08-28,2353.800048828125,3508.010009765625,1186.5799560546875,0.7289999723434448,22.959999084472656,2.994999885559082,39.90964889526367,42.970001220703125,92.37000274658203,1964.5999755859375,11.126791000366211,0.9089999794960022,111.55999755859375
2020-08-31,2326.169921875,3500.31005859375,1179.5899658203125,0.6930000185966492,26.40999984741211,3.0409998893737793,39.02470779418945,42.61000061035156,92.13999938964844,1967.5999755859375,11.176498413085938,0.9035999774932861,119.01000213623047
2020-09-01,2349.550048828125,3526.64990234375,1187.0400390625,0.671999990940094,26.1200008392334,3.009500026702881,39.690608978271484,42.7599983215332,92.33999633789062,1968.199951171875,11.197234153747559,0.9039000272750854,120.0999984741211
2020-09-02,2364.3701171875,3580.840087890625,1184.9200439453125,0.6510000228881836,26.56999969482422,3.003000020980835,39.585472106933594,41.5099983215332,92.8499984741211,1934.4000244140625,11.189362525939941,0.9093700051307678,122.01000213623047
2020-09-03,2395.89990234375,3455.06005859375,1188.6500244140625,0.621999979019165,33.599998474121094,2.9579999446868896,38.83195877075195,41.369998931884766,92.73999786376953,1927.5999755859375,11.19067096710205,0.9111800193786621,132.91000366210938
2020-09-04,2368.25,3426.9599609375,1190.780029296875,0.7210000157356262,30.75,3.0464999675750732,38.8494758605957,39.77000045776367,92.72000122070312,1923.9000244140625,11.224167823791504,0.910040020942688,122.13999938964844
2020-09-07,2384.219970703125,3426.9599609375,1186.4200439453125,0.7210000157356262,30.75,3.0464999675750732,38.8494758605957,39.77000045776367,92.72000122070312,1923.9000244140625,11.159215927124023,0.913569986820221,122.13999938964844
2020-09-08,2401.909912109375,3331.840087890625,1186.81005859375,0.6840000152587891,31.459999084472656,3.012500047683716,38.17482376098633,36.7599983215332,93.4800033569336,1933.0,11.16389274597168,0.9163900017738342,123.55999755859375
2020-09-09,2375.81005859375,3398.9599609375,1189.239990234375,0.703000009059906,28.809999465942383,3.0399999618530273,38.74434280395508,38.04999923706055,93.26000213623047,1944.699951171875,11.222315788269043,0.9178000092506409,121.54000091552734
2020-09-10,2396.47998046875,3339.18994140625,1184.3800048828125,0.6850000023841858,29.709999084472656,2.986999988555908,38.12226104736328,37.29999923706055,93.33999633789062,1954.199951171875,11.144475936889648,0.9121400117874146,120.58000183105469
2020-09-11,2396.68994140625,3340.969970703125,1187.22998046875,0.6690000295639038,26.8700008392334,3.0339999198913574,38.49024963378906,37.33000183105469,93.33000183105469,1937.800048828125,11.184109687805176,0.9102699756622314,113.94999694824219
2020-09-14,2427.909912109375,3383.5400390625,1186.969970703125,0.6710000038146973,25.850000381469727,3.066499948501587,39.112327575683594,37.2599983215332,93.06999969482422,1953.0999755859375,11.181585311889648,0.9089199900627136,111.2699966430664
2020-09-15,2443.580078125,3401.199951171875,1180.8399658203125,0.6790000200271606,25.59000015258789,3.062999963760376,39.52413558959961,38.279998779296875,93.05000305175781,1956.300048828125,11.169357299804688,0.9083200097084045,108.97000122070312
2020-09-16,2435.919921875,3385.489990234375,1179.25,0.6869999766349792,26.040000915527344,3.058000087738037,39.471561431884766,40.15999984741211,93.20999908447266,1960.199951171875,11.189187049865723,0.9085299968719482,103.4800033569336
2020-09-17,2406.169921875,3357.010009765625,1172.0699462890625,0.6840000152587891,26.459999084472656,3.066499948501587,39.3138542175293,40.970001220703125,92.97000122070312,1940.0,11.155388832092285,0.9105799794197083,100.37000274658203
2020-09-18,2412.39990234375,3319.469970703125,1168.6500244140625,0.6940000057220459,25.829999923706055,3.1135001182556152,39.00719451904297,41.11000061035156,92.93000030517578,1952.0999755859375,11.163284301757812,0.9082900285720825,101.19000244140625
2020-09-21,2389.389892578125,3281.06005859375,1163.989990234375,0.6710000038146973,27.780000686645508,3.0295000076293945,38.64795684814453,39.310001373291016,93.54000091552734,1901.199951171875,11.135835647583008,0.9111199975013733,108.73999786376953
2020-09-22,2332.590087890625,3315.570068359375,1163.8499755859375,0.6639999747276306,26.860000610351562,3.059000015258789,38.35882568359375,39.599998474121094,93.98999786376953,1898.5999755859375,11.1170654296875,0.9150609970092773,104.69000244140625
2020-09-23,2333.239990234375,3236.919921875,1162.5,0.6759999990463257,28.579999923706055,2.993499994277954,37.76302719116211,39.93000030517578,94.38999938964844,1859.9000244140625,11.0589599609375,0.9199000000953674,107.3499984741211
2020-09-24,2272.699951171875,3246.590087890625,1169.72998046875,0.6660000085830688,28.510000228881836,2.9690001010894775,37.58779525756836,40.310001373291016,94.3499984741211,1868.300048828125,11.106700897216797,0.9239500164985657,102.26000213623047
2020-09-25,2278.7900390625,3298.4599609375,1168.5,0.6589999794960022,26.3799991607666,2.9730000495910645,37.622840881347656,40.25,94.58000183105469,1857.699951171875,11.082900047302246,0.9267399907112122,99.63999938964844
2020-09-28,2308.080078125,3351.60009765625,1173.43994140625,0.6629999876022339,26.190000534057617,2.989500045776367,38.04340744018555,40.599998474121094,94.26000213623047,1872.800048828125,11.11396312713623,0.9281100034713745,101.8499984741211
2020-09-29,2327.889892578125,3335.469970703125,1166.4100341796875,0.6449999809265137,26.270000457763672,2.9835000038146973,38.01710891723633,39.290000915527344,93.88999938964844,1894.300048828125,11.06241512298584,0.923740029335022,96.93000030517578
2020-09-30,2327.889892578125,3363.0,1167.8599853515625,0.6769999861717224,26.3700008392334,3.0285000801086426,38.63043212890625,40.220001220703125,93.88999938964844,1887.5,11.052215576171875,0.919439971446991,101.58000183105469
2020-10-01,2327.889892578125,3380.800048828125,1163.780029296875,0.6769999861717224,26.700000762939453,2.8635001182556152,38.98966598510742,38.720001220703125,93.70999908447266,1908.4000244140625,11.03590202331543,0.9207000136375427,101.0
2020-10-02,2327.889892578125,3348.419921875,1161.97998046875,0.6959999799728394,27.6299991607666,2.9784998893737793,38.542823791503906,37.04999923706055,93.83999633789062,1900.199951171875,11.008726119995117,0.9189800024032593,102.72000122070312
2020-10-05,2358.0,3408.60009765625,1165.3599853515625,0.7620000243186951,27.959999084472656,2.9649999141693115,39.05976486206055,39.220001220703125,93.51000213623047,1912.5,11.043396949768066,0.917900025844574,103.22000122070312
2020-10-06,2365.89990234375,3360.969970703125,1156.0899658203125,0.7419999837875366,29.479999542236328,2.9655001163482666,39.12985610961914,40.66999816894531,93.83000183105469,1901.0999755859375,10.93637752532959,0.9150500297546387,106.13999938964844
2020-10-07,2386.93994140625,3419.43994140625,1163.8900146484375,0.7850000262260437,28.059999465942383,3.0344998836517334,39.559181213378906,39.95000076293945,93.62999725341797,1883.5999755859375,11.01705265045166,0.917639970779419,104.19000244140625
2020-10-08,2391.9599609375,3446.830078125,1156.5,0.7649999856948853,26.360000610351562,3.0420000553131104,39.88336944580078,41.189998626708984,93.61000061035156,1888.5999755859375,10.913482666015625,0.9167760014533997,104.80000305175781
2020-10-09,2391.9599609375,3477.139892578125,1150.3599853515625,0.7749999761581421,25.0,3.0794999599456787,40.154972076416016,40.599998474121094,93.05999755859375,1919.5,10.858304023742676,0.916700005531311,109.22000122070312
2020-10-12,2403.72998046875,3534.219970703125,1142.6500244140625,0.7770000100135803,25.06999969482422,3.061000108718872,40.50545120239258,39.43000030517578,93.06999969482422,1922.5,10.816554069519043,0.9104499816894531,109.68000030517578
2020-10-13,2403.14990234375,3511.929931640625,1146.4000244140625,0.7269999980926514,26.06999969482422,3.0425000190734863,40.3389778137207,40.20000076293945,93.52999877929688,1888.5,10.882338523864746,0.9090099930763245,110.97000122070312
2020-10-14,2380.47998046875,3488.669921875,1147.8900146484375,0.722000002861023,26.399999618530273,3.047499895095825,40.067359924316406,41.040000915527344,93.37999725341797,1901.300048828125,10.883671760559082,0.9151800274848938,116.93000030517578
2020-10-15,2361.2099609375,3483.340087890625,1146.31005859375,0.7310000061988831,26.969999313354492,3.0829999446868896,39.778221130371094,40.959999084472656,93.86000061035156,1903.199951171875,10.902182579040527,0.913320004940033,117.58999633789062
2020-10-16,2341.530029296875,3483.81005859375,1144.1300048828125,0.7440000176429749,27.40999984741211,3.065000057220459,39.91841125488281,40.880001068115234,93.68000030517578,1900.800048828125,10.859314918518066,0.9143000245094299,115.91999816894531
2020-10-19,2346.739990234375,3426.919921875,1141.1800537109375,0.7609999775886536,29.18000030517578,3.0810000896453857,39.80451202392578,40.83000183105469,93.43000030517578,1906.4000244140625,10.82390022277832,0.9151099920272827,119.76000213623047
2020-10-20,2358.409912109375,3443.1201171875,1137.0,0.796999990940094,29.350000381469727,3.1435000896453857,40.242591857910156,41.459999084472656,93.06999969482422,1910.4000244140625,10.798273086547852,0.9105700254440308,119.58999633789062
2020-10-21,2370.860107421875,3435.56005859375,1136.0,0.8159999847412109,28.649999618530273,3.194499969482422,40.35649490356445,40.029998779296875,92.61000061035156,1924.5999755859375,10.770478248596191,0.9067000150680542,117.47000122070312
2020-10-22,2355.050048828125,3453.489990234375,1132.030029296875,0.8479999899864197,28.110000610351562,3.1500000953674316,40.34773635864258,40.63999938964844,92.94999694824219,1901.0999755859375,10.814247131347656,0.9057899713516235,118.5999984741211
2020-10-23,2360.81005859375,3465.389892578125,1134.1500244140625,0.8410000205039978,27.549999237060547,3.125499963760376,40.58430099487305,39.849998474121094,92.7699966430664,1902.0,10.809172630310059,0.9075999855995178,118.94000244140625
2020-10-26,2343.909912109375,3400.969970703125,1127.760009765625,0.8009999990463257,32.459999084472656,3.0885000228881836,40.05860137939453,38.560001373291016,93.05000305175781,1902.699951171875,10.757909774780273,0.9045600295066833,133.0800018310547
2020-10-27,2330.840087890625,3390.679931640625,1131.6400146484375,0.777999997138977,33.349998474121094,3.0899999141693115,40.233829498291016,39.56999969482422,92.94000244140625,1908.800048828125,10.79458999633789,0.9078999757766724,135.32000732421875
2020-10-28,2345.260009765625,3271.030029296875,1128.22998046875,0.781000018119812,40.279998779296875,3.056999921798706,39.226234436035156,37.38999938964844,93.41000366210938,1876.199951171875,10.791980743408203,0.9088749885559082,152.00999450683594
2020-10-29,2326.669921875,3310.110107421875,1134.1800537109375,0.8349999785423279,37.59000015258789,3.052000045776367,39.620521545410156,36.16999816894531,93.95999908447266,1865.5999755859375,10.87159538269043,0.9105899930000305,147.83999633789062
2020-10-30,2267.14990234375,3269.9599609375,1129.52001953125,0.8600000143051147,38.02000045776367,3.0434999465942383,39.17366409301758,35.790000915527344,94.04000091552734,1877.4000244140625,10.803110122680664,0.9153100252151489,145.24000549316406
2020-11-02,2300.159912109375,3310.239990234375,1135.6099853515625,0.8489999771118164,37.130001068115234,3.073499917984009,39.67308044433594,36.810001373291016,94.05000305175781,1890.4000244140625,10.859454154968262,0.9171599745750427,142.64999389648438
2020-11-03,2343.31005859375,3369.159912109375,1132.1400146484375,0.8820000290870667,35.54999923706055,3.0869998931884766,39.84831619262695,37.65999984741211,93.55000305175781,1908.5,10.810702323913574,0.9187729954719543,136.27999877929688
2020-11-04,2357.320068359375,3443.43994140625,1130.3299560546875,0.7680000066757202,29.56999969482422,3.1010000705718994,41.10124206542969,39.150001525878906,93.41000366210938,1894.5999755859375,10.808693885803223,0.9106400012969971,122.12000274658203
2020-11-05,2413.7900390625,3510.449951171875,1129.739990234375,0.7760000228881836,27.579999923706055,3.1045000553131104,41.80217742919922,38.790000915527344,92.52999877929688,1945.300048828125,10.816219329833984,0.9114000201225281,117.68000030517578
2020-11-06,2416.5,3509.43994140625,1122.6300048828125,0.8199999928474426,24.860000610351562,3.1489999294281006,41.994937896728516,37.13999938964844,92.2300033569336,1950.300048828125,10.833518028259277,0.9041699767112732,113.12999725341797
2020-11-09,2447.199951171875,3550.5,1121.1500244140625,0.9580000042915344,25.75,3.1514999866485596,42.2840690612793,40.290000915527344,92.7300033569336,1853.199951171875,10.846384048461914,0.8993200063705444,116.77999877929688
2020-11-10,2452.830078125,3545.530029296875,1118.68994140625,0.972000002861023,24.799999237060547,3.1505000591278076,41.80217742919922,41.36000061035156,92.75,1875.4000244140625,10.639795303344727,0.9126899838447571,116.05000305175781
2020-11-11,2485.8701171875,3572.659912109375,1116.0799560546875,0.9580000042915344,23.450000762939453,3.128999948501587,42.073795318603516,41.45000076293945,93.04000091552734,1860.699951171875,10.602574348449707,0.9149799942970276,118.31999969482422
2020-11-12,2475.6201171875,3537.010009765625,1111.449951171875,0.8849999904632568,25.350000381469727,3.1429998874664307,41.75837707519531,41.119998931884766,92.95999908447266,1872.5999755859375,10.543966293334961,0.9165869951248169,121.56999969482422
2020-11-13,2493.8701171875,3585.14990234375,1114.9100341796875,0.8930000066757202,23.100000381469727,3.17549991607666,42.34540939331055,40.130001068115234,92.76000213623047,1885.699951171875,10.609952926635742,0.9148200154304504,114.38999938964844
2020-11-16,2543.030029296875,3626.909912109375,1107.760009765625,0.906000018119812,22.450000762939453,3.2200000286102295,42.87111282348633,41.34000015258789,92.56999969482422,1887.300048828125,10.576297760009766,0.9120799899101257,115.0
2020-11-17,2539.14990234375,3609.530029296875,1106.0899658203125,0.871999979019165,22.709999084472656,3.196500062942505,42.827301025390625,41.43000030517578,92.41999816894531,1884.5,10.580341339111328,0.9123700261116028,116.25
2020-11-18,2545.639892578125,3567.7900390625,1104.949951171875,0.8820000290870667,23.84000015258789,3.197999954223633,42.67835235595703,41.81999969482422,92.31999969482422,1873.5,10.607078552246094,0.9110000133514404,117.9000015258789
2020-11-19,2547.419921875,3581.8701171875,1105.9000244140625,0.8539999723434448,23.110000610351562,3.2035000324249268,42.748451232910156,41.7400016784668,92.29000091552734,1861.0999755859375,10.646129608154297,0.9118599891662598,114.1500015258789
2020-11-20,2553.5,3557.5400390625,1114.1400146484375,0.8289999961853027,23.700000762939453,3.2934999465942383,42.985015869140625,42.150001525878906,92.38999938964844,1872.5999755859375,10.731407165527344,0.9109429717063904,113.98999786376953
2020-11-23,2602.590087890625,3577.590087890625,1113.8299560546875,0.8569999933242798,22.65999984741211,3.259500026702881,43.09891128540039,43.060001373291016,92.51000213623047,1837.800048828125,10.721247673034668,0.9105299711227417,109.8499984741211
2020-11-24,2617.760009765625,3635.409912109375,1113.0799560546875,0.8820000290870667,21.639999389648438,3.299999952316284,43.67719268798828,44.90999984741211,92.2300033569336,1804.800048828125,10.648018836975098,0.9124400019645691,104.55999755859375
2020-11-25,2601.5400390625,3629.64990234375,1109.7099609375,0.878000020980835,21.25,3.312000036239624,43.43186569213867,45.709999084472656,91.98999786376953,1805.699951171875,10.61744499206543,0.9107999801635742,103.45999908447266
2020-11-26,2625.909912109375,3629.64990234375,1104.489990234375,0.878000020980835,21.25,3.312000036239624,43.43186569213867,45.709999084472656,91.98999786376953,1805.699951171875,10.595953941345215,0.9082199931144714,103.45999908447266
2020-11-27,2633.449951171875,3638.35009765625,1105.56005859375,0.8420000076293945,20.84000015258789,3.3994998931884766,43.843658447265625,45.529998779296875,91.79000091552734,1781.9000244140625,10.604880332946777,0.9064199924468994,106.12000274658203
2020-11-30,2591.340087890625,3621.6298828125,1104.3299560546875,0.843999981880188,20.56999969482422,3.4205000400543213,42.69587326049805,45.34000015258789,91.87000274658203,1775.699951171875,10.597391128540039,0.904229998588562,106.12000274658203
2020-12-01,2634.25,3662.449951171875,1108.510009765625,0.9340000152587891,20.770000457763672,3.4679999351501465,43.5369987487793,44.54999923706055,91.30999755859375,1814.0999755859375,10.622737884521484,0.908270001411438,108.43000030517578
2020-12-02,2675.89990234375,3669.010009765625,1106.280029296875,0.9480000138282776,21.170000076293945,3.4749999046325684,43.598331451416016,45.279998779296875,91.12000274658203,1825.699951171875,10.605745315551758,0.8995100259780884,107.5199966430664
2020-12-03,2696.219970703125,3666.719970703125,1099.3800048828125,0.9200000166893005,21.280000686645508,3.4790000915527344,44.097755432128906,45.63999938964844,90.70999908447266,1836.800048828125,10.524311065673828,0.8946099877357483,107.88999938964844
2020-12-04,2731.449951171875,3699.1201171875,1091.3199462890625,0.968999981880188,20.790000915527344,3.5139999389648438,44.55335998535156,46.2599983215332,90.69999694824219,1835.9000244140625,10.510951042175293,0.8907700181007385,103.72000122070312
2020-12-07,2745.43994140625,3691.9599609375,1083.780029296875,0.9279999732971191,21.299999237060547,3.508500099182129,44.55335998535156,45.7599983215332,90.79000091552734,1861.800048828125,10.400060653686523,0.8917400240898132,104.41999816894531
2020-12-08,2700.929931640625,3702.25,1083.6800537109375,0.9129999876022339,20.68000030517578,3.49399995803833,44.57088851928711,45.599998474121094,90.97000122070312,1870.800048828125,10.420187950134277,0.8905689716339111,102.81999969482422
2020-12-09,2755.469970703125,3672.820068359375,1084.8599853515625,0.9409999847412109,22.270000457763672,3.507999897003174,44.18536376953125,45.52000045776367,91.08999633789062,1834.5999755859375,10.417122840881348,0.8885279893875122,113.93000030517578
2020-12-10,2746.4599609375,3668.10009765625,1086.3599853515625,0.9079999923706055,22.520000457763672,3.570499897003174,44.754886627197266,46.779998779296875,90.79000091552734,1833.5999755859375,10.4185209274292,0.8893600106239319,114.66000366210938
2020-12-11,2770.06005859375,3663.4599609375,1086.3699951171875,0.8930000066757202,23.309999465942383,3.5239999294281006,44.4394645690918,46.56999969482422,90.9800033569336,1839.800048828125,10.4268159866333,0.8858579993247986,120.7699966430664
2020-12-14,2762.199951171875,3647.489990234375,1091.5799560546875,0.8920000195503235,24.719999313354492,3.5220000743865967,44.20841598510742,46.9900016784668,90.70999908447266,1828.699951171875,10.48474407196045,0.8885400295257568,127.68000030517578
2020-12-15,2756.820068359375,3694.6201171875,1092.06005859375,0.9229999780654907,22.889999389648438,3.5380001068115234,44.686431884765625,47.619998931884766,90.47000122070312,1852.300048828125,10.499062538146973,0.8865799903869629,119.11000061035156
2020-12-16,2771.7900390625,3701.169921875,1088.2099609375,0.9200000166893005,22.5,3.553999900817871,44.89889907836914,47.81999969482422,90.44999694824219,1856.0999755859375,10.500410079956055,0.8854399919509888,111.8499984741211
2020-12-17,2770.429931640625,3722.47998046875,1091.6500244140625,0.9300000071525574,21.93000030517578,3.5969998836517334,45.19102096557617,48.36000061035156,89.81999969482422,1887.199951171875,10.55904483795166,0.8853899836540222,110.20999908447266
2020-12-18,2772.179931640625,3709.409912109375,1092.1600341796875,0.9480000138282776,21.56999969482422,3.628499984741211,45.137908935546875,49.099998474121094,90.0199966430664,1885.699951171875,10.597434997558594,0.8847200274467468,110.30000305175781
2020-12-21,2778.64990234375,3694.919921875,1098.97998046875,0.9409999847412109,25.15999984741211,3.572999954223633,44.47397994995117,47.7400016784668,90.04000091552734,1879.199951171875,10.625815391540527,0.8854799866676331,121.61000061035156
2020-12-22,2733.679931640625,3687.260009765625,1101.8599853515625,0.9179999828338623,24.229999542236328,3.5179998874664307,44.119895935058594,47.02000045776367,90.6500015258789,1866.5999755859375,10.662369728088379,0.8854799866676331,120.56999969482422
2020-12-23,2759.820068359375,3690.010009765625,1107.97998046875,0.9549999833106995,23.309999465942383,3.552000045776367,44.57135772705078,48.119998931884766,90.41000366210938,1874.699951171875,10.703156471252441,0.8878600001335144,118.30999755859375
2020-12-24,2806.860107421875,3703.06005859375,1104.800048828125,0.9279999732971191,21.530000686645508,3.559999942779541,44.37660598754883,48.22999954223633,90.33000183105469,1879.9000244140625,10.66814136505127,0.8878999948501587,115.26000213623047
2020-12-25,2806.860107421875,3703.06005859375,1099.9100341796875,0.9279999732971191,21.530000686645508,3.559999942779541,44.37660598754883,48.22999954223633,90.33000183105469,1879.9000244140625,10.611769676208496,0.8909000158309937,115.26000213623047
2020-12-28,2808.60009765625,3735.360107421875,1099.0899658203125,0.9330000281333923,21.700000762939453,3.569999933242798,44.50054168701172,47.619998931884766,90.33999633789062,1877.199951171875,10.578205108642578,0.8894299864768982,114.4000015258789
2020-12-29,2820.510009765625,3727.0400390625,1095.0,0.9350000023841858,23.079999923706055,3.552999973297119,45.164459228515625,48.0,90.01000213623047,1879.699951171875,10.551339149475098,0.8883000016212463,116.2699966430664
2020-12-30,2873.469970703125,3732.0400390625,1092.6199951171875,0.9259999990463257,22.770000457763672,3.5429999828338623,45.76641845703125,48.400001525878906,89.62999725341797,1891.0,10.549579620361328,0.8841000199317932,112.04000091552734
2020-12-31,2873.469970703125,3756.070068359375,1086.4200439453125,0.9169999957084656,22.75,3.5139999389648438,45.739864349365234,48.52000045776367,89.94000244140625,1893.0999755859375,10.548276901245117,0.8815799951553345,111.86000061035156
2021-01-01,2873.469970703125,3756.070068359375,1084.6500244140625,0.9169999957084656,22.75,3.5139999389648438,45.739864349365234,48.52000045776367,89.94000244140625,1893.0999755859375,10.506051063537598,0.8981000185012817,111.86000061035156
2021-01-04,2944.449951171875,3700.64990234375,1084.72998046875,0.9169999957084656,26.969999313354492,3.552999973297119,46.03199005126953,47.619998931884766,89.87999725341797,1944.699951171875,10.543598175048828,0.8830999732017517,124.6500015258789
2021-01-05,2990.570068359375,3726.860107421875,1086.6199951171875,0.9549999833106995,25.34000015258789,3.640500068664551,47.13853073120117,49.93000030517578,89.44000244140625,1952.699951171875,10.537431716918945,0.8812400102615356,120.06999969482422
2021-01-06,2968.2099609375,3748.139892578125,1086.449951171875,1.0420000553131104,25.06999969482422,3.6500000953674316,46.74016571044922,50.630001068115234,89.52999877929688,1906.9000244140625,10.580347061157227,0.8781800270080566,119.9000015258789
2021-01-07,3031.679931640625,3803.7900390625,1086.949951171875,1.0709999799728394,22.3700008392334,3.695499897003174,47.18278884887695,50.83000183105469,89.83000183105469,1912.300048828125,10.549736976623535,0.8780699968338013,109.37999725341797
2021-01-08,3152.179931640625,3824.679931640625,1093.0699462890625,1.1050000190734863,21.559999465942383,3.6735000610351562,48.43096160888672,52.2400016784668,90.0999984741211,1834.0999755859375,10.531143188476562,0.8851500153541565,111.0
2021-01-11,3148.449951171875,3799.610107421875,1092.8199462890625,1.1319999694824219,24.079999923706055,3.563999891281128,47.77589416503906,52.25,90.54000091552734,1849.5999755859375,10.481107711791992,0.8876399993896484,118.80000305175781
2021-01-12,3125.949951171875,3801.18994140625,1096.449951171875,1.1380000114440918,23.329999923706055,3.6050000190734863,48.24506759643555,53.209999084472656,90.05000305175781,1842.9000244140625,10.537879943847656,0.8896200060844421,115.79000091552734
2021-01-13,3148.2900390625,3809.840087890625,1093.5400390625,1.0880000591278076,22.209999084472656,3.617000102996826,48.351295471191406,52.90999984741211,90.31999969482422,1853.5999755859375,10.538975715637207,0.8859000205993652,117.76000213623047
2021-01-14,3149.929931640625,3795.5400390625,1097.1099853515625,1.128999948501587,23.25,3.6679999828338623,48.802757263183594,53.56999969482422,90.23999786376953,1850.300048828125,10.565592765808105,0.886900007724762,122.77999877929688
2021-01-15,3085.89990234375,3768.25,1094.9000244140625,1.097000002861023,24.34000015258789,3.6029999256134033,48.112281799316406,52.36000061035156,90.77999877929688,1829.300048828125,10.553698539733887,0.8882499933242798,124.25
2021-01-18,3013.929931640625,3768.25,1102.9599609375,1.097000002861023,24.34000015258789,3.6029999256134033,48.112281799316406,52.36000061035156,90.77999877929688,1829.300048828125,10.607726097106934,0.8921800255775452,124.25
2021-01-19,3092.659912109375,3798.909912109375,1103.0999755859375,1.0920000076293945,23.239999771118164,3.635999917984009,48.90898513793945,52.97999954223633,90.5,1839.5,10.636371612548828,0.8909000158309937,120.70999908447266
2021-01-20,3114.550048828125,3851.85009765625,1100.989990234375,1.090000033378601,21.579999923706055,3.6475000381469727,49.76765441894531,53.2400016784668,90.47000122070312,1865.9000244140625,10.596222877502441,0.8880000114440918,114.16999816894531
2021-01-21,3160.840087890625,3853.070068359375,1096.25,1.1089999675750732,21.31999969482422,3.6554999351501465,49.85617446899414,53.130001068115234,90.12999725341797,1865.300048828125,10.585651397705078,0.8892800211906433,112.58999633789062
2021-01-22,3140.6298828125,3841.469970703125,1099.9000244140625,1.090999960899353,21.90999984741211,3.635499954223633,49.422428131103516,52.27000045776367,90.23999786376953,1855.699951171875,10.625564575195312,0.8853600025177002,112.58999633789062
2021-01-25,3208.989990234375,3855.360107421875,1104.6400146484375,1.0399999618530273,23.190000534057617,3.640500068664551,49.794219970703125,52.77000045776367,90.38999938964844,1854.9000244140625,10.650750160217285,0.8853229880332947,116.62999725341797
2021-01-26,3140.31005859375,3849.6201171875,1101.72998046875,1.0399999618530273,23.020000457763672,3.628000020980835,49.431278228759766,52.61000061035156,90.16999816894531,1850.699951171875,10.617446899414062,0.8880199790000916,115.30999755859375
2021-01-27,3122.56005859375,3750.77001953125,1101.0,1.0140000581741333,37.209999084472656,3.571500062942505,48.05916213989258,52.849998474121094,90.6500015258789,1844.9000244140625,10.62647819519043,0.8866999745368958,157.69000244140625
2021-01-28,3069.050048828125,3787.3798828125,1107.5,1.0570000410079956,30.209999084472656,3.5829999446868896,48.395545959472656,52.34000015258789,90.45999908447266,1837.9000244140625,10.633191108703613,0.8888999819755554,133.22000122070312
2021-01-29,2976.2099609375,3714.239990234375,1112.2900390625,1.093000054359436,33.09000015258789,3.573499917984009,47.1916389465332,52.20000076293945,90.58000183105469,1847.300048828125,10.663925170898438,0.888608992099762,137.3300018310547
2021-02-01,3056.530029296875,3773.860107421875,1117.4300537109375,1.0770000219345093,30.239999771118164,3.562000036239624,48.46637725830078,53.54999923706055,91.0199966430664,1860.800048828125,10.674009323120117,0.8913599848747253,129.44000244140625
2021-02-02,3096.81005859375,3826.31005859375,1116.8800048828125,1.1050000190734863,25.559999465942383,3.5390000343322754,49.094886779785156,54.7599983215332,91.19999694824219,1830.5,10.648513793945312,0.8964800238609314,119.0999984741211
2021-02-03,3129.679931640625,3830.169921875,1113.6099853515625,1.13100004196167,22.90999984741211,3.5785000324249268,49.34275436401367,55.689998626708984,91.12000274658203,1832.199951171875,10.60318374633789,0.8974999785423279,111.02999877929688
2021-02-04,3087.550048828125,3871.739990234375,1113.1500244140625,1.1390000581741333,21.770000457763672,3.565999984741211,49.36045455932617,56.22999954223633,91.52999877929688,1788.9000244140625,10.599913597106934,0.8983399868011475,108.47000122070312
2021-02-05,3120.6298828125,3886.830078125,1119.1300048828125,1.1699999570846558,20.8700008392334,3.6389999389648438,49.785369873046875,56.849998474121094,91.04000091552734,1810.9000244140625,10.601709365844727,0.9040300250053406,107.63999938964844
2021-02-08,3091.239990234375,3915.590087890625,1116.8499755859375,1.159999966621399,21.239999771118164,3.678999900817871,49.8738899230957,57.970001220703125,90.93000030517578,1831.9000244140625,10.604701042175293,0.8989800214767456,106.61000061035156
2021-02-09,3084.669921875,3911.22998046875,1116.3299560546875,1.156999945640564,21.6299991607666,3.7335000038146973,50.405029296875,58.36000061035156,90.44000244140625,1835.300048828125,10.609989166259766,0.8985990285873413,108.13999938964844
2021-02-10,3100.580078125,3909.8798828125,1110.0,1.1330000162124634,21.989999771118164,3.7855000495910645,50.58207321166992,58.68000030517578,90.37000274658203,1840.5999755859375,10.61337661743164,0.8924000263214111,114.93000030517578
2021-02-11,3100.580078125,3916.3798828125,1103.97998046875,1.1579999923706055,21.25,3.7874999046325684,51.1220703125,58.2400016784668,90.41999816894531,1824.9000244140625,10.570311546325684,0.8902459740638733,116.22000122070312
2021-02-12,3100.580078125,3934.830078125,1102.219970703125,1.2000000476837158,19.969999313354492,3.802000045776367,51.16632843017578,59.470001220703125,90.4800033569336,1821.5999755859375,10.522893905639648,0.8901200294494629,118.58999633789062
2021-02-15,3147.0,3934.830078125,1103.3699951171875,1.2000000476837158,19.969999313354492,3.802000045776367,51.16632843017578,59.470001220703125,90.4800033569336,1821.5999755859375,10.50168514251709,0.8917589783668518,118.58999633789062
2021-02-16,3163.25,3932.590087890625,1102.239990234375,1.2990000247955322,21.459999084472656,3.8480000495910645,51.29024887084961,60.04999923706055,90.51000213623047,1797.199951171875,10.459074020385742,0.8898339867591858,124.66000366210938
2021-02-17,3133.72998046875,3931.330078125,1106.4599609375,1.3009999990463257,21.5,3.8359999656677246,51.30795669555664,61.13999938964844,90.94999694824219,1771.0999755859375,10.427087783813477,0.8932179808616638,124.66000366210938
2021-02-18,3086.659912109375,3913.969970703125,1104.550048828125,1.2869999408721924,22.489999771118164,3.9165000915527344,50.59977722167969,60.52000045776367,90.58999633789062,1773.4000244140625,10.433661460876465,0.8984299898147583,121.05000305175781
2021-02-19,3107.6201171875,3906.7099609375,1106.219970703125,1.3450000286102295,22.049999237060547,4.090000152587891,50.927310943603516,59.2400016784668,90.36000061035156,1775.800048828125,10.470020294189453,0.8958100080490112,117.44999694824219
2021-02-22,3079.75,3876.5,1103.93994140625,1.3700000047683716,23.450000762939453,4.152500152587891,49.431278228759766,61.4900016784668,90.01000213623047,1806.699951171875,10.45448112487793,0.8966900110244751,117.05999755859375
2021-02-23,3070.090087890625,3881.3701171875,1110.6700439453125,1.3619999885559082,23.110000610351562,4.1875,49.65258026123047,61.66999816894531,90.16999816894531,1804.4000244140625,10.579118728637695,0.8956900238990784,112.77999877929688
2021-02-24,2994.97998046875,3925.429931640625,1109.31005859375,1.3890000581741333,21.34000015258789,4.301000118255615,49.333900451660156,63.220001220703125,90.18000030517578,1796.4000244140625,10.536059379577637,0.9050999879837036,109.5999984741211
2021-02-25,3099.68994140625,3829.340087890625,1107.2099609375,1.5180000066757202,28.889999389648438,4.265999794006348,48.20965576171875,63.529998779296875,90.12999725341797,1774.4000244140625,10.450504302978516,0.9065999984741211,127.83000183105469
2021-02-26,3012.949951171875,3811.14990234375,1119.1300048828125,1.4600000381469727,27.950000762939453,4.0945000648498535,47.56343078613281,61.5,90.93000030517578,1728.0999755859375,10.520008087158203,0.9055699706077576,124.95999908447266
2021-03-01,3012.949951171875,3901.820068359375,1123.3699951171875,1.4459999799728394,23.350000381469727,4.119500160217285,48.838165283203125,60.63999938964844,91.04000091552734,1722.5,10.5432710647583,0.9074000120162964,114.94000244140625
2021-03-02,3043.8701171875,3870.2900390625,1101.8299560546875,1.4149999618530273,24.100000381469727,4.231500148773193,48.360145568847656,59.75,90.79000091552734,1733.0999755859375,10.311441421508789,0.914900004863739,114.91999816894531
2021-03-03,3082.989990234375,3819.719970703125,1124.3299560546875,1.4700000286102295,26.670000076293945,4.1529998779296875,48.26276779174805,61.279998779296875,90.94999694824219,1715.300048828125,10.531279563903809,0.9150000214576721,121.2300033569336
2021-03-04,3043.489990234375,3768.469970703125,1129.5,1.5499999523162842,28.56999969482422,3.990999937057495,47.13853073120117,63.83000183105469,91.62999725341797,1700.199951171875,10.550060272216797,0.919700026512146,124.62000274658203
2021-03-05,3026.260009765625,3841.93994140625,1133.3499755859375,1.5540000200271606,24.65999984741211,4.086999893188477,47.6519660949707,66.08999633789062,91.9800033569336,1698.0,10.498819351196289,0.9292799830436707,116.20999908447266
2021-03-08,2996.110107421875,3821.35009765625,1127.489990234375,1.5959999561309814,25.469999313354492,4.103499889373779,46.36837387084961,65.05000305175781,92.30999755859375,1677.699951171875,10.399088859558105,0.9301999807357788,114.62000274658203
2021-03-09,2976.1201171875,3875.43994140625,1140.22998046875,1.5460000038146973,24.030000686645508,4.019499778747559,47.38639450073242,64.01000213623047,91.95999908447266,1716.5999755859375,10.467260360717773,0.9358000159263611,108.70999908447266
2021-03-10,2958.1201171875,3898.81005859375,1134.9100341796875,1.5199999809265137,22.559999465942383,4.041999816894531,47.1739387512207,64.44000244140625,91.79000091552734,1721.5,10.451427459716797,0.9281399846076965,114.68000030517578
2021-03-11,3013.699951171875,3939.340087890625,1136.010009765625,1.5269999504089355,21.90999984741211,4.14300012588501,48.66112518310547,66.0199966430664,91.41999816894531,1722.300048828125,10.476032257080078,0.9297000169754028,112.87000274658203
2021-03-12,3054.389892578125,3943.340087890625,1129.6400146484375,1.6349999904632568,20.690000534057617,4.145500183105469,47.79359817504883,65.61000061035156,91.68000030517578,1719.5,10.406506538391113,0.9246600270271301,111.7300033569336
2021-03-15,3045.7099609375,3968.93994140625,1134.5,1.6069999933242798,20.030000686645508,4.146500110626221,47.90867233276367,65.38999938964844,91.83000183105469,1728.9000244140625,10.396810531616211,0.929265022277832,110.48999786376953
2021-03-16,3067.169921875,3962.7099609375,1131.3900146484375,1.621000051498413,19.790000915527344,4.078999996185303,48.112281799316406,64.80000305175781,91.87000274658203,1730.5999755859375,10.366410255432129,0.9276000261306763,113.7300033569336
2021-03-17,3047.5,3974.1201171875,1129.8399658203125,1.6410000324249268,19.229999542236328,4.127999782562256,48.17424011230469,64.5999984741211,91.4000015258789,1726.800048828125,10.36131477355957,0.9247999787330627,109.9000015258789
2021-03-18,3066.010009765625,3915.4599609375,1121.1300048828125,1.7300000190734863,21.579999923706055,4.117000102996826,47.28901672363281,60.0,91.8499984741211,1732.199951171875,10.292928695678711,0.9222400188446045,117.80000305175781
2021-03-19,3039.530029296875,3913.10009765625,1126.1099853515625,1.7319999933242798,20.950000762939453,4.123499870300293,47.87327194213867,61.41999816894531,91.91999816894531,1741.4000244140625,10.337117195129395,0.9273200035095215,115.94999694824219
2021-03-22,3035.4599609375,3940.590087890625,1127.47998046875,1.684000015258789,18.8799991607666,4.14900016784668,47.731632232666016,61.54999923706055,91.80000305175781,1737.800048828125,10.35639476776123,0.9300400018692017,108.62999725341797
2021-03-23,3004.739990234375,3910.52001953125,1125.1199951171875,1.6380000114440918,20.299999237060547,4.0879998207092285,46.81983947753906,57.7599983215332,92.33999633789062,1724.699951171875,10.342605590820312,0.9232000112533569,111.69000244140625
2021-03-24,2996.35009765625,3889.139892578125,1133.199951171875,1.6139999628067017,21.200000762939453,4.071499824523926,45.748714447021484,61.18000030517578,92.52999877929688,1732.9000244140625,10.429675102233887,0.9345200061798096,110.66999816894531
2021-03-25,3008.330078125,3909.52001953125,1134.47998046875,1.6139999628067017,19.809999465942383,3.984999895095825,45.9611701965332,58.560001373291016,92.87999725341797,1724.9000244140625,10.428834915161133,0.9359899759292603,104.75
2021-03-26,3041.010009765625,3974.5400390625,1134.2099609375,1.659999966621399,18.860000610351562,4.078499794006348,47.15623474121094,60.970001220703125,92.7699966430664,1732.199951171875,10.38844108581543,0.9395099878311157,103.26000213623047
2021-03-29,3036.0400390625,3971.090087890625,1127.9599609375,1.7209999561309814,20.739999771118164,4.043000221252441,46.82870101928711,61.560001373291016,92.94000244140625,1712.0999755859375,10.273514747619629,0.93954998254776,105.83999633789062
2021-03-30,3070.0,3958.550048828125,1131.6500244140625,1.7259999513626099,19.610000610351562,3.9830000400543213,46.97918701171875,60.54999923706055,93.30000305175781,1683.9000244140625,10.304251670837402,0.9388999938964844,101.9000015258789
2021-03-31,3061.419921875,3972.889892578125,1132.3199462890625,1.746000051498413,19.399999618530273,4.002999782562256,47.218196868896484,59.15999984741211,93.2300033569336,1713.800048828125,10.264425277709961,0.9416900277137756,100.04000091552734
2021-04-01,3087.39990234375,4019.8701171875,1127.199951171875,1.6790000200271606,17.329999923706055,4.003499984741211,47.67851257324219,61.45000076293945,92.93000030517578,1726.5,10.177050590515137,0.9438999891281128,98.97000122070312
2021-04-02,3112.800048828125,4019.8701171875,1128.06005859375,1.6790000200271606,17.329999923706055,4.003499984741211,47.67851257324219,61.45000076293945,92.93000030517578,1726.5,10.19835090637207,0.942110002040863,98.97000122070312
2021-04-05,3120.830078125,4077.909912109375,1128.7900390625,1.7200000286102295,17.90999984741211,4.14900016784668,47.864418029785156,58.650001525878906,92.5999984741211,1727.0,10.198773384094238,0.9419999718666077,99.23999786376953
2021-04-06,3127.080078125,4073.93994140625,1124.1099853515625,1.656000018119812,18.1200008392334,4.126500129699707,48.12998580932617,59.33000183105469,92.33999633789062,1741.5,10.201190948486328,0.9360399842262268,99.05999755859375
2021-04-07,3137.409912109375,4079.949951171875,1117.5,1.652999997138977,17.15999984741211,4.064000129699707,47.42180252075195,59.77000045776367,92.45999908447266,1740.0999755859375,10.177826881408691,0.9314000010490417,97.08999633789062
2021-04-08,3143.260009765625,4097.169921875,1117.8599853515625,1.6319999694824219,16.950000762939453,4.103499889373779,47.81130599975586,59.599998474121094,92.05999755859375,1756.800048828125,10.176145553588867,0.9293000102043152,100.72000122070312
2021-04-09,3131.8798828125,4128.7998046875,1115.8399658203125,1.6660000085830688,16.690000534057617,4.05049991607666,47.40409851074219,59.31999969482422,92.16000366210938,1743.300048828125,10.205988883972168,0.9241600036621094,102.05999755859375
2021-04-12,3135.590087890625,4127.990234375,1122.06005859375,1.6749999523162842,16.90999984741211,4.03000020980835,47.120819091796875,59.70000076293945,92.13999938964844,1731.199951171875,10.229046821594238,0.9252899885177612,102.08000183105469
2021-04-13,3169.080078125,4141.58984375,1124.449951171875,1.6230000257492065,16.649999618530273,4.043000221252441,47.315574645996094,60.18000030517578,91.8499984741211,1746.199951171875,10.281059265136719,0.9221000075340271,100.44000244140625
2021-04-14,3182.3798828125,4124.66015625,1120.68994140625,1.6380000114440918,16.989999771118164,4.139999866485596,47.554588317871094,63.150001525878906,91.69000244140625,1734.9000244140625,10.288971900939941,0.9200999736785889,107.47000122070312
2021-04-15,3194.330078125,4170.419921875,1116.1099853515625,1.5299999713897705,16.56999969482422,4.230500221252441,47.98834228515625,63.459999084472656,91.66999816894531,1765.4000244140625,10.249744415283203,0.9226999878883362,108.66000366210938
2021-04-16,3198.6201171875,4185.47021484375,1115.6700439453125,1.5729999542236328,16.25,4.179999828338623,48.112281799316406,63.130001068115234,91.55999755859375,1779.0,10.26404857635498,0.9218930006027222,107.80000305175781
2021-04-19,3198.840087890625,4163.259765625,1115.6500244140625,1.6009999513626099,17.290000915527344,4.25,47.93524169921875,63.380001068115234,91.06999969482422,1769.4000244140625,10.261350631713867,0.9205499887466431,111.9000015258789
2021-04-20,3220.699951171875,4134.93994140625,1114.469970703125,1.562000036239624,18.68000030517578,4.223999977111816,47.54572677612305,62.439998626708984,91.23999786376953,1777.300048828125,10.309239387512207,0.9146999716758728,116.37000274658203
2021-04-21,3171.659912109375,4173.419921875,1116.1099853515625,1.5640000104904175,17.5,4.286499977111816,47.83786392211914,61.349998474121094,91.16000366210938,1792.300048828125,10.322260856628418,0.9158999919891357,112.9000015258789
2021-04-22,3177.52001953125,4134.97998046875,1115.6600341796875,1.5540000200271606,18.709999084472656,4.2804999351501465,47.66966247558594,61.43000030517578,91.33000183105469,1781.199951171875,10.324861526489258,0.9167299866676331,116.05000305175781
2021-04-23,3181.080078125,4180.169921875,1118.5899658203125,1.5670000314712524,17.329999923706055,4.3429999351501465,48.360145568847656,62.13999938964844,90.86000061035156,1777.0,10.35523509979248,0.9170399904251099,108.36000061035156
2021-04-26,3217.530029296875,4187.6201171875,1114.1300048828125,1.5700000524520874,17.639999389648438,4.447999954223633,48.42211151123047,61.90999984741211,90.80999755859375,1779.199951171875,10.326727867126465,0.91389000415802,104.01000213623047
2021-04-27,3215.419921875,4186.72021484375,1109.22998046875,1.621999979019165,17.559999465942383,4.743000030517578,48.395545959472656,62.939998626708984,90.91000366210938,1778.0,10.25302791595459,0.9146400094032288,103.38999938964844
2021-04-28,3181.469970703125,4183.18017578125,1112.1500244140625,1.6200000047683716,17.280000686645508,4.5370001792907715,48.75849914550781,63.86000061035156,90.61000061035156,1773.199951171875,10.226292610168457,0.9140400290489197,104.77999877929688
2021-04-29,3174.070068359375,4211.47021484375,1108.6600341796875,1.6399999856948853,17.610000610351562,4.493000030517578,48.64341735839844,65.01000213623047,90.61000061035156,1768.0999755859375,10.217613220214844,0.9086999893188477,105.45999908447266
2021-04-30,3147.860107421875,4181.169921875,1106.6300048828125,1.63100004196167,18.610000610351562,4.479000091552734,47.78474044799805,63.58000183105469,91.27999877929688,1767.300048828125,10.161754608154297,0.9089999794960022,109.22000122070312
2021-05-03,3127.199951171875,4192.66015625,1116.760009765625,1.6069999933242798,18.309999465942383,4.543000221252441,47.78474044799805,64.48999786376953,90.94999694824219,1791.4000244140625,10.218131065368652,0.9128999710083008,108.31999969482422
2021-05-04,3147.3701171875,4164.66015625,1120.4000244140625,1.5920000076293945,19.479999542236328,4.535999774932861,47.2447509765625,65.69000244140625,91.29000091552734,1775.800048828125,10.270512580871582,0.9115399718284607,111.22000122070312
2021-05-05,3147.3701171875,4167.58984375,1124.9100341796875,1.5839999914169312,19.149999618530273,4.539000034332275,47.466060638427734,65.62999725341797,91.30999755859375,1784.0999755859375,10.289121627807617,0.9133999943733215,111.22000122070312
2021-05-06,3160.429931640625,4201.6201171875,1123.989990234375,1.5609999895095825,18.389999389648438,4.61899995803833,47.91753387451172,64.70999908447266,90.94999694824219,1815.5,10.28903865814209,0.9131100177764893,108.38999938964844
2021-05-07,3197.199951171875,4232.60009765625,1119.3900146484375,1.5770000219345093,16.690000534057617,4.765999794006348,48.41326141357422,64.9000015258789,90.2300033569336,1831.0999755859375,10.264824867248535,0.9075899720191956,107.02999877929688
2021-05-10,3249.300048828125,4188.43017578125,1111.969970703125,1.6019999980926514,19.65999984741211,4.733500003814697,47.54572677612305,64.91999816894531,90.20999908447266,1837.5,10.241822242736816,0.9004499912261963,114.0999984741211
2021-05-11,3209.429931640625,4152.10009765625,1115.5400390625,1.6239999532699585,21.84000015258789,4.778500080108643,47.41294860839844,65.27999877929688,90.13999938964844,1835.9000244140625,10.248881340026855,0.90038001537323,114.0999984741211
2021-05-12,3161.659912109375,4063.0400390625,1118.22998046875,1.6950000524520874,27.59000015258789,4.752500057220459,46.10280990600586,66.08000183105469,90.70999908447266,1822.5999755859375,10.28577709197998,0.9038400053977966,146.27999877929688
2021-05-13,3122.110107421875,4112.5,1131.5999755859375,1.6679999828338623,23.1299991607666,4.70550012588501,46.040836334228516,63.81999969482422,90.75,1823.800048828125,10.31916332244873,0.9085999727249146,130.00999450683594
2021-05-14,3153.320068359375,4173.85009765625,1125.699951171875,1.6349999904632568,18.809999465942383,4.664000034332275,46.87295913696289,65.37000274658203,90.31999969482422,1837.9000244140625,10.268431663513184,0.9059399962425232,117.55999755859375
2021-05-17,3134.52001953125,4163.2900390625,1125.530029296875,1.6399999856948853,19.719999313354492,4.721499919891357,46.82870101928711,66.2699966430664,90.22000122070312,1867.5,10.28689193725586,0.901199996471405,120.69999694824219
2021-05-18,3173.050048828125,4127.830078125,1135.510009765625,1.6419999599456787,21.34000015258789,4.735499858856201,47.457210540771484,65.48999786376953,89.75,1867.800048828125,10.395723342895508,0.9033300280570984,123.93000030517578
2021-05-19,3173.050048828125,4115.68017578125,1127.1400146484375,1.6829999685287476,22.18000030517578,4.5894999504089355,47.315574645996094,63.36000061035156,90.19000244140625,1881.300048828125,10.353272438049316,0.8974300026893616,130.1699981689453
2021-05-20,3162.280029296875,4159.1201171875,1130.3699951171875,1.6339999437332153,20.670000076293945,4.581999778747559,47.58998489379883,62.04999923706055,89.80999755859375,1881.800048828125,10.343820571899414,0.9040799736976624,130.1699981689453
2021-05-21,3156.419921875,4155.85986328125,1127.050048828125,1.6319999694824219,20.149999618530273,4.495999813079834,47.04115295410156,63.58000183105469,90.0199966430664,1876.699951171875,10.352920532226562,0.8973000049591064,124.22000122070312
2021-05-24,3144.300048828125,4197.0498046875,1126.7900390625,1.6080000400543213,18.399999618530273,4.541500091552734,47.43064880371094,66.05000305175781,89.83000183105469,1884.5999755859375,10.3445463180542,0.8974000215530396,116.12000274658203
2021-05-25,3171.320068359375,4188.1298828125,1122.18994140625,1.5640000104904175,18.84000015258789,4.521999835968018,47.89982604980469,66.06999969482422,89.63999938964844,1898.0999755859375,10.309945106506348,0.8970000147819519,116.12000274658203
2021-05-26,3168.429931640625,4195.990234375,1121.3800048828125,1.5740000009536743,17.360000610351562,4.5329999923706055,48.25391387939453,66.20999908447266,90.04000091552734,1901.300048828125,10.307129859924316,0.8956000208854675,106.29000091552734
2021-05-27,3165.510009765625,4200.8798828125,1115.52001953125,1.6100000143051147,16.739999771118164,4.666500091552734,48.26276779174805,66.8499984741211,89.97000122070312,1895.699951171875,10.218097686767578,0.8977299928665161,103.87999725341797
2021-05-28,3188.72998046875,4204.10986328125,1117.300048828125,1.5809999704360962,16.760000228881836,4.682499885559082,48.572601318359375,66.31999969482422,90.02999877929688,1902.5,10.174845695495605,0.8970500230789185,105.41000366210938
2021-05-31,3203.919921875,4204.10986328125,1112.8499755859375,1.5809999704360962,16.760000228881836,4.682499885559082,48.572601318359375,66.31999969482422,90.02999877929688,1902.5,10.123397827148438,0.9001100063323975,105.41000366210938
2021-06-01,3221.8701171875,4202.0400390625,1106.97998046875,1.6150000095367432,17.899999618530273,4.6620001792907715,49.572906494140625,67.72000122070312,89.83000183105469,1902.9000244140625,10.109959602355957,0.8984000086784363,113.04000091552734
2021-06-02,3224.22998046875,4208.1201171875,1107.2099609375,1.590999960899353,17.479999542236328,4.599999904632568,49.65258026123047,68.83000183105469,89.9000015258789,1907.5,10.112700462341309,0.8969799876213074,112.56999969482422
2021-06-03,3247.429931640625,4192.85009765625,1109.8800048828125,1.625,18.040000915527344,4.471499919891357,49.12144470214844,68.80999755859375,90.5,1871.199951171875,10.127330780029297,0.8981999754905701,114.30999755859375
2021-06-04,3240.080078125,4229.89013671875,1115.43994140625,1.559999942779541,16.420000076293945,4.537499904632568,49.56406784057617,69.62000274658203,90.13999938964844,1889.800048828125,10.115718841552734,0.9035000205039978,108.16000366210938
2021-06-07,3252.1201171875,4226.52001953125,1109.6800537109375,1.569000005722046,16.420000076293945,4.534999847412109,49.316192626953125,69.2300033569336,89.94999694824219,1896.800048828125,10.123201370239258,0.8991000056266785,108.02999877929688
2021-06-08,3247.830078125,4227.259765625,1109.3199462890625,1.527999997138977,17.06999969482422,4.563000202178955,49.07718276977539,70.05000305175781,90.08000183105469,1892.199951171875,10.15195083618164,0.8974999785423279,109.62000274658203
2021-06-09,3216.179931640625,4219.5498046875,1116.8900146484375,1.4889999628067017,17.889999389648438,4.536499977111816,48.935543060302734,69.95999908447266,90.12000274658203,1893.199951171875,10.202656745910645,0.8967999815940857,120.97000122070312
2021-06-10,3224.639892578125,4239.18017578125,1116.4100341796875,1.4589999914169312,16.100000381469727,4.489999771118164,49.327640533447266,70.29000091552734,90.08000183105469,1894.199951171875,10.184183120727539,0.8956000208854675,116.76000213623047
2021-06-11,3249.320068359375,4247.43994140625,1111.260009765625,1.4620000123977661,15.649999618530273,4.541500091552734,49.158714294433594,70.91000366210938,90.55999755859375,1877.4000244140625,10.157215118408203,0.8946499824523926,116.12000274658203
2021-06-14,3252.1298828125,4255.14990234375,1115.550048828125,1.5010000467300415,16.389999389648438,4.5320000648498535,49.29207229614258,70.87999725341797,90.5199966430664,1864.0,10.167522430419922,0.897711992263794,119.80000305175781
2021-06-15,3258.6298828125,4246.58984375,1116.3199462890625,1.4989999532699585,17.020000457763672,4.340000152587891,48.9542236328125,72.12000274658203,90.54000091552734,1854.5,10.144766807556152,0.8991000056266785,122.9000015258789
2021-06-16,3278.679931640625,4223.7001953125,1116.030029296875,1.569000005722046,18.149999618530273,4.392499923706055,48.287384033203125,72.1500015258789,91.12999725341797,1859.5,10.139664649963379,0.8985000252723694,121.56999969482422
2021-06-17,3264.9599609375,4221.85986328125,1131.949951171875,1.5110000371932983,17.75,4.184500217437744,48.554115295410156,71.04000091552734,91.88999938964844,1773.800048828125,10.21878433227539,0.9085299968719482,120.62999725341797
2021-06-18,3267.929931640625,4166.4501953125,1133.5400390625,1.4500000476837158,20.700000762939453,4.162499904632568,48.21625900268555,71.63999938964844,92.2300033569336,1767.9000244140625,10.274191856384277,0.9176499843597412,128.8300018310547
2021-06-21,3240.7900390625,4224.7900390625,1134.25,1.4839999675750732,17.889999389648438,4.1875,48.42075729370117,73.66000366210938,91.86000061035156,1781.800048828125,10.291996002197266,0.9224900007247925,121.25
2021-06-22,3263.8798828125,4246.43994140625,1130.3399658203125,1.472000002861023,16.65999984741211,4.234499931335449,48.19846725463867,73.05999755859375,91.7300033569336,1776.300048828125,10.241268157958984,0.9186499714851379,114.01000213623047
2021-06-23,3276.18994140625,4241.83984375,1132.510009765625,1.4869999885559082,16.31999969482422,4.330999851226807,48.491878509521484,73.08000183105469,91.80000305175781,1782.300048828125,10.234150886535645,0.9185900092124939,110.4800033569336
2021-06-24,3286.10009765625,4266.490234375,1132.6099853515625,1.4869999885559082,15.970000267028809,4.311500072479248,48.936431884765625,73.30000305175781,91.81999969482422,1775.5999755859375,10.202868461608887,0.9181100130081177,107.87000274658203
2021-06-25,3302.840087890625,4280.7001953125,1130.800048828125,1.5360000133514404,15.619999885559082,4.298999786376953,49.34542465209961,74.05000305175781,91.80999755859375,1776.5999755859375,10.19464111328125,0.9181299805641174,105.91000366210938
2021-06-28,3301.889892578125,4290.60986328125,1125.3399658203125,1.4780000448226929,15.760000228881836,4.2779998779296875,49.3898811340332,72.91000366210938,91.87999725341797,1779.5999755859375,10.15434455871582,0.9166899919509888,106.31999969482422
2021-06-29,3286.679931640625,4291.7998046875,1129.0400390625,1.4800000190734863,16.020000457763672,4.276500225067139,49.354312896728516,72.9800033569336,92.05000305175781,1762.800048828125,10.19948673248291,0.9196100234985352,107.01000213623047
2021-06-30,3296.679931640625,4297.5,1130.510009765625,1.4429999589920044,15.829999923706055,4.296500205993652,49.034236907958984,73.47000122070312,92.44000244140625,1770.800048828125,10.227920532226562,0.9208999872207642,106.7300033569336
2021-07-01,3282.06005859375,4319.93994140625,1129.5999755859375,1.4800000190734863,15.479999542236328,4.242000102996826,48.75862121582031,75.2300033569336,92.5999984741211,1775.9000244140625,10.164042472839355,0.9249500036239624,108.72000122070312
2021-07-02,3281.780029296875,4352.33984375,1132.4100341796875,1.430999994277954,15.069999694824219,4.2820000648498535,48.705265045166016,75.16000366210938,92.2300033569336,1782.5999755859375,10.167561531066895,0.9258999824523926,106.11000061035156
2021-07-05,3293.2099609375,4352.33984375,1129.77001953125,1.430999994277954,15.069999694824219,4.2820000648498535,48.705265045166016,75.16000366210938,92.2300033569336,1782.5999755859375,10.164830207824707,0.9215999841690063,106.11000061035156
2021-07-06,3305.2099609375,4343.5400390625,1129.43994140625,1.3700000047683716,16.440000534057617,4.257999897003174,47.85171890258789,73.37000274658203,92.55000305175781,1793.5,10.18246078491211,0.9221000075340271,112.23999786376953
2021-07-07,3285.340087890625,4358.1298828125,1135.47998046875,1.3209999799728394,16.200000762939453,4.328999996185303,47.79836654663086,72.19999694824219,92.63999938964844,1801.5,10.266267776489258,0.9246699810028076,112.69999694824219
2021-07-08,3252.679931640625,4320.81982421875,1140.52001953125,1.2879999876022339,19.0,4.271500110626221,46.802581787109375,72.94000244140625,92.36000061035156,1799.5999755859375,10.308399200439453,0.9254000186920166,120.02999877929688
2021-07-09,3217.949951171875,4369.5498046875,1146.280029296875,1.3559999465942383,16.18000030517578,4.352499961853027,47.611663818359375,74.55999755859375,92.12999725341797,1810.0,10.434995651245117,0.9147400259971619,112.62000274658203
2021-07-12,3246.469970703125,4384.6298828125,1144.31005859375,1.3630000352859497,16.170000076293945,4.322999954223633,47.6561164855957,74.0999984741211,92.2300033569336,1805.5,10.38167667388916,0.9140400290489197,111.58999633789062
2021-07-13,3271.3798828125,4369.2099609375,1141.0999755859375,1.4149999618530273,17.1200008392334,4.314499855041504,47.70057678222656,75.25,92.75,1809.4000244140625,10.399046897888184,0.9150199890136719,116.4000015258789
2021-07-14,3264.81005859375,4374.2998046875,1148.699951171875,1.3559999465942383,16.329999923706055,4.2769999504089355,47.90507125854492,73.12999725341797,92.41000366210938,1824.300048828125,10.386398315429688,0.9187999963760376,117.66000366210938
2021-07-15,3286.219970703125,4360.02978515625,1143.4100341796875,1.2970000505447388,17.010000228881836,4.333000183105469,48.020652770996094,71.6500015258789,92.62000274658203,1828.4000244140625,10.395013809204102,0.9146900177001953,121.02999877929688
2021-07-16,3276.909912109375,4327.16015625,1140.1199951171875,1.2999999523162842,18.450000762939453,4.332499980926514,47.6472282409668,71.80999755859375,92.69000244140625,1814.5,10.385446548461914,0.9178000092506409,128.88999938964844
2021-07-19,3244.0400390625,4258.490234375,1141.5,1.180999994277954,22.5,4.2104997634887695,46.84703826904297,66.41999816894531,92.88999938964844,1808.699951171875,10.387848854064941,0.9185299873352051,139.5399932861328
2021-07-20,3232.699951171875,4323.06005859375,1150.0699462890625,1.2089999914169312,19.729999542236328,4.273499965667725,46.9981803894043,67.41999816894531,92.97000122070312,1810.9000244140625,10.499005317687988,0.9185000061988831,131.3000030517578
2021-07-21,3215.909912109375,4358.68994140625,1147.47998046875,1.2799999713897705,17.90999984741211,4.28249979019165,47.30048370361328,70.30000305175781,92.75,1802.9000244140625,10.440688133239746,0.9212300181388855,122.52999877929688
2021-07-22,3250.2099609375,4367.47998046875,1148.68994140625,1.2649999856948853,17.690000534057617,4.3480000495910645,47.38938522338867,71.91000366210938,92.81999969482422,1805.0,10.418669700622559,0.9175699949264526,118.81999969482422
2021-07-23,3254.419921875,4411.7900390625,1149.9100341796875,1.2860000133514404,17.200000762939453,4.406499862670898,46.68699264526367,72.06999969482422,92.91000366210938,1801.4000244140625,10.449783325195312,0.9191200137138367,114.91999816894531
2021-07-26,3224.949951171875,4422.2998046875,1151.1199951171875,1.2760000228881836,17.579999923706055,4.589000225067139,45.797882080078125,71.91000366210938,92.6500015258789,1798.699951171875,10.41252326965332,0.9195299744606018,114.86000061035156
2021-07-27,3232.530029296875,4401.4599609375,1151.760009765625,1.2339999675750732,19.360000610351562,4.546000003814697,44.87321472167969,71.6500015258789,92.43000030517578,1799.5,10.440864562988281,0.9154599905014038,121.11000061035156
2021-07-28,3236.860107421875,4400.64013671875,1153.56005859375,1.2610000371932983,18.309999465942383,4.479000091552734,46.09129333496094,72.38999938964844,92.31999969482422,1799.5,10.512707710266113,0.9143999814987183,117.08000183105469
2021-07-29,3242.64990234375,4419.14990234375,1149.4100341796875,1.2690000534057617,17.700000762939453,4.519999980926514,46.322452545166016,73.62000274658203,91.86000061035156,1831.199951171875,10.459641456604004,0.909500002861023,114.04000091552734
2021-07-30,3202.320068359375,4395.259765625,1142.1199951171875,1.2389999628067017,18.239999771118164,4.480500221252441,45.877906799316406,73.94999694824219,92.16999816894531,1812.5999755859375,10.438970565795898,0.9057199954986572,116.18000030517578
2021-08-02,3223.0400390625,4387.16015625,1150.9300537109375,1.1740000247955322,19.459999084472656,4.432000160217285,46.206871032714844,71.26000213623047,92.05000305175781,1818.0999755859375,10.490513801574707,0.9059100151062012,122.8499984741211
2021-08-03,3237.139892578125,4423.14990234375,1149.56005859375,1.1759999990463257,18.040000915527344,4.382999897003174,46.40248107910156,70.55999755859375,92.08000183105469,1810.0999755859375,10.51924991607666,0.905269980430603,117.55000305175781
2021-08-04,3280.3798828125,4402.66015625,1148.5799560546875,1.184000015258789,17.969999313354492,4.329999923706055,46.64253234863281,68.1500015258789,92.2699966430664,1810.5,10.528826713562012,0.9038199782371521,116.20999908447266
2021-08-05,3276.1298828125,4429.10009765625,1144.06005859375,1.2170000076293945,17.280000686645508,4.3454999923706055,46.571407318115234,69.08999633789062,92.23999786376953,1805.0999755859375,10.444901466369629,0.9064000248908997,113.3499984741211
2021-08-06,3270.360107421875,4436.52001953125,1143.1199951171875,1.2899999618530273,16.149999618530273,4.3454999923706055,46.18020248413086,68.27999877929688,92.80000305175781,1760.0,10.40244197845459,0.906499981880188,112.0
2021-08-09,3260.419921875,4432.35009765625,1144.9200439453125,1.3170000314712524,16.719999313354492,4.2870001792907715,46.33134460449219,66.4800033569336,92.94999694824219,1723.4000244140625,10.383772850036621,0.9156000018119812,115.08999633789062
2021-08-10,3243.18994140625,4436.75,1145.8900146484375,1.3420000076293945,16.790000915527344,4.351500034332275,46.393585205078125,68.29000091552734,93.05999755859375,1728.800048828125,10.386482238769531,0.9205999970436096,114.1500015258789
2021-08-11,3220.6201171875,4442.41015625,1152.47998046875,1.3289999961853027,16.170000076293945,4.363999843597412,46.5180549621582,69.25,92.91000366210938,1750.4000244140625,10.420265197753906,0.9229599833488464,118.05999755859375
2021-08-12,3208.3798828125,4460.830078125,1152.8499755859375,1.3669999837875366,15.59000015258789,4.355999946594238,46.109073638916016,69.08999633789062,93.04000091552734,1749.0,10.444570541381836,0.921459972858429,117.72000122070312
2021-08-13,3171.2900390625,4468.0,1162.06005859375,1.2970000505447388,15.449999809265137,4.38700008392334,45.993492126464844,68.44000244140625,92.5199966430664,1775.199951171875,10.525266647338867,0.9230599999427795,117.80999755859375
2021-08-16,3171.2900390625,4479.7099609375,1161.3800048828125,1.2569999694824219,16.1200008392334,4.322000026702881,45.57560729980469,67.29000091552734,92.62999725341797,1786.9000244140625,10.593681335449219,0.9154000282287598,117.69000244140625
2021-08-17,3143.090087890625,4448.080078125,1164.5,1.2580000162124634,17.90999984741211,4.199999809265137,44.739845275878906,66.58999633789062,93.12999725341797,1785.0,10.65396785736084,0.9125000238418579,120.52999877929688
2021-08-18,3158.929931640625,4400.27001953125,1176.449951171875,1.2730000019073486,21.56999969482422,4.116000175476074,44.810977935791016,65.45999908447266,93.13999938964844,1781.5999755859375,10.739715576171875,0.9147499799728394,128.41000366210938
2021-08-19,3097.830078125,4405.7998046875,1169.6800537109375,1.2419999837875366,21.670000076293945,4.03849983215332,44.046348571777344,63.689998626708984,93.56999969482422,1780.199951171875,10.64826488494873,0.9175599813461304,130.41000366210938
2021-08-20,3060.510009765625,4441.669921875,1175.3900146484375,1.2599999904632568,18.559999465942383,4.134500026702881,44.01078414916992,62.31999969482422,93.5,1781.0,10.706822395324707,0.9189199805259705,120.51000213623047
2021-08-23,3090.2099609375,4479.52978515625,1174.239990234375,1.2549999952316284,17.149999618530273,4.234499931335449,44.6776123046875,65.63999938964844,92.95999908447266,1803.199951171875,10.690313339233398,0.9171199798583984,113.33000183105469
2021-08-24,3138.300048828125,4486.22998046875,1167.6099853515625,1.2899999618530273,17.219999313354492,4.255000114440918,45.69118881225586,67.54000091552734,92.88999938964844,1805.5999755859375,10.646347045898438,0.9122999906539917,111.08999633789062
2021-08-25,3146.81005859375,4496.18994140625,1163.469970703125,1.3420000076293945,16.790000915527344,4.264999866485596,45.744537353515625,68.36000061035156,92.83000183105469,1788.199951171875,10.5936279296875,0.913100004196167,108.83999633789062
2021-08-26,3128.530029296875,4470.0,1163.3299560546875,1.3420000076293945,18.84000015258789,4.245999813079834,45.308876037597656,67.41999816894531,93.05999755859375,1792.199951171875,10.577387809753418,0.913640022277832,116.5999984741211
2021-08-27,3133.89990234375,4509.3701171875,1170.0,1.312000036239624,16.389999389648438,4.316500186920166,45.869014739990234,68.73999786376953,92.69000244140625,1816.5999755859375,10.627178192138672,0.9179400205612183,109.62000274658203
2021-08-30,3144.18994140625,4528.7900390625,1161.3299560546875,1.284999966621399,16.190000534057617,4.361000061035156,45.96681213378906,69.20999908447266,92.6500015258789,1809.0,10.570807456970215,0.9111999869346619,107.9000015258789
2021-08-31,3199.27001953125,4522.68017578125,1165.510009765625,1.3040000200271606,16.479999542236328,4.360000133514404,46.598079681396484,68.5,92.62999725341797,1815.0,10.607407569885254,0.9171800017356873,105.80999755859375
2021-09-01,3207.02001953125,4524.08984375,1158.4100341796875,1.3020000457763672,16.110000610351562,4.263000011444092,47.19378662109375,68.58999633789062,92.44999694824219,1813.0999755859375,10.525254249572754,0.9153000116348267,105.19999694824219
2021-09-02,3175.85009765625,4536.9501953125,1155.280029296875,1.2940000295639038,16.40999984741211,4.289999961853027,46.98039627075195,69.98999786376953,92.2300033569336,1808.699951171875,10.493339538574219,0.9155169725418091,105.69999694824219
2021-09-03,3201.06005859375,4535.43017578125,1157.1300048828125,1.3220000267028809,16.40999984741211,4.325500011444092,47.22935104370117,69.29000091552734,92.04000091552734,1830.9000244140625,10.52415657043457,0.9144899845123291,105.4800033569336
2021-09-06,3203.330078125,4535.43017578125,1154.75,1.3220000267028809,16.40999984741211,4.325500011444092,47.22935104370117,69.29000091552734,92.04000091552734,1830.9000244140625,10.51953125,0.9138399958610535,105.4800033569336
2021-09-07,3187.419921875,4520.02978515625,1155.5400390625,1.3700000047683716,18.139999389648438,4.277500152587891,47.50497055053711,68.3499984741211,92.5199966430664,1795.9000244140625,10.521552085876465,0.9148799777030945,111.01000213623047
2021-09-08,3162.989990234375,4514.06982421875,1161.0,1.3339999914169312,17.959999084472656,4.23199987411499,46.81147384643555,69.30000305175781,92.6500015258789,1790.699951171875,10.527408599853516,0.9194499850273132,115.05999755859375
2021-09-09,3114.699951171875,4493.27978515625,1166.489990234375,1.2990000247955322,18.799999237060547,4.2835001945495605,46.72256088256836,68.13999938964844,92.4800033569336,1797.4000244140625,10.583026885986328,0.9218400120735168,117.02999877929688
2021-09-10,3125.760009765625,4458.580078125,1169.1300048828125,1.340999960899353,20.950000762939453,4.447999954223633,46.66920852661133,69.72000122070312,92.58000183105469,1789.5999755859375,10.649839401245117,0.9165099859237671,124.9800033569336
2021-09-13,3127.860107421875,4468.72998046875,1169.3800048828125,1.3240000009536743,19.3700008392334,4.363500118255615,46.79368209838867,70.44999694824219,92.62000274658203,1792.0,10.637739181518555,0.9181399941444397,118.01000213623047
2021-09-14,3148.830078125,4443.0498046875,1171.1099853515625,1.2769999504089355,19.459999084472656,4.317999839782715,46.40248107910156,70.45999908447266,92.6500015258789,1804.699951171875,10.662514686584473,0.921999990940094,120.37000274658203
2021-09-15,3153.39990234375,4480.7001953125,1170.800048828125,1.3040000200271606,18.18000030517578,4.403500080108643,46.393585205078125,72.61000061035156,92.48999786376953,1792.4000244140625,10.671272277832031,0.9200800061225891,112.4800033569336
2021-09-16,3130.090087890625,4473.75,1165.219970703125,1.3309999704360962,18.690000534057617,4.278500080108643,45.869014739990234,72.61000061035156,92.86000061035156,1754.5999755859375,10.653593063354492,0.9197099804878235,112.11000061035156
2021-09-17,3140.510009765625,4432.990234375,1174.4200439453125,1.3700000047683716,20.809999465942383,4.245500087738037,45.67341232299805,71.97000122070312,93.19999694824219,1749.4000244140625,10.721240043640137,0.9273599982261658,118.9000015258789
2021-09-20,3140.510009765625,4357.72998046875,1181.1099853515625,1.309000015258789,25.709999084472656,4.117000102996826,44.446449279785156,70.29000091552734,93.23999786376953,1761.800048828125,10.739121437072754,0.9320399761199951,138.92999267578125
2021-09-21,3140.510009765625,4354.18994140625,1186.3199462890625,1.3240000009536743,24.360000610351562,4.127999782562256,44.775413513183594,70.55999755859375,93.19999694824219,1776.0,10.840954780578613,0.9276700019836426,130.75999450683594
2021-09-22,3140.510009765625,4395.64013671875,1182.9200439453125,1.3359999656677246,20.8700008392334,4.252500057220459,45.33555603027344,72.2300033569336,93.45999908447266,1776.699951171875,10.837562561035156,0.9235000014305115,117.62000274658203
2021-09-23,3127.580078125,4448.97998046875,1181.030029296875,1.409999966621399,18.6299991607666,4.230999946594238,45.69118881225586,73.30000305175781,93.0999984741211,1747.699951171875,10.753303527832031,0.9262999892234802,108.30999755859375
2021-09-24,3125.239990234375,4455.47998046875,1174.699951171875,1.4600000381469727,17.75,4.287499904632568,45.14883804321289,73.9800033569336,93.33000183105469,1749.699951171875,10.647197723388672,0.9244999885559082,103.06999969482422
2021-09-27,3133.639892578125,4443.10986328125,1179.199951171875,1.4839999675750732,18.760000228881836,4.293499946594238,45.44224166870117,75.44999694824219,93.37999725341797,1750.0,10.645914077758789,0.9244700074195862,107.7300033569336
2021-09-28,3097.919921875,4352.6298828125,1176.9599609375,1.534000039100647,23.25,4.244999885559082,44.85542297363281,75.29000091552734,93.7699966430664,1735.800048828125,10.608992576599121,0.9255890250205994,121.05999755859375
2021-09-29,3060.27001953125,4359.4599609375,1186.8900146484375,1.5410000085830688,22.559999465942383,4.199999809265137,44.43755340576172,74.83000183105469,94.33999633789062,1721.5,10.641276359558105,0.9291599988937378,119.04000091552734
2021-09-30,3068.820068359375,4307.5400390625,1187.4300537109375,1.5290000438690186,23.139999389648438,4.090000152587891,44.7932014465332,75.02999877929688,94.25,1755.300048828125,10.606549263000488,0.934249997138977,118.01000213623047
2021-10-01,3019.179931640625,4357.0400390625,1183.719970703125,1.4789999723434448,21.100000381469727,4.19350004196167,44.74874496459961,75.87999725341797,94.04000091552734,1757.0,10.6300687789917,0.932479977607727,112.61000061035156
2021-10-04,3019.179931640625,4300.4599609375,1180.0,1.4809999465942383,22.959999084472656,4.246500015258789,44.09080123901367,77.62000274658203,93.80999755859375,1766.199951171875,10.63599681854248,0.9295700192451477,117.16999816894531
2021-10-05,2962.169921875,4345.72021484375,1183.780029296875,1.5290000438690186,21.299999237060547,4.202000141143799,44.40199661254883,78.93000030517578,93.9800033569336,1759.5999755859375,10.665128707885742,0.9249600172042847,110.75
2021-10-06,2908.31005859375,4363.5498046875,1187.1700439453125,1.5240000486373901,21.0,4.1570000648498535,44.15303421020508,77.43000030517578,94.2699966430664,1760.5,10.64841079711914,0.9283999800682068,110.91999816894531
2021-10-07,2959.4599609375,4399.759765625,1191.3800048828125,1.5709999799728394,19.540000915527344,4.250999927520752,45.015472412109375,78.30000305175781,94.22000122070312,1757.9000244140625,10.693894386291504,0.9276999831199646,107.43000030517578
2021-10-08,2956.300048828125,4391.33984375,1191.1500244140625,1.6050000190734863,18.770000457763672,4.2829999923706055,45.18440628051758,79.3499984741211,94.06999969482422,1756.300048828125,10.667365074157715,0.9283999800682068,107.2699966430664
2021-10-11,2956.300048828125,4361.18994140625,1195.5799560546875,1.6139999628067017,20.0,4.374499797821045,45.095489501953125,80.5199966430664,94.31999969482422,1754.5999755859375,10.648579597473145,0.9278500080108643,110.29000091552734
2021-10-12,2916.3798828125,4350.64990234375,1195.800048828125,1.5800000429153442,19.850000381469727,4.328999996185303,44.864322662353516,80.63999938964844,94.5199966430664,1758.300048828125,10.545904159545898,0.9275500178337097,109.12000274658203
2021-10-13,2944.409912109375,4363.7998046875,1196.8900146484375,1.5490000247955322,18.639999389648438,4.520500183105469,45.48670196533203,80.44000244140625,94.08000183105469,1793.699951171875,10.542778015136719,0.9304599761962891,108.72000122070312
2021-10-14,2988.639892578125,4438.259765625,1186.7099609375,1.5190000534057617,16.860000610351562,4.631499767303467,45.62895584106445,81.30999755859375,93.95999908447266,1796.699951171875,10.466629028320312,0.923799991607666,107.97000122070312
2021-10-15,3015.06005859375,4471.3701171875,1182.1300048828125,1.5759999752044678,16.299999237060547,4.734000205993652,46.18020248413086,82.27999877929688,93.94000244140625,1767.199951171875,10.375592231750488,0.9243699908256531,106.76000213623047
2021-10-18,3006.679931640625,4486.4599609375,1181.7900390625,1.5839999914169312,16.309999465942383,4.730500221252441,46.06462478637695,82.44000244140625,93.94999694824219,1764.800048828125,10.3366117477417,0.9235299825668335,104.37000274658203
2021-10-19,3029.0400390625,4519.6298828125,1185.6800537109375,1.6349999904632568,15.699999809265137,4.714000225067139,46.678096771240234,82.95999908447266,93.79000091552734,1769.699951171875,10.366630554199219,0.9232779741287231,103.05999755859375
2021-10-20,3013.1298828125,4536.18994140625,1175.6500244140625,1.6360000371932983,15.489999771118164,4.75600004196167,46.66920852661133,83.87000274658203,93.55999755859375,1784.0999755859375,10.263517379760742,0.9229999780654907,101.83999633789062
2021-10-21,3007.330078125,4549.77978515625,1174.5899658203125,1.6759999990463257,15.010000228881836,4.58650016784668,46.366920471191406,82.5,93.7699966430664,1781.199951171875,10.268741607666016,0.9187999963760376,102.13999938964844
2021-10-22,3006.159912109375,4544.89990234375,1176.550048828125,1.6549999713897705,15.430000305175781,4.526000022888184,46.26911926269531,83.76000213623047,93.61000061035156,1795.5,10.334798812866211,0.9181100130081177,106.08000183105469
2021-10-25,3020.5400390625,4566.47998046875,1176.5400390625,1.6349999904632568,15.239999771118164,4.551499843597412,46.50917053222656,83.76000213623047,93.80999755859375,1806.0,10.350579261779785,0.9165530204772949,102.36000061035156
2021-10-26,3049.080078125,4574.7900390625,1167.06005859375,1.61899995803833,15.979999542236328,4.486499786376953,46.26911926269531,84.6500015258789,93.94999694824219,1792.699951171875,10.257973670959473,0.9198899865150452,103.25
2021-10-27,3025.489990234375,4551.68017578125,1167.3299560546875,1.5290000438690186,16.979999542236328,4.38700008392334,45.895687103271484,82.66000366210938,93.86000061035156,1797.9000244140625,10.223369598388672,0.9196000099182129,109.61000061035156
2021-10-28,3009.550048828125,4596.419921875,1172.1700439453125,1.5679999589920044,16.530000686645508,4.4375,45.940147399902344,82.80999755859375,93.3499984741211,1801.5999755859375,10.30270767211914,0.9179999828338623,106.27999877929688
2021-10-29,2970.679931640625,4605.3798828125,1167.3699951171875,1.5570000410079956,16.260000228881836,4.375500202178955,45.2733154296875,83.56999969482422,94.12000274658203,1783.0,10.274797439575195,0.9115399718284607,105.16999816894531
2021-11-01,2978.93994140625,4613.669921875,1174.3800048828125,1.5750000476837158,16.40999984741211,4.4019999504089355,45.62895584106445,84.05000305175781,93.87999725341797,1795.0999755859375,10.264083862304688,0.9161400198936462,106.66000366210938
2021-11-02,3013.489990234375,4630.64990234375,1176.5699462890625,1.5490000247955322,16.030000686645508,4.374000072479248,45.219966888427734,83.91000366210938,94.08999633789062,1788.699951171875,10.311927795410156,0.9093400239944458,105.44000244140625
2021-11-03,2975.7099609375,4660.56982421875,1178.0400390625,1.5789999961853027,15.100000381469727,4.326000213623047,45.433349609375,80.86000061035156,93.86000061035156,1763.5999755859375,10.337828636169434,0.9146000146865845,102.25
2021-11-04,2983.219970703125,4680.06005859375,1179.3399658203125,1.5240000486373901,15.4399995803833,4.326000213623047,45.32666015625,78.80999755859375,94.3499984741211,1793.0,10.338561058044434,0.9113100171089172,104.45999908447266
2021-11-05,2969.27001953125,4697.52978515625,1185.8299560546875,1.4529999494552612,16.479999542236328,4.348999977111816,45.2733154296875,81.2699966430664,94.31999969482422,1816.4000244140625,10.407366752624512,0.9126799702644348,110.20999908447266
2021-11-08,2960.199951171875,4701.7001953125,1180.5,1.496999979019165,17.219999313354492,4.40500020980835,45.69118881225586,81.93000030517578,94.05000305175781,1827.4000244140625,10.403218269348145,0.9119700193405151,111.48999786376953
2021-11-09,2962.4599609375,4685.25,1199.8599853515625,1.4320000410079956,17.780000686645508,4.380000114440918,45.513370513916016,84.1500015258789,93.95999908447266,1830.199951171875,10.594670295715332,0.9132800102233887,110.55000305175781
2021-11-10,2930.169921875,4646.7099609375,1177.5,1.559999942779541,18.729999542236328,4.328000068664551,45.32666015625,81.33999633789062,94.8499984741211,1847.5999755859375,10.428106307983398,0.9107000231742859,117.19000244140625
2021-11-11,2924.919921875,4649.27001953125,1184.1400146484375,1.559999942779541,17.65999984741211,4.4045000076293945,46.109073638916016,81.58999633789062,95.18000030517578,1863.199951171875,10.395681381225586,0.9178199768066406,114.66000366210938
2021-11-12,2968.800048828125,4682.85009765625,1183.1099853515625,1.5820000171661377,16.290000915527344,4.45550012588501,46.23354721069336,80.79000091552734,95.12999725341797,1867.9000244140625,10.37378978729248,0.921209990978241,112.11000061035156
2021-11-15,2999.52001953125,4682.7998046875,1179.1099853515625,1.6230000257492065,16.489999771118164,4.4070000648498535,46.0823974609375,80.87999725341797,95.41000366210938,1866.0999755859375,10.33430004119873,0.9211000204086304,110.66000366210938
2021-11-16,2997.2099609375,4700.89990234375,1183.510009765625,1.6339999437332153,16.3700008392334,4.358500003814697,46.14463424682617,80.76000213623047,95.91999816894531,1853.5999755859375,10.360416412353516,0.92535001039505,109.58000183105469
2021-11-17,2962.419921875,4688.669921875,1184.050048828125,1.6039999723434448,17.110000610351562,4.2729997634887695,45.90458297729492,78.36000061035156,95.83000183105469,1869.699951171875,10.304598808288574,0.9303100109100342,111.52999877929688
2021-11-18,2947.3798828125,4704.5400390625,1181.22998046875,1.5889999866485596,17.59000015258789,4.309999942779541,45.34443664550781,79.01000213623047,95.54000091552734,1861.0,10.339539527893066,0.9285299777984619,112.1500015258789
2021-11-19,2971.02001953125,4697.9599609375,1182.9000244140625,1.5360000133514404,17.90999984741211,4.4085001945495605,45.2733154296875,76.0999984741211,96.06999969482422,1851.199951171875,10.350802421569824,0.925599992275238,113.73999786376953
2021-11-22,3013.25,4682.93994140625,1191.6300048828125,1.625,19.170000076293945,4.395500183105469,44.90877914428711,76.75,96.5,1806.0,10.442864418029785,0.9293000102043152,118.62000274658203
2021-11-23,2997.330078125,4690.7001953125,1189.5,1.6670000553131104,19.3799991607666,4.423500061035156,44.864322662353516,78.5,96.48999786376953,1783.5,10.361542701721191,0.9322999715805054,115.02999877929688
2021-11-24,2994.2900390625,4701.4599609375,1189.949951171875,1.6449999809265137,18.579999923706055,4.458000183105469,44.80208969116211,78.38999938964844,96.83999633789062,1784.0999755859375,10.332566261291504,0.9333900213241577,110.4800033569336
2021-11-25,2980.27001953125,4701.4599609375,1187.8800048828125,1.6449999809265137,18.579999923706055,4.458000183105469,44.80208969116211,78.38999938964844,96.83999633789062,1784.0999755859375,10.292155265808105,0.9337999820709229,110.4800033569336
2021-11-26,2936.43994140625,4594.6201171875,1190.219970703125,1.4819999933242798,28.6200008392334,4.281499862670898,43.29949188232422,68.1500015258789,96.08999633789062,1785.300048828125,10.343487739562988,0.9352800250053406,149.74000549316406
2021-11-29,2909.320068359375,4655.27001953125,1194.6099853515625,1.5299999713897705,22.959999084472656,4.336999893188477,43.46843338012695,69.94999694824219,96.33999633789062,1782.300048828125,10.495153427124023,0.9243199825286865,131.24000549316406
2021-11-30,2839.010009765625,4567.0,1190.739990234375,1.4429999589920044,27.190000534057617,4.2779998779296875,43.423980712890625,66.18000030517578,95.98999786376953,1773.5999755859375,10.463214874267578,0.9228699803352356,142.5500030517578
2021-12-01,2899.719970703125,4513.0400390625,1182.8599853515625,1.434000015258789,31.1200008392334,4.247499942779541,43.58401870727539,65.56999969482422,96.05000305175781,1781.5999755859375,10.43960952758789,0.9194999933242798,155.02000427246094
2021-12-02,2945.27001953125,4577.10009765625,1177.1099853515625,1.4479999542236328,27.950000762939453,4.298999786376953,44.117469787597656,66.5,96.12999725341797,1760.699951171875,10.427421569824219,0.9205999970436096,147.30999755859375
2021-12-03,2968.330078125,4538.43017578125,1176.77001953125,1.343000054359436,30.670000076293945,4.266499996185303,43.495094299316406,66.26000213623047,96.12000274658203,1782.0,10.411958694458008,0.9197999835014343,156.10000610351562
2021-12-06,2973.25,4591.669921875,1183.1400146484375,1.434000015258789,27.18000030517578,4.336999893188477,43.83295822143555,69.48999786376953,96.29000091552734,1777.5,10.429798126220703,0.9184899926185608,138.8800048828125
2021-12-07,2991.719970703125,4686.75,1180.56005859375,1.4800000190734863,21.889999389648438,4.3379998207092285,44.526466369628906,72.05000305175781,96.37000274658203,1782.5999755859375,10.404709815979004,0.9254999756813049,117.91999816894531
2021-12-08,3001.800048828125,4701.2099609375,1176.8399658203125,1.5089999437332153,19.899999618530273,4.390999794006348,44.70428466796875,72.36000061035156,95.88999938964844,1783.4000244140625,10.366259574890137,0.9243999719619751,114.29000091552734
2021-12-09,3029.570068359375,4667.4501953125,1172.56005859375,1.4869999885559082,21.579999923706055,4.329999923706055,44.49089813232422,70.94000244140625,96.2699966430664,1774.5999755859375,10.31411361694336,0.9200000166893005,121.79000091552734
2021-12-10,3010.22998046875,4712.02001953125,1177.3299560546875,1.4889999628067017,18.690000534057617,4.2829999923706055,44.526466369628906,71.66999816894531,96.05000305175781,1782.9000244140625,10.378254890441895,0.9237899780273438,113.8499984741211
2021-12-13,3001.659912109375,4668.97021484375,1178.969970703125,1.4240000247955322,20.309999465942383,4.28000020980835,43.82032775878906,71.29000091552734,96.31999969482422,1786.300048828125,10.38644027709961,0.9210699796676636,121.06999969482422
2021-12-14,2987.949951171875,4634.08984375,1185.0999755859375,1.437999963760376,21.889999389648438,4.254000186920166,43.721126556396484,70.7300033569336,96.56999969482422,1770.4000244140625,10.434101104736328,0.9223799705505371,126.56999969482422
2021-12-15,2989.389892578125,4709.85009765625,1184.22998046875,1.4630000591278076,19.290000915527344,4.179500102996826,43.59486770629883,70.87000274658203,96.51000213623047,1762.5999755859375,10.411361694335938,0.9240000247955322,118.61000061035156
2021-12-16,3006.409912109375,4668.669921875,1184.4000244140625,1.4220000505447388,20.56999969482422,4.30049991607666,43.64897155761719,72.37999725341797,96.04000091552734,1796.5999755859375,10.376639366149902,0.9244400262832642,128.97000122070312
2021-12-17,3017.72998046875,4620.64013671875,1186.1500244140625,1.4019999504089355,21.56999969482422,4.290999889373779,43.432525634765625,70.86000061035156,96.56999969482422,1803.800048828125,10.435489654541016,0.9188399910926819,136.05999755859375
2021-12-20,2963.0,4568.02001953125,1186.3900146484375,1.4190000295639038,22.8700008392334,4.288000106811523,42.783206939697266,68.2300033569336,96.55000305175781,1793.699951171875,10.445494651794434,0.9232900142669678,138.6699981689453
2021-12-21,2975.030029296875,4649.22998046875,1190.1199951171875,1.4869999885559082,21.010000228881836,4.3379998207092285,43.50468063354492,71.12000274658203,96.48999786376953,1787.9000244140625,10.47050952911377,0.921720027923584,131.41000366210938
2021-12-22,2984.47998046875,4696.56005859375,1191.27001953125,1.4570000171661377,18.6299991607666,4.389500141143799,43.71210479736328,72.76000213623047,96.08000183105469,1801.5999755859375,10.450148582458496,0.9230200052261353,122.69999694824219
2021-12-23,2998.169921875,4725.7900390625,1187.77001953125,1.4930000305175781,17.959999084472656,4.38700008392334,43.93756866455078,73.79000091552734,96.0199966430664,1811.199951171875,10.407713890075684,0.919439971446991,120.45999908447266
2021-12-24,3012.429931640625,4725.7900390625,1185.5,1.4930000305175781,17.959999084472656,4.38700008392334,43.93756866455078,73.79000091552734,96.0199966430664,1811.199951171875,10.357149124145508,0.9186000227928162,120.45999908447266
2021-12-27,2999.550048828125,4791.18994140625,1185.9200439453125,1.4809999465942383,17.68000030517578,4.465000152587891,44.135963439941406,75.56999969482422,96.08999633789062,1808.0999755859375,10.36369800567627,0.9187809824943542,115.91999816894531
2021-12-28,3020.239990234375,4786.35009765625,1185.6500244140625,1.4809999465942383,17.540000915527344,4.420000076293945,43.99167251586914,75.9800033569336,96.19999694824219,1810.199951171875,10.334325790405273,0.9171599745750427,114.83000183105469
2021-12-29,2993.2900390625,4793.06005859375,1187.8499755859375,1.5429999828338623,16.950000762939453,4.4019999504089355,43.793270111083984,76.55999755859375,95.93000030517578,1805.0999755859375,10.349199295043945,0.9168999791145325,109.5
2021-12-30,2977.64990234375,4778.72998046875,1183.6700439453125,1.5149999856948853,17.329999923706055,4.384500026702881,44.29496383666992,76.98999786376953,95.97000122070312,1812.699951171875,10.297172546386719,0.9136000275611877,110.83999633789062
2021-12-31,2977.64990234375,4766.18017578125,1189.8900146484375,1.5119999647140503,17.219999313354492,4.454999923706055,44.07839584350586,75.20999908447266,95.66999816894531,1827.5,10.3381929397583,0.9136999845504761,109.66999816894531
2022-01-03,2977.64990234375,4796.56005859375,1187.780029296875,1.628000020980835,16.600000381469727,4.4145002365112305,44.39421463012695,76.08000183105469,96.23999786376953,1799.4000244140625,10.307657241821289,0.9119750261306763,108.44999694824219
2022-01-04,2989.239990234375,4793.5400390625,1194.6800537109375,1.6679999828338623,16.90999984741211,4.466000080108643,44.240814208984375,76.98999786376953,96.29000091552734,1814.0,10.358658790588379,0.9183300137519836,109.30999755859375
2022-01-05,2953.969970703125,4700.580078125,1196.5,1.7050000429153442,19.729999542236328,4.4045000076293945,43.51896286010742,77.8499984741211,96.19000244140625,1824.5999755859375,10.29898452758789,0.9162099957466125,119.30999755859375
2022-01-06,2920.530029296875,4696.0498046875,1199.25,1.7330000400543213,19.610000610351562,4.3480000495910645,43.717472076416016,79.45999908447266,96.25,1788.699951171875,10.326607704162598,0.917389988899231,117.81999969482422
2022-01-07,2954.889892578125,4677.02978515625,1205.780029296875,1.7710000276565552,18.760000228881836,4.4029998779296875,44.11449432373047,78.9000015258789,95.73999786376953,1797.0,10.397955894470215,0.9214000105857849,113.86000061035156
2022-01-10,2926.719970703125,4670.2900390625,1196.8800048828125,1.7799999713897705,19.399999618530273,4.3445000648498535,44.11449432373047,78.2300033569336,95.98999786376953,1798.4000244140625,10.340882301330566,0.9188399910926819,113.0199966430664
2022-01-11,2927.3798828125,4713.06982421875,1198.0899658203125,1.746000051498413,18.40999984741211,4.420499801635742,45.13412094116211,81.22000122070312,95.62000274658203,1818.5999755859375,10.39286994934082,0.9272000193595886,111.61000061035156
2022-01-12,2972.47998046875,4726.35009765625,1189.4300537109375,1.725000023841858,17.6200008392334,4.564000129699707,45.88304901123047,82.63999938964844,95.0,1827.199951171875,10.312828063964844,0.9235000014305115,113.94000244140625
2022-01-13,2962.090087890625,4659.02978515625,1185.8800048828125,1.7109999656677246,20.309999465942383,4.533999919891357,45.233375549316406,82.12000274658203,94.79000091552734,1821.199951171875,10.340954780578613,0.914139986038208,123.44000244140625
2022-01-14,2921.919921875,4662.85009765625,1186.6099853515625,1.7719999551773071,19.190000534057617,4.411499977111816,45.215328216552734,83.81999969482422,95.16999816894531,1816.5,10.399053573608398,0.9110400080680847,117.56999969482422
2022-01-17,2890.10009765625,4662.85009765625,1188.9599609375,1.7719999551773071,19.190000534057617,4.411499977111816,45.215328216552734,83.81999969482422,95.16999816894531,1816.5,10.39468765258789,0.9144920110702515,117.56999969482422
2022-01-18,2864.239990234375,4577.10986328125,1190.06005859375,1.8650000095367432,22.790000915527344,4.375999927520752,44.41226577758789,85.43000030517578,95.7300033569336,1812.300048828125,10.3864164352417,0.9139099717140198,127.94999694824219
2022-01-19,2842.280029296875,4532.759765625,1192.97998046875,1.8270000219345093,23.850000381469727,4.462500095367432,44.601749420166016,86.95999908447266,95.51000213623047,1843.0999755859375,10.413037300109863,0.9170699715614319,129.85000610351562
2022-01-20,2862.679931640625,4482.72998046875,1188.1600341796875,1.8329999446868896,25.59000015258789,4.576499938964844,44.863426208496094,86.9000015258789,95.73999786376953,1842.5,10.390374183654785,0.9156000018119812,135.60000610351562
2022-01-21,2834.2900390625,4397.93994140625,1192.4300537109375,1.746999979019165,28.850000381469727,4.512499809265137,44.21375274658203,85.13999938964844,95.63999938964844,1831.800048828125,10.460371017456055,0.9168400168418884,149.5
2022-01-24,2792.0,4410.1298828125,1191.5,1.7350000143051147,29.899999618530273,4.4029998779296875,43.591148376464844,83.30999755859375,95.91999816894531,1841.699951171875,10.463088035583496,0.9126399755477905,154.3800048828125
2022-01-25,2720.389892578125,4356.4501953125,1195.6600341796875,1.7829999923706055,31.15999984741211,4.442999839782715,43.50993728637695,85.5999984741211,95.94999694824219,1852.699951171875,10.486957550048828,0.9140899777412415,150.8000030517578
2022-01-26,2709.239990234375,4349.93017578125,1196.0999755859375,1.8480000495910645,31.959999084472656,4.504499912261963,42.95952606201172,87.3499984741211,96.48999786376953,1829.9000244140625,10.50352954864502,0.9177460074424744,148.5500030517578
2022-01-27,2614.489990234375,4326.509765625,1200.6300048828125,1.8070000410079956,30.489999771118164,4.413000106811523,42.4632453918457,86.61000061035156,97.26000213623047,1793.300048828125,10.465377807617188,0.9239490032196045,141.13999938964844
2022-01-28,2663.340087890625,4431.85009765625,1203.4599609375,1.781999945640564,27.65999984741211,4.302999973297119,42.67078399658203,86.81999969482422,97.2699966430664,1784.9000244140625,10.433252334594727,0.930869996547699,132.44000244140625
2022-01-31,2663.340087890625,4515.5498046875,1207.7099609375,1.781999945640564,24.829999923706055,4.317999839782715,44.06938171386719,88.1500015258789,96.54000091552734,1795.0,10.47781753540039,0.9311299920082092,125.05999755859375
2022-02-01,2663.340087890625,4546.5400390625,1205.1199951171875,1.7999999523162842,21.959999084472656,4.428999900817871,44.34006881713867,88.19999694824219,96.38999938964844,1800.300048828125,10.468016624450684,0.927079975605011,117.98999786376953
2022-02-02,2663.340087890625,4589.3798828125,1202.5,1.7660000324249268,22.09000015258789,4.491000175476074,44.26789093017578,88.26000213623047,95.94000244140625,1809.199951171875,10.480627059936523,0.9209399819374084,119.61000061035156
2022-02-03,2707.820068359375,4477.43994140625,1199.9599609375,1.8270000219345093,24.350000381469727,4.4664998054504395,43.798683166503906,90.2699966430664,95.37999725341797,1803.0,10.490857124328613,0.9189599752426147,125.11000061035156
2022-02-04,2750.260009765625,4500.52978515625,1200.3299560546875,1.9299999475479126,23.219999313354492,4.483500003814697,43.90695571899414,92.30999755859375,95.4800033569336,1806.5999755859375,10.441239356994629,0.9203699827194214,124.88999938964844
2022-02-07,2745.06005859375,4483.8701171875,1197.0899658203125,1.9160000085830688,22.860000610351562,4.46150016784668,43.816734313964844,91.31999969482422,95.4000015258789,1820.5999755859375,10.382176399230957,0.9251199960708618,124.12999725341797
2022-02-08,2746.469970703125,4521.5400390625,1196.8499755859375,1.9539999961853027,21.440000534057617,4.459499835968018,44.240814208984375,89.36000061035156,95.63999938964844,1826.5999755859375,10.401330947875977,0.9230499863624573,118.86000061035156
2022-02-09,2768.85009765625,4587.18017578125,1196.3599853515625,1.9290000200271606,19.959999084472656,4.600500106811523,44.93560791015625,89.66000366210938,95.48999786376953,1835.199951171875,10.354823112487793,0.925000011920929,119.31999969482422
2022-02-10,2771.929931640625,4504.080078125,1194.030029296875,2.0309998989105225,23.90999984741211,4.65749979019165,44.637847900390625,89.87999725341797,95.55000305175781,1836.199951171875,10.32951545715332,0.9242200255393982,129.10000610351562
2022-02-11,2747.7099609375,4418.64013671875,1199.3499755859375,1.9550000429153442,27.360000610351562,4.505000114440918,43.96110153198242,93.0999984741211,96.08000183105469,1840.800048828125,10.335081100463867,0.9256500005722046,141.1699981689453
2022-02-14,2704.47998046875,4401.669921875,1199.239990234375,1.996000051498413,28.329999923706055,4.507500171661377,43.65431213378906,95.45999908447266,96.37000274658203,1868.0,10.36271858215332,0.9247199892997742,140.58999633789062
2022-02-15,2676.5400390625,4471.06982421875,1197.3599853515625,2.0450000762939453,25.700000762939453,4.531499862670898,44.601749420166016,92.06999969482422,95.98999786376953,1854.800048828125,10.363344192504883,0.9245100021362305,129.0500030517578
2022-02-16,2729.679931640625,4475.009765625,1196.8299560546875,2.046999931335449,24.290000915527344,4.540500164031982,44.92658233642578,93.66000366210938,95.69999694824219,1870.199951171875,10.349530220031738,0.9254400134086609,122.58000183105469
2022-02-17,2744.090087890625,4380.259765625,1196.75,1.972000002861023,28.110000610351562,4.525000095367432,44.403236389160156,91.76000213623047,95.80000305175781,1900.699951171875,10.362589836120605,0.9215999841690063,134.49000549316406
2022-02-18,2744.52001953125,4348.8701171875,1198.6600341796875,1.9320000410079956,27.75,4.519499778747559,43.96110153198242,91.06999969482422,96.04000091552734,1898.5999755859375,10.435198783874512,0.9196000099182129,133.63999938964844
2022-02-21,2743.800048828125,4348.8701171875,1195.0699462890625,1.9320000410079956,27.75,4.519499778747559,43.96110153198242,91.06999969482422,96.04000091552734,1898.5999755859375,10.381646156311035,0.9208999872207642,133.63999938964844
2022-02-22,2706.7900390625,4304.759765625,1194.6800537109375,1.9479999542236328,28.809999465942383,4.510000228881836,43.338504791259766,92.3499984741211,96.02999877929688,1906.0999755859375,10.42364501953125,0.9157099723815918,130.69000244140625
2022-02-23,2719.530029296875,4225.5,1192.6800537109375,1.9769999980926514,31.020000457763672,4.481500148773193,42.83320617675781,92.0999984741211,96.19000244140625,1909.199951171875,10.362255096435547,0.9215599894523621,131.24000549316406
2022-02-24,2648.800048828125,4288.7001953125,1192.4000244140625,1.968999981880188,30.31999969482422,4.453999996185303,41.94892883300781,92.80999755859375,97.13999938964844,1925.0999755859375,10.377449035644531,0.9174200296401978,128.5
2022-02-25,2676.760009765625,4384.64990234375,1206.0,1.9859999418258667,27.59000015258789,4.4720001220703125,42.72491455078125,91.58999633789062,96.62000274658203,1886.5,10.435098648071289,0.9258400201797485,117.76000213623047
2022-02-28,2699.179931640625,4373.93994140625,1197.5899658203125,1.8389999866485596,30.149999618530273,4.444499969482422,42.16547775268555,95.72000122070312,96.70999908447266,1899.4000244140625,10.347432136535645,0.926596999168396,123.63999938964844
2022-03-01,2699.179931640625,4306.259765625,1200.9300537109375,1.7070000171661377,33.31999969482422,4.58650016784668,41.606040954589844,103.41000366210938,97.41000366210938,1942.4000244140625,10.435519218444824,0.9175000190734863,132.8000030517578
2022-03-02,2703.52001953125,4386.5400390625,1205.3699951171875,1.8650000095367432,30.739999771118164,4.6554999351501465,41.67823028564453,110.5999984741211,97.38999938964844,1920.9000244140625,10.495532989501953,0.9185600280761719,124.91999816894531
2022-03-03,2747.080078125,4363.490234375,1203.1500244140625,1.843999981880188,30.479999542236328,4.771500110626221,41.09171676635742,107.66999816894531,97.79000091552734,1934.4000244140625,10.415260314941406,0.920520007610321,122.36000061035156
2022-03-04,2713.429931640625,4328.8701171875,1205.989990234375,1.7239999771118164,31.979999542236328,4.928999900817871,40.2615852355957,115.68000030517578,98.6500015258789,1965.0999755859375,10.434439659118652,0.917900025844574,127.8499984741211
2022-03-07,2651.31005859375,4201.08984375,1216.7099609375,1.7510000467300415,36.45000076293945,4.7220001220703125,38.754703521728516,119.4000015258789,99.29000091552734,1993.9000244140625,10.576716423034668,0.9201599955558777,133.66000366210938
2022-03-08,2622.39990234375,4170.7001953125,1232.300048828125,1.871999979019165,35.130001068115234,4.700500011444092,38.88103103637695,123.69999694824219,99.05999755859375,2040.0999755859375,10.68082332611084,0.9254500269889832,139.7100067138672
2022-03-09,2622.39990234375,4277.8798828125,1233.1099853515625,1.9479999542236328,32.45000076293945,4.564000129699707,39.98186492919922,108.69999694824219,97.97000122070312,1985.9000244140625,10.654701232910156,0.9295600056648254,130.86000061035156
2022-03-10,2680.320068359375,4259.52001953125,1223.22998046875,2.010999917984009,30.229999542236328,4.643499851226807,39.23293685913086,106.0199966430664,98.51000213623047,1998.0999755859375,10.5537748336792,0.9264900088310242,125.47000122070312
2022-03-11,2661.280029296875,4204.31005859375,1228.5999755859375,2.003999948501587,30.75,4.616000175476074,38.41182327270508,109.33000183105469,99.12000274658203,1982.699951171875,10.575060844421387,0.9293799996376038,125.58000183105469
2022-03-14,2645.64990234375,4173.10986328125,1236.8900146484375,2.140000104904175,31.770000457763672,4.512499809265137,37.48244094848633,103.01000213623047,99.05999755859375,1959.5999755859375,10.509552955627441,0.9347699880599976,126.26000213623047
2022-03-15,2621.530029296875,4262.4501953125,1242.050048828125,2.1600000858306885,29.829999923706055,4.501500129699707,37.53657150268555,96.44000244140625,99.06999969482422,1928.5,10.506036758422852,0.9383000135421753,122.18000030517578
2022-03-16,2659.22998046875,4357.85986328125,1241.6800537109375,2.187999963760376,26.670000076293945,4.5879998207092285,40.55935287475586,95.04000091552734,98.37999725341797,1908.0,10.496515274047852,0.940779983997345,115.0999984741211
2022-03-17,2694.510009765625,4411.669921875,1223.0,2.191999912261963,25.670000076293945,4.690499782562256,40.3518180847168,102.9800033569336,98.01000213623047,1942.0999755859375,10.287598609924316,0.9415599703788757,109.25
2022-03-18,2707.02001953125,4463.1201171875,1210.3299560546875,2.1480000019073486,23.8700008392334,4.730500221252441,40.929298400878906,104.69999694824219,98.2300033569336,1928.199951171875,10.213582992553711,0.936020016670227,106.73999786376953
2022-03-21,2686.050048828125,4461.18017578125,1210.3699951171875,2.315000057220459,23.530000686645508,4.701499938964844,40.29768371582031,112.12000274658203,98.5,1928.5999755859375,10.150219917297363,0.9329299926757812,108.95999908447266
2022-03-22,2710.0,4511.60986328125,1219.780029296875,2.372999906539917,22.940000534057617,4.689000129699707,41.028560638427734,111.76000213623047,98.48999786376953,1920.699951171875,10.19874382019043,0.9338799715042114,108.22000122070312
2022-03-23,2735.050048828125,4456.240234375,1214.949951171875,2.321000099182129,23.56999969482422,4.762499809265137,40.75785446166992,114.93000030517578,98.62000274658203,1936.5999755859375,10.010917663574219,0.9334099888801575,108.7699966430664
2022-03-24,2729.659912109375,4520.16015625,1218.010009765625,2.3410000801086426,21.670000076293945,4.729000091552734,40.97441864013672,112.33999633789062,98.79000091552734,1961.5999755859375,10.059974670410156,0.9307199716567993,106.05000305175781
2022-03-25,2729.97998046875,4543.06005859375,1217.550048828125,2.492000102996826,20.809999465942383,4.685999870300293,40.64957809448242,113.9000015258789,98.80999755859375,1953.800048828125,9.951613426208496,0.9294899702072144,109.20999908447266
2022-03-28,2729.56005859375,4575.52001953125,1224.3800048828125,2.4769999980926514,19.6299991607666,4.714000225067139,40.784934997558594,105.95999908447266,99.08999633789062,1939.5999755859375,10.013249397277832,0.9312700033187866,108.29000091552734
2022-03-29,2741.070068359375,4631.60009765625,1223.6600341796875,2.4000000953674316,18.899999618530273,4.7164998054504395,41.4797248840332,104.23999786376953,98.4000015258789,1912.0,9.895358085632324,0.9336699843406677,104.3499984741211
2022-03-30,2746.739990234375,4602.4501953125,1209.1300048828125,2.3580000400543213,19.329999923706055,4.739500045776367,41.36241149902344,107.81999969482422,97.79000091552734,1933.5,9.820425033569336,0.9311500191688538,107.41000366210938
2022-03-31,2757.64990234375,4530.41015625,1210.43994140625,2.3269999027252197,20.559999465942383,4.743000030517578,40.73981475830078,100.27999877929688,98.30999755859375,1949.199951171875,9.919118881225586,0.9229699969291687,111.44999694824219
2022-04-01,2739.85009765625,4545.85986328125,1214.5,2.377000093460083,19.6299991607666,4.682499885559082,41.41655731201172,99.2699966430664,98.62999725341797,1919.0999755859375,9.974621772766113,0.9231899976730347,112.22000122070312
2022-04-04,2757.89990234375,4582.64013671875,1218.780029296875,2.4119999408721924,18.56999969482422,4.776500225067139,42.147438049316406,103.27999877929688,98.98999786376953,1929.199951171875,9.940906524658203,0.9258999824523926,107.11000061035156
2022-04-05,2759.199951171875,4525.1201171875,1213.9000244140625,2.555999994277954,21.030000686645508,4.790999889373779,41.371437072753906,101.95999908447266,99.47000122070312,1922.9000244140625,9.884154319763184,0.9261999726295471,116.2699966430664
2022-04-06,2735.030029296875,4481.14990234375,1218.75,2.6089999675750732,22.100000381469727,4.733500003814697,40.83005142211914,96.2300033569336,99.5999984741211,1918.4000244140625,9.855572700500488,0.9296000003814697,114.83999633789062
2022-04-07,2695.860107421875,4500.2099609375,1217.5999755859375,2.6519999504089355,21.549999237060547,4.695000171661377,40.505210876464844,96.02999877929688,99.75,1933.800048828125,9.842612266540527,0.9330499768257141,113.33000183105469
2022-04-08,2700.389892578125,4488.27978515625,1222.6600341796875,2.7130000591278076,21.15999984741211,4.71999979019165,40.54130554199219,98.26000213623047,99.80000305175781,1941.5999755859375,9.852096557617188,0.9344800114631653,112.13999938964844
2022-04-11,2693.10009765625,4412.52978515625,1228.239990234375,2.7799999713897705,24.3700008392334,4.628499984741211,40.03600311279297,94.29000091552734,99.93000030517578,1944.300048828125,9.874106407165527,0.9342399835586548,117.3499984741211
2022-04-12,2666.760009765625,4397.4501953125,1235.050048828125,2.7249999046325684,24.260000228881836,4.703999996185303,39.90967559814453,100.5999984741211,100.29000091552734,1972.0999755859375,9.843427658081055,0.9312999844551086,117.26000213623047
2022-04-13,2716.489990234375,4446.58984375,1228.5999755859375,2.687000036239624,21.81999969482422,4.706999778747559,40.43302536010742,104.25,99.87999725341797,1981.0,9.796197891235352,0.932640016078949,113.76000213623047
2022-04-14,2716.7099609375,4392.58984375,1223.1199951171875,2.828000068664551,22.700000762939453,4.7170000076293945,39.90967559814453,106.94999694824219,100.31999969482422,1970.9000244140625,9.750870704650879,0.9338499903678894,114.75
2022-04-15,2696.06005859375,4392.58984375,1230.0999755859375,2.828000068664551,22.700000762939453,4.7170000076293945,39.90967559814453,106.94999694824219,100.31999969482422,1970.9000244140625,9.74869441986084,0.9429100155830383,114.75
2022-04-18,2693.2099609375,4391.68994140625,1228.0899658203125,2.861999988555908,22.170000076293945,4.796000003814697,39.774330139160156,108.20999908447266,100.77999877929688,1982.9000244140625,9.698790550231934,0.9423400163650513,110.9000015258789
2022-04-19,2718.889892578125,4462.2099609375,1235.3499755859375,2.9130001068115234,21.3700008392334,4.714000225067139,39.5758171081543,102.55999755859375,100.95999908447266,1955.699951171875,9.719205856323242,0.944599986076355,106.05999755859375
2022-04-20,2718.68994140625,4459.4501953125,1239.5999755859375,2.8399999141693115,20.31999969482422,4.649499893188477,39.34121322631836,102.75,100.38999938964844,1952.300048828125,9.586524963378906,0.9520599842071533,103.02999877929688
2022-04-21,2728.2099609375,4393.66015625,1234.0899658203125,2.9170000553131104,22.68000030517578,4.703499794006348,38.5832633972168,103.79000091552734,100.58000183105469,1944.9000244140625,9.640274047851562,0.9490000009536743,110.93000030517578
2022-04-22,2704.7099609375,4271.77978515625,1242.489990234375,2.9059998989105225,28.209999084472656,4.582499980926514,38.240386962890625,102.06999969482422,101.22000122070312,1931.0,9.67569637298584,0.9537000060081482,122.37000274658203
2022-04-25,2657.1298828125,4296.1201171875,1243.1600341796875,2.8259999752044678,27.020000457763672,4.448999881744385,37.960662841796875,98.54000091552734,101.75,1893.199951171875,9.666610717773438,0.9556000232696533,116.9800033569336
2022-04-26,2668.31005859375,4175.2001953125,1249.2099609375,2.7720000743865967,33.52000045776367,4.440000057220459,37.13052749633789,101.69999694824219,102.30000305175781,1901.4000244140625,9.77889633178711,0.9582899808883667,127.5
2022-04-27,2639.06005859375,4183.9599609375,1260.7099609375,2.818000078201294,31.600000381469727,4.454500198364258,37.56364440917969,102.0199966430664,102.94999694824219,1885.9000244140625,9.907231330871582,0.9622300267219543,123.70999908447266
2022-04-28,2667.489990234375,4287.5,1266.280029296875,2.86299991607666,29.989999771118164,4.41349983215332,38.10503387451172,105.36000061035156,103.62000274658203,1888.699951171875,9.861954689025879,0.9686700105667114,119.75
2022-04-29,2695.050048828125,4131.93017578125,1272.2900390625,2.88700008392334,33.400001525878906,4.394999980926514,38.240386962890625,104.69000244140625,102.95999908447266,1909.300048828125,9.72639274597168,0.9717000126838684,121.9800033569336
2022-05-02,2687.449951171875,4155.3798828125,1262.530029296875,2.996000051498413,32.34000015258789,4.255499839782715,38.186241149902344,105.16999816894531,103.73999786376953,1861.800048828125,9.710685729980469,0.9741700291633606,124.4800033569336
2022-05-03,2680.4599609375,4175.47998046875,1266.75,2.9600000381469727,29.25,4.270999908447266,38.465965270996094,102.41000366210938,103.47000122070312,1868.800048828125,9.735243797302246,0.977840006351471,117.55000305175781
2022-05-04,2677.570068359375,4300.169921875,1261.06005859375,2.9170000553131104,25.420000076293945,4.328499794006348,38.88103103637695,107.80999755859375,102.58999633789062,1867.0,9.690585136413574,0.9787600040435791,106.62000274658203
2022-05-05,2677.570068359375,4146.8701171875,1251.5,3.065999984741211,31.200000762939453,4.284999847412109,37.44634246826172,108.26000213623047,103.75,1874.0,9.68458366394043,0.9731900095939636,119.18000030517578
2022-05-06,2644.510009765625,4123.33984375,1268.699951171875,3.122999906539917,30.190000534057617,4.261499881744385,36.93201446533203,109.7699966430664,103.66000366210938,1881.199951171875,9.734819412231445,0.9851999878883362,116.77999877929688
2022-05-09,2644.510009765625,3991.239990234375,1270.1300048828125,3.0789999961853027,34.75,4.192999839782715,35.86728286743164,103.08999633789062,103.6500015258789,1857.0999755859375,9.713221549987793,0.989329993724823,125.93000030517578
2022-05-10,2596.56005859375,4001.050048828125,1274.8599853515625,2.993000030517578,32.9900016784668,4.1545000076293945,36.03871536254883,99.76000213623047,103.91999816894531,1839.9000244140625,9.777996063232422,0.9926999807357788,120.9800033569336
2022-05-11,2592.27001953125,3935.179931640625,1276.550048828125,2.9210000038146973,32.560001373291016,4.212500095367432,35.786067962646484,105.70999908447266,103.8499984741211,1852.5999755859375,9.786569595336914,0.9957000017166138,125.88999938964844
2022-05-12,2550.080078125,3930.080078125,1278.1500244140625,2.816999912261963,31.770000457763672,4.105000019073486,35.55147171020508,106.12999725341797,104.8499984741211,1823.800048828125,9.842256546020508,0.9944599866867065,122.11000061035156
2022-05-13,2604.239990234375,4023.889892578125,1290.75,2.934999942779541,28.8700008392334,4.180500030517578,36.534996032714844,110.48999786376953,104.55999755859375,1807.4000244140625,10.037638664245605,1.0030499696731567,113.88999938964844
2022-05-16,2596.580078125,4008.010009765625,1277.5699462890625,2.877000093460083,27.469999313354492,4.196499824523926,36.390625,114.19999694824219,104.19000244140625,1813.5,9.870206832885742,1.0022300481796265,108.26000213623047
2022-05-17,2620.43994140625,4088.85009765625,1279.8499755859375,2.9679999351501465,26.100000381469727,4.239500045776367,37.28392028808594,112.4000015258789,103.36000061035156,1818.199951171875,9.926704406738281,1.0017199516296387,101.19999694824219
2022-05-18,2625.97998046875,3923.679931640625,1266.6600341796875,2.885999917984009,30.959999084472656,4.182000160217285,36.390625,109.58999633789062,103.80999755859375,1815.9000244140625,9.784482955932617,0.9937999844551086,114.95999908447266
2022-05-19,2592.340087890625,3900.7900390625,1275.5799560546875,2.8550000190734863,29.350000381469727,4.284999847412109,36.968109130859375,112.20999908447266,102.72000122070312,1841.199951171875,9.972013473510742,0.9871399998664856,104.88999938964844
2022-05-20,2639.2900390625,3901.360107421875,1263.550048828125,2.7869999408721924,29.43000030517578,4.281000137329102,37.12150573730469,113.2300033569336,103.1500015258789,1841.800048828125,9.884342193603516,0.9721800088882446,107.80000305175781
2022-05-23,2647.3798828125,3973.75,1273.2099609375,2.8589999675750732,28.479999542236328,4.347499847412109,37.401222229003906,110.29000091552734,102.08000183105469,1847.800048828125,9.953368186950684,0.9749900102615356,102.68000030517578
2022-05-24,2605.8701171875,3941.47998046875,1258.8199462890625,2.759999990463257,29.450000762939453,4.325500011444092,36.751548767089844,109.7699966430664,101.86000061035156,1865.0999755859375,9.846531867980957,0.9659500122070312,104.29000091552734
2022-05-25,2617.219970703125,3978.72998046875,1260.989990234375,2.749000072479248,28.3700008392334,4.2769999504089355,36.93201446533203,110.33000183105469,102.05999755859375,1846.199951171875,9.947187423706055,0.9602000117301941,98.79000091552734
2022-05-26,2612.449951171875,4057.840087890625,1266.5999755859375,2.75600004196167,27.5,4.255000114440918,37.509498596191406,114.08999633789062,101.83000183105469,1847.4000244140625,9.961267471313477,0.9615300297737122,96.25
2022-05-27,2638.050048828125,4158.240234375,1258.8900146484375,2.743000030517578,25.719999313354492,4.303999900817871,37.9426155090332,115.06999969482422,101.66999816894531,1851.300048828125,9.908891677856445,0.9585599899291992,93.66000366210938
2022-05-30,2669.659912109375,4158.240234375,1251.5899658203125,2.743000030517578,25.719999313354492,4.303999900817871,37.9426155090332,115.06999969482422,101.66999816894531,1851.300048828125,9.832935333251953,0.9578499794006348,93.66000366210938
2022-05-31,2685.89990234375,4132.14990234375,1236.1700439453125,2.8440001010894775,26.190000534057617,4.295000076293945,38.474979400634766,114.66999816894531,101.75,1842.699951171875,9.673713684082031,0.9582300186157227,93.0999984741211
2022-06-01,2685.89990234375,4101.22998046875,1241.739990234375,2.930999994277954,25.690000534057617,4.329999923706055,38.204288482666016,115.26000213623047,102.55000305175781,1843.300048828125,9.6454439163208,0.9595199823379517,91.38999938964844
2022-06-02,2658.989990234375,4176.81982421875,1246.949951171875,2.9130001068115234,24.719999313354492,4.553999900817871,38.862979888916016,116.87000274658203,101.7699966430664,1866.5,9.580279350280762,0.963100016117096,91.08000183105469
2022-06-03,2670.64990234375,4108.5400390625,1240.8399658203125,2.9570000171661377,24.790000915527344,4.477499961853027,38.231361389160156,118.87000274658203,102.13999938964844,1845.4000244140625,9.551315307617188,0.9574400186538696,90.5
2022-06-06,2670.64990234375,4121.43017578125,1250.530029296875,3.0380001068115234,25.06999969482422,4.439499855041504,38.43889617919922,118.5,102.44000244140625,1839.199951171875,9.56424617767334,0.9622600078582764,89.52999877929688
2022-06-07,2626.340087890625,4160.68017578125,1254.47998046875,2.9719998836517334,24.020000457763672,4.439499855041504,38.55619430541992,119.41000366210938,102.31999969482422,1847.5,9.48861312866211,0.9713000059127808,87.81999969482422
2022-06-08,2626.14990234375,4115.77001953125,1254.5799560546875,3.0290000438690186,23.959999084472656,4.458499908447266,38.76373291015625,122.11000061035156,102.54000091552734,1851.9000244140625,9.44461441040039,0.9734899997711182,92.68000030517578
2022-06-09,2625.43994140625,4017.820068359375,1256.739990234375,3.0439999103546143,26.09000015258789,4.388999938964844,37.84646224975586,121.51000213623047,103.22000122070312,1848.800048828125,9.347962379455566,0.9788399934768677,98.81999969482422
2022-06-10,2595.8701171875,3900.860107421875,1264.02001953125,3.1559998989105225,27.75,4.301000118255615,37.4278678894043,120.66999816894531,104.1500015258789,1871.5,9.40372085571289,0.980400025844574,99.75
2022-06-13,2504.510009765625,3749.6298828125,1278.280029296875,3.365999937057495,34.02000045776367,4.2164998054504395,36.11748123168945,120.93000030517578,105.08000183105469,1828.0,9.481311798095703,0.9894499778747559,113.72000122070312
2022-06-14,2492.969970703125,3735.47998046875,1291.800048828125,3.4830000400543213,32.689998626708984,4.161499977111816,36.617977142333984,118.93000030517578,105.5199966430664,1809.5,9.623529434204102,0.9966650009155273,111.01000213623047
2022-06-15,2447.3798828125,3789.989990234375,1289.47998046875,3.3949999809265137,29.6200008392334,4.167500019073486,37.10026550292969,115.30999755859375,105.16000366210938,1815.300048828125,9.531792640686035,0.9994999766349792,105.37000274658203
2022-06-16,2451.409912109375,3666.77001953125,1278.1600341796875,3.306999921798706,32.95000076293945,4.111999988555908,35.96278381347656,117.58999633789062,103.62999725341797,1845.699951171875,9.530506134033203,0.9946200251579285,114.36000061035156
2022-06-17,2440.929931640625,3674.840087890625,1288.1800537109375,3.239000082015991,31.1299991607666,4.017499923706055,36.099281311035156,109.55999755859375,104.69999694824219,1835.5999755859375,9.727068901062012,0.9667400121688843,110.05999755859375
2022-06-20,2391.030029296875,3674.840087890625,1290.5,3.239000082015991,31.1299991607666,4.017499923706055,36.099281311035156,109.55999755859375,104.69999694824219,1835.5999755859375,9.539719581604004,0.9695600271224976,110.05999755859375
2022-06-21,2408.929931640625,3764.7900390625,1292.3800048828125,3.306999921798706,30.190000534057617,4.043000221252441,36.681671142578125,110.6500015258789,104.44000244140625,1834.5999755859375,9.567126274108887,0.9671000242233276,104.37000274658203
2022-06-22,2342.81005859375,3759.889892578125,1291.5999755859375,3.1559998989105225,28.950000762939453,3.9514999389648438,36.02648162841797,106.19000244140625,104.19999694824219,1834.300048828125,9.47559928894043,0.9660199880599976,99.66000366210938
2022-06-23,2314.320068359375,3795.72998046875,1297.6800537109375,3.068000078201294,29.049999237060547,3.758500099182129,36.13568115234375,104.2699966430664,104.43000030517578,1825.699951171875,9.539871215820312,0.9617499709129333,98.30999755859375
2022-06-24,2366.60009765625,3911.739990234375,1299.81005859375,3.125,27.229999542236328,3.759999990463257,36.99107360839844,107.62000274658203,104.19000244140625,1826.5,9.640254974365234,0.961359977722168,91.33999633789062
2022-06-27,2401.919921875,3900.110107421875,1288.2900390625,3.194000005722046,26.950000762939453,3.7790000438690186,37.03657150268555,109.56999969482422,103.94000244140625,1820.9000244140625,9.538189888000488,0.95728999376297,87.58000183105469
2022-06-28,2422.090087890625,3821.550048828125,1286.199951171875,3.2060000896453857,28.360000610351562,3.7839999198913574,36.8090705871582,111.76000213623047,104.51000213623047,1817.5,9.49164867401123,0.9561600089073181,90.62000274658203
2022-06-29,2377.989990234375,3818.830078125,1292.030029296875,3.0929999351501465,28.15999984741211,3.7790000438690186,36.663475036621094,109.77999877929688,105.11000061035156,1813.699951171875,9.496484756469727,0.9566900134086609,88.91999816894531
2022-06-30,2332.639892578125,3785.3798828125,1301.72998046875,2.9719998836517334,28.709999084472656,3.7144999504089355,36.490577697753906,105.76000213623047,104.69000244140625,1804.0999755859375,9.53173542022705,0.9541800022125244,89.38999938964844
2022-07-01,2305.419921875,3825.330078125,1287.7099609375,2.8889999389648438,26.700000762939453,3.61899995803833,36.26307678222656,108.43000030517578,105.13999938964844,1798.9000244140625,9.483098983764648,0.9550899863243103,85.51000213623047
2022-07-04,2300.340087890625,3825.330078125,1297.8900146484375,2.8889999389648438,26.700000762939453,3.61899995803833,36.26307678222656,108.43000030517578,105.13999938964844,1798.9000244140625,9.610617637634277,0.9584000110626221,85.51000213623047
2022-07-05,2341.780029296875,3831.389892578125,1295.6800537109375,2.809000015258789,27.540000915527344,3.424999952316284,35.980979919433594,99.5,106.5,1761.800048828125,9.53747272491455,0.9608299732208252,87.30000305175781
2022-07-06,2292.010009765625,3845.080078125,1308.6600341796875,2.9130001068115234,26.729999542236328,3.4179999828338623,35.76258087158203,98.52999877929688,107.0999984741211,1734.9000244140625,9.656296730041504,0.9684979915618896,85.87999725341797
2022-07-07,2334.27001953125,3902.6201171875,1304.8499755859375,3.007999897003174,26.079999923706055,3.5820000171661377,36.48147201538086,102.7300033569336,107.12999725341797,1737.9000244140625,9.596708297729492,0.9702000021934509,85.87999725341797
2022-07-08,2350.610107421875,3899.3798828125,1297.6500244140625,3.1010000705718994,24.639999389648438,3.5320000648498535,36.48147201538086,104.79000091552734,107.01000213623047,1740.5999755859375,9.546246528625488,0.973800003528595,84.73999786376953
2022-07-11,2340.27001953125,3854.429931640625,1293.7900390625,2.990999937057495,26.170000076293945,3.4375,35.50778579711914,104.08999633789062,108.0199966430664,1730.0,9.491909980773926,0.9777299761772156,88.05000305175781
2022-07-12,2317.760009765625,3818.800048828125,1310.8599853515625,2.9579999446868896,27.290000915527344,3.2964999675750732,35.37128448486328,95.83999633789062,108.06999969482422,1723.300048828125,9.541194915771484,0.9827399849891663,90.05999755859375
2022-07-13,2328.610107421875,3801.780029296875,1305.8299560546875,2.9040000438690186,26.81999969482422,3.325500011444092,35.289390563964844,96.30000305175781,107.95999908447266,1734.199951171875,9.550637245178223,0.9818699955940247,90.48999786376953
2022-07-14,2322.320068359375,3790.3798828125,1304.8499755859375,2.9600000381469727,26.399999618530273,3.2105000019073486,34.97089385986328,95.77999877929688,108.54000091552734,1704.5,9.480131149291992,0.9807999730110168,90.7300033569336
2022-07-15,2330.97998046875,3863.159912109375,1316.1800537109375,2.930000066757202,24.229999542236328,3.234499931335449,35.15289306640625,97.58999633789062,108.05999755859375,1702.4000244140625,9.471238136291504,0.9829999804496765,89.37000274658203
2022-07-18,2375.25,3830.85009765625,1318.1199951171875,2.9600000381469727,25.299999237060547,3.3480000495910645,35.398590087890625,102.5999984741211,107.37000274658203,1709.199951171875,9.529324531555176,0.975600004196167,91.86000061035156
2022-07-19,2370.969970703125,3936.68994140625,1318.9100341796875,3.0190000534057617,24.5,3.2915000915527344,35.980979919433594,104.22000122070312,106.68000030517578,1710.0,9.54120922088623,0.9775000214576721,88.61000061035156
2022-07-20,2386.85009765625,3959.89990234375,1305.5,3.0360000133514404,23.8799991607666,3.3294999599456787,35.82627868652344,102.26000213623047,107.08000183105469,1699.5,9.446352005004883,0.9688000082969666,86.75
2022-07-21,2409.159912109375,3998.949951171875,1312.8699951171875,2.9100000858306885,23.110000610351562,3.302000045776367,36.235774993896484,96.3499984741211,106.91000366210938,1712.699951171875,9.487255096435547,0.9714699983596802,85.04000091552734
2022-07-22,2393.139892578125,3961.6298828125,1306.8499755859375,2.7829999923706055,23.030000686645508,3.3485000133514404,35.87178421020508,94.69999694824219,106.7300033569336,1727.0999755859375,9.530598640441895,0.9661999940872192,84.52999877929688
2022-07-25,2403.68994140625,3966.840087890625,1309.3199462890625,2.819999933242798,23.360000610351562,3.3510000705718994,35.99917984008789,96.69999694824219,106.4800033569336,1719.0,9.60429573059082,0.9629999995231628,83.81999969482422
2022-07-26,2412.9599609375,3921.050048828125,1310.4000244140625,2.7869999408721924,24.690000534057617,3.382499933242798,35.71709060668945,94.9800033569336,107.19000244140625,1717.699951171875,9.605066299438477,0.9642900228500366,84.83000183105469
2022-07-27,2415.530029296875,4023.610107421875,1310.9000244140625,2.7339999675750732,23.239999771118164,3.429500102996826,36.381378173828125,97.26000213623047,106.44999694824219,1719.0999755859375,9.570219993591309,0.9622399806976318,81.7699966430664
2022-07-28,2435.27001953125,4072.429931640625,1305.949951171875,2.680999994277954,22.329999923706055,3.4749999046325684,36.53607940673828,96.41999816894531,106.3499984741211,1750.300048828125,9.594672203063965,0.9581900238990784,80.87999725341797
2022-07-29,2451.5,4130.2900390625,1295.1500244140625,2.6419999599456787,21.329999923706055,3.5840001106262207,36.363182067871094,98.62000274658203,105.9000015258789,1762.9000244140625,9.639875411987305,0.9544199705123901,80.29000091552734
2022-08-01,2452.25,4118.6298828125,1302.280029296875,2.6059999465942383,22.84000015258789,3.552000045776367,36.05377960205078,93.88999938964844,105.44999694824219,1769.0,9.760645866394043,0.9530699849128723,86.33999633789062
2022-08-02,2439.6201171875,4091.18994140625,1306.75,2.740999937057495,23.93000030517578,3.5244998931884766,35.88088607788086,94.41999816894531,106.23999786376953,1771.0999755859375,9.931522369384766,0.9501000046730042,88.47000122070312
2022-08-03,2461.449951171875,4155.169921875,1314.6300048828125,2.747999906539917,21.950000762939453,3.4695000648498535,36.16298294067383,90.66000366210938,106.51000213623047,1758.0,9.857495307922363,0.9584800004959106,84.5999984741211
2022-08-04,2473.110107421875,4151.93994140625,1307.3800048828125,2.6760001182556152,21.440000534057617,3.4830000400543213,36.41777801513672,88.54000091552734,105.69000244140625,1788.5,9.754950523376465,0.9611899852752686,83.69000244140625
2022-08-05,2490.800048828125,4145.18994140625,1302.0799560546875,2.8399999141693115,21.149999618530273,3.552999973297119,36.45417404174805,89.01000213623047,106.62000274658203,1772.9000244140625,9.81705379486084,0.9540799856185913,84.12999725341797
2022-08-08,2493.10009765625,4140.06005859375,1302.739990234375,2.765000104904175,21.290000915527344,3.5875000953674316,36.49967575073242,90.76000213623047,106.44000244140625,1786.800048828125,9.646175384521484,0.9622399806976318,86.94999694824219
2022-08-09,2503.4599609375,4122.47021484375,1299.030029296875,2.796999931335449,21.770000457763672,3.5924999713897705,36.363182067871094,90.5,106.37000274658203,1794.0,9.633684158325195,0.9548799991607666,87.48999786376953
2022-08-10,2480.8798828125,4210.240234375,1307.56005859375,2.7860000133514404,19.739999771118164,3.6554999351501465,36.81817626953125,91.93000030517578,105.19999694824219,1795.5999755859375,9.67226791381836,0.9541699886322021,90.04000091552734
2022-08-11,2523.780029296875,4207.27001953125,1296.699951171875,2.888000011444092,20.200000762939453,3.7105000019073486,36.963768005371094,94.33999633789062,105.08999633789062,1789.699951171875,9.761035919189453,0.942300021648407,90.83999633789062
2022-08-12,2527.93994140625,4280.14990234375,1306.8299560546875,2.8489999771118164,19.530000686645508,3.6760001182556152,37.355064392089844,92.08999633789062,105.62999725341797,1798.5999755859375,9.826897621154785,0.94132000207901,91.01000213623047
2022-08-15,2527.93994140625,4297.14013671875,1301.3800048828125,2.7909998893737793,19.950000762939453,3.628999948501587,37.18217086791992,89.41000366210938,106.55000305175781,1781.4000244140625,9.763266563415527,0.9417999982833862,88.7300033569336
2022-08-16,2533.52001953125,4305.2001953125,1313.1800537109375,2.8239998817443848,19.690000534057617,3.6364998817443848,37.17306137084961,86.52999877929688,106.5,1773.199951171875,9.86255931854248,0.9459599852561951,88.05000305175781
2022-08-17,2516.469970703125,4274.0400390625,1311.0,2.8929998874664307,19.899999618530273,3.5980000495910645,37.01837158203125,88.11000061035156,106.56999969482422,1760.300048828125,9.763471603393555,0.9496600031852722,87.47000122070312
2022-08-18,2508.050048828125,4283.740234375,1314.8299560546875,2.880000114440918,19.559999465942383,3.6465001106262207,36.8090705871582,90.5,107.4800033569336,1755.300048828125,9.743054389953613,0.9513400197029114,86.45999908447266
2022-08-19,2492.68994140625,4228.47998046875,1326.9100341796875,2.989000082015991,20.600000381469727,3.683500051498413,36.30857849121094,90.7699966430664,108.16999816894531,1747.5999755859375,9.772859573364258,0.9565899968147278,89.7699966430664
2022-08-22,2462.5,4137.990234375,1334.8599853515625,3.0369999408721924,23.799999237060547,3.6705000400543213,35.990074157714844,90.2300033569336,109.05000305175781,1734.0,9.741938591003418,0.9588000178337097,94.75
2022-08-23,2435.340087890625,4128.72998046875,1343.3599853515625,3.053999900817871,24.110000610351562,3.7044999599456787,36.18117904663086,93.73999786376953,108.62000274658203,1746.800048828125,9.766304016113281,0.9643999934196472,93.33999633789062
2022-08-24,2447.449951171875,4140.77001953125,1339.0799560546875,3.1059999465942383,22.81999969482422,3.6605000495910645,36.17208480834961,94.88999938964844,108.68000030517578,1747.800048828125,9.793142318725586,0.9643800258636475,86.44999694824219
2022-08-25,2477.260009765625,4199.1201171875,1340.0,3.0260000228881836,21.780000686645508,3.7105000019073486,36.95467758178711,92.5199966430664,108.47000122070312,1757.699951171875,9.775882720947266,0.9664599895477295,83.31999969482422
2022-08-26,2481.030029296875,4057.659912109375,1334.43994140625,3.0350000858306885,25.559999465942383,3.7114999294281006,36.40867614746094,93.05999755859375,108.80000305175781,1736.0999755859375,9.771356582641602,0.9636499881744385,91.66000366210938
2022-08-29,2426.889892578125,4030.610107421875,1341.1800537109375,3.109999895095825,26.209999084472656,3.626499891281128,36.18117904663086,97.01000213623047,108.83999633789062,1736.5999755859375,9.70698356628418,0.968500018119812,91.56999969482422
2022-08-30,2450.929931640625,3986.159912109375,1345.72998046875,3.109999895095825,26.209999084472656,3.5450000762939453,35.75347900390625,91.63999938964844,108.7699966430664,1723.199951171875,9.708610534667969,0.9671199917793274,91.11000061035156
2022-08-31,2472.050048828125,3955.0,1350.18994140625,3.132999897003174,25.8700008392334,3.5185000896453857,35.88088607788086,89.55000305175781,108.69999694824219,1712.800048828125,9.732186317443848,0.9739199876785278,88.4000015258789
2022-09-01,2415.610107421875,3966.85009765625,1342.260009765625,3.265000104904175,25.559999465942383,3.4144999980926514,35.598785400390625,86.61000061035156,109.69000244140625,1696.5999755859375,9.635128021240234,0.9790700078010559,87.73999786376953
2022-09-02,2409.409912109375,3924.260009765625,1355.0999755859375,3.193000078201294,25.469999313354492,3.4214999675750732,35.27119064331055,86.87000274658203,109.52999877929688,1709.800048828125,9.677441596984863,0.9812899827957153,89.19000244140625
2022-09-05,2403.679931640625,3924.260009765625,1361.510009765625,3.193000078201294,25.469999313354492,3.4214999675750732,35.27119064331055,86.87000274658203,109.52999877929688,1709.800048828125,9.691532135009766,0.9833499789237976,89.19000244140625
2022-09-06,2410.02001953125,3908.18994140625,1361.81005859375,3.3399999141693115,26.90999984741211,3.4690001010894775,34.852596282958984,86.87999725341797,110.20999908447266,1700.4000244140625,9.697221755981445,0.9783999919891357,94.08000183105469
2022-09-07,2376.4599609375,3979.8701171875,1378.1099853515625,3.265000104904175,24.639999389648438,3.437999963760376,35.161991119384766,81.94000244140625,109.83999633789062,1715.300048828125,9.629220962524414,0.9845200181007385,88.26000213623047
2022-09-08,2384.280029296875,4006.179931640625,1374.31005859375,3.2920000553131104,23.610000610351562,3.5360000133514404,34.97089385986328,83.54000091552734,109.70999908447266,1708.0,9.535045623779297,0.9769600033760071,85.56999969482422
2022-09-09,2384.280029296875,4067.360107421875,1383.0,3.321000099182129,22.790000915527344,3.5810000896453857,35.489585876464844,86.79000091552734,109.0,1716.199951171875,9.618579864501953,0.9686499834060669,84.08999633789062
2022-09-12,2384.280029296875,4110.41015625,1379.06005859375,3.361999988555908,23.8700008392334,3.625499963760376,36.01738357543945,87.77999877929688,108.33000183105469,1728.0999755859375,9.66981029510498,0.9599199891090393,84.52999877929688
2022-09-13,2449.5400390625,3932.68994140625,1375.81005859375,3.421999931335449,27.270000457763672,3.5810000896453857,34.90719985961914,87.30999755859375,109.81999969482422,1705.0,9.648780822753906,0.9527999758720398,93.88999938964844
2022-09-14,2411.419921875,3946.010009765625,1393.469970703125,3.4119999408721924,26.15999984741211,3.5455000400543213,35.08009338378906,88.4800033569336,109.66000366210938,1696.5,9.649535179138184,0.9603300094604492,93.58000183105469
2022-09-15,2401.830078125,3901.35009765625,1391.1800537109375,3.4590001106262207,26.270000457763672,3.5234999656677246,34.70699691772461,85.0999984741211,109.73999786376953,1665.4000244140625,9.734589576721191,0.9618939757347107,92.61000061035156
2022-09-16,2382.780029296875,3873.330078125,1398.6300048828125,3.447999954223633,26.299999237060547,3.561000108718872,34.38850021362305,85.11000061035156,109.76000213623047,1671.699951171875,9.756367683410645,0.9617999792098999,92.41999816894531
2022-09-19,2355.659912109375,3899.889892578125,1385.22998046875,3.490000009536743,25.760000228881836,3.557499885559082,34.49769973754883,85.7300033569336,109.73999786376953,1666.199951171875,9.703173637390137,0.9632099866867065,88.98999786376953
2022-09-20,2367.85009765625,3855.929931640625,1390.1099853515625,3.571000099182129,27.15999984741211,3.5480000972747803,34.30659866333008,84.44999694824219,110.22000122070312,1659.699951171875,9.705336570739746,0.9640899896621704,91.12000274658203
2022-09-21,2347.2099609375,3789.929931640625,1392.510009765625,3.509999990463257,27.989999771118164,3.51200008392334,33.73330307006836,82.94000244140625,110.63999938964844,1664.5999755859375,9.696435928344727,0.963699996471405,92.05000305175781
2022-09-22,2332.31005859375,3757.989990234375,1397.56005859375,3.7079999446868896,27.350000381469727,3.498500108718872,33.56951141357422,83.48999786376953,111.3499984741211,1670.800048828125,9.684060096740723,0.9679399728775024,89.18000030517578
2022-09-23,2290.0,3693.22998046875,1403.6600341796875,3.697000026702881,29.920000076293945,3.371500015258789,32.74142074584961,78.73999786376953,113.19000244140625,1645.300048828125,9.861870765686035,0.9757000207901001,101.55000305175781
2022-09-26,2220.93994140625,3655.0400390625,1421.81005859375,3.878000020980835,32.2599983215332,3.313499927520752,32.341026306152344,76.70999908447266,114.0999984741211,1623.300048828125,9.908255577087402,0.9824100136756897,109.08999633789062
2022-09-27,2223.860107421875,3647.2900390625,1429.77001953125,3.9639999866485596,32.599998474121094,3.322999954223633,32.304622650146484,78.5,114.11000061035156,1626.699951171875,9.896197319030762,0.9921299815177917,113.76000213623047
2022-09-28,2169.2900390625,3719.0400390625,1426.260009765625,3.7049999237060547,30.18000030517578,3.381999969482422,32.586727142333984,82.1500015258789,112.5999984741211,1660.4000244140625,9.856191635131836,0.9915199875831604,105.83000183105469
2022-09-29,2170.929931640625,3640.469970703125,1421.949951171875,3.746999979019165,31.84000015258789,3.440000057220459,31.85873031616211,81.2300033569336,112.25,1658.5,9.847265243530273,0.977620005607605,108.30999755859375
2022-09-30,2155.489990234375,3585.6201171875,1430.1700439453125,3.803999900817871,31.6200008392334,3.441999912261963,31.740434646606445,79.48999786376953,112.12000274658203,1662.4000244140625,9.902406692504883,0.9749299883842468,106.19000244140625
2022-10-03,2155.489990234375,3678.429931640625,1439.22998046875,3.6510000228881836,30.100000381469727,3.4579999446868896,32.25912857055664,83.62999725341797,111.75,1692.9000244140625,9.936997413635254,0.9856500029563904,103.02999877929688
2022-10-04,2209.3798828125,3790.929931640625,1433.3399658203125,3.617000102996826,29.06999969482422,3.5179998874664307,33.31471633911133,86.5199966430664,110.06999969482422,1721.0999755859375,9.917695045471191,0.9925600290298462,96.83000183105469
2022-10-05,2215.219970703125,3783.280029296875,1416.530029296875,3.759000062942505,28.549999237060547,3.5325000286102295,33.33291244506836,87.76000213623047,111.06999969482422,1711.4000244140625,9.849052429199219,0.9786900281906128,92.79000091552734
2022-10-06,2237.860107421875,3744.52001953125,1416.760009765625,3.8259999752044678,30.520000457763672,3.4749999046325684,33.132720947265625,88.44999694824219,112.26000213623047,1711.699951171875,9.80721378326416,0.9813200235366821,97.7300033569336
2022-10-07,2232.840087890625,3639.659912109375,1408.449951171875,3.882999897003174,31.360000610351562,3.4124999046325684,32.44112777709961,92.63999938964844,112.80000305175781,1700.5,9.709834098815918,0.9899700284004211,103.37000274658203
2022-10-10,2232.840087890625,3612.389892578125,1415.97998046875,3.888000011444092,32.45000076293945,3.4535000324249268,31.986129760742188,91.12999725341797,113.13999938964844,1667.300048828125,9.73305892944336,0.9945600032806396,107.11000061035156
2022-10-11,2192.070068359375,3588.840087890625,1428.3499755859375,3.938999891281128,33.630001068115234,3.4779999256134033,31.476537704467773,89.3499984741211,113.22000122070312,1678.699951171875,9.804910659790039,0.9995099902153015,105.26000213623047
2022-10-12,2202.469970703125,3577.030029296875,1430.800048828125,3.9019999504089355,33.56999969482422,3.444499969482422,31.51293182373047,87.2699966430664,113.31999969482422,1670.300048828125,9.812679290771484,0.9976000189781189,109.19000244140625
2022-10-13,2162.8701171875,3669.909912109375,1423.9000244140625,3.9519999027252197,31.940000534057617,3.4674999713897705,31.60393524169922,89.11000061035156,112.36000061035156,1670.0,9.70767879486084,0.9973899722099304,101.26000213623047
2022-10-14,2212.550048828125,3583.070068359375,1430.300048828125,4.010000228881836,32.02000045776367,3.450500011444092,31.1307373046875,85.61000061035156,113.30999755859375,1641.699951171875,9.713760375976562,1.0014100074768066,101.94000244140625
2022-10-17,2219.7099609375,3677.949951171875,1440.760009765625,4.014999866485596,31.3700008392334,3.4554998874664307,31.986129760742188,85.45999908447266,112.04000091552734,1657.0,9.693275451660156,1.0036699771881104,97.31999969482422
2022-10-18,2249.949951171875,3719.97998046875,1430.1500244140625,3.997999906539917,30.5,3.4065001010894775,31.995227813720703,82.81999969482422,112.12999725341797,1649.0,9.604598999023438,0.9955000281333923,92.30000305175781
2022-10-19,2237.43994140625,3695.159912109375,1425.02001953125,4.126999855041504,30.760000228881836,3.3605000972747803,31.4128360748291,85.55000305175781,112.9800033569336,1627.5,9.549856185913086,0.9936800003051758,90.69000244140625
2022-10-20,2218.090087890625,3665.780029296875,1435.010009765625,4.22599983215332,29.979999542236328,3.4509999752044678,31.613033294677734,85.9800033569336,112.87999725341797,1630.800048828125,9.578099250793457,1.0048099756240845,88.3499984741211
2022-10-21,2213.1201171875,3752.75,1430.31005859375,4.2129998207092285,29.690000534057617,3.5230000019073486,32.0953254699707,85.05000305175781,112.01000213623047,1651.0,9.523621559143066,1.0038100481033325,87.31999969482422
2022-10-24,2236.159912109375,3797.340087890625,1428.1099853515625,4.234000205993652,29.850000381469727,3.4795000553131104,30.875934600830078,84.58000183105469,111.98999786376953,1648.699951171875,9.657745361328125,0.9978799819946289,86.05999755859375
2022-10-25,2235.070068359375,3859.110107421875,1443.9599609375,4.107999801635742,28.459999084472656,3.450500011444092,31.1307373046875,85.31999969482422,110.94999694824219,1652.800048828125,9.69787311553955,0.9994000196456909,82.20999908447266
2022-10-26,2249.56005859375,3830.60009765625,1426.9300537109375,4.014999866485596,27.280000686645508,3.629499912261963,31.640329360961914,87.91000366210938,109.69999694824219,1664.0,9.641647338867188,0.9946699738502502,80.41999816894531
2022-10-27,2288.780029296875,3807.300048828125,1412.68994140625,3.937000036239624,27.389999389648438,3.625499963760376,31.394638061523438,89.08000183105469,110.58999633789062,1660.699951171875,9.66718578338623,0.985010027885437,82.51000213623047
2022-10-28,2268.39990234375,3901.06005859375,1420.6500244140625,4.010000228881836,25.75,3.4660000801086426,31.203535079956055,87.9000015258789,110.66999816894531,1639.5999755859375,9.712310791015625,0.9904400110244751,78.12000274658203
2022-10-31,2293.610107421875,3871.97998046875,1421.6500244140625,4.077000141143799,25.8799991607666,3.4135000705718994,31.112537384033203,86.52999877929688,111.52999877929688,1635.9000244140625,9.61769962310791,0.9964100122451782,78.86000061035156
2022-11-01,2335.219970703125,3856.10009765625,1424.6700439453125,4.052000045776367,25.809999465942383,3.509500026702881,31.685829162597656,88.37000274658203,111.4800033569336,1645.0,9.575433731079102,1.0014100074768066,80.23999786376953
2022-11-02,2336.8701171875,3759.68994140625,1416.5999755859375,4.059000015258789,25.860000610351562,3.505500078201294,31.421937942504883,90.0,111.3499984741211,1645.699951171875,9.575470924377441,0.9997000098228455,80.93000030517578
2022-11-03,2329.169921875,3719.889892578125,1423.0999755859375,4.124000072479248,25.299999237060547,3.4565000534057617,31.60393524169922,88.16999816894531,112.93000030517578,1627.300048828125,9.622562408447266,1.0032800436019897,79.16999816894531
2022-11-04,2348.429931640625,3770.550048828125,1423.6500244140625,4.156000137329102,24.549999237060547,3.7144999504089355,32.94160842895508,92.61000061035156,110.87999725341797,1672.5,9.593781471252441,1.0134199857711792,79.23999786376953
2022-11-07,2371.7900390625,3806.800048828125,1402.1099853515625,4.214000225067139,24.350000381469727,3.629499912261963,32.959815979003906,91.79000091552734,110.12000274658203,1676.5,9.54862117767334,0.9967399835586548,79.94999694824219
2022-11-08,2399.0400390625,3828.110107421875,1392.699951171875,4.125999927520752,25.540000915527344,3.7054998874664307,33.196414947509766,88.91000366210938,109.62000274658203,1712.0999755859375,9.497052192687988,0.9888799786567688,84.5999984741211
2022-11-09,2424.409912109375,3748.570068359375,1374.1500244140625,4.151000022888184,26.09000015258789,3.741499900817871,32.62311935424805,85.83000183105469,110.55000305175781,1710.0999755859375,9.458175659179688,0.9844499826431274,90.11000061035156
2022-11-10,2402.22998046875,3956.3701171875,1370.550048828125,3.8289999961853027,23.530000686645508,3.7960000038146973,33.80611038208008,86.47000122070312,108.20999908447266,1750.300048828125,9.375299453735352,0.9835000038146973,85.77999877929688
2022-11-11,2483.159912109375,3992.929931640625,1349.3699951171875,3.812999963760376,22.520000457763672,3.9509999752044678,34.725196838378906,88.95999908447266,106.29000091552734,1766.0,9.51966667175293,0.9649099707603455,85.88999938964844
2022-11-14,2474.64990234375,3957.25,1313.030029296875,3.865000009536743,23.729999542236328,3.8550000190734863,34.51589584350586,85.87000274658203,106.66000366210938,1773.5999755859375,9.402209281921387,0.9440500140190125,84.56999969482422
2022-11-15,2480.330078125,3991.72998046875,1324.0799560546875,3.7990000247955322,24.540000915527344,3.8394999504089355,35.30759048461914,86.91999816894531,106.4000015258789,1773.800048828125,9.449748992919922,0.9431999921798706,88.30999755859375
2022-11-16,2477.449951171875,3958.7900390625,1316.260009765625,3.691999912261963,24.110000610351562,3.7880001068115234,34.7433967590332,85.58999633789062,106.27999877929688,1773.0,9.474437713623047,0.9429100155830383,81.37999725341797
2022-11-17,2442.89990234375,3946.56005859375,1336.4300537109375,3.7750000953674316,23.93000030517578,3.689500093460083,34.807098388671875,81.63999938964844,106.69000244140625,1760.800048828125,9.592658996582031,0.944379985332489,81.16000366210938
2022-11-18,2444.47998046875,3965.340087890625,1342.75,3.818000078201294,23.1200008392334,3.631999969482422,34.606895446777344,80.08000183105469,106.93000030517578,1751.9000244140625,9.565755844116211,0.9526799917221069,77.68000030517578
2022-11-21,2419.5,3949.93994140625,1339.030029296875,3.825000047683716,22.360000610351562,3.571500062942505,34.170101165771484,79.7300033569336,107.83999633789062,1737.4000244140625,9.539131164550781,0.9533299803733826,77.11000061035156
2022-11-22,2405.27001953125,4003.580078125,1359.75,3.757999897003174,21.290000915527344,3.614500045776367,34.25199890136719,80.94999694824219,107.22000122070312,1738.300048828125,9.569269180297852,0.9584299921989441,77.80999755859375
2022-11-23,2418.010009765625,4027.260009765625,1352.68994140625,3.7060000896453857,20.350000381469727,3.617500066757202,34.53409194946289,77.94000244140625,106.08000183105469,1744.9000244140625,9.582401275634766,0.9510899782180786,81.72000122070312
2022-11-24,2441.330078125,4027.260009765625,1336.81005859375,3.7060000896453857,20.350000381469727,3.617500066757202,34.53409194946289,77.94000244140625,106.08000183105469,1744.9000244140625,9.597763061523438,0.9406999945640564,81.72000122070312
2022-11-25,2437.860107421875,4026.1201171875,1317.8900146484375,3.690999984741211,20.5,3.626499891281128,34.37030029296875,76.27999877929688,105.95999908447266,1753.300048828125,9.561441421508789,0.94336998462677,82.5
2022-11-28,2408.27001953125,3963.93994140625,1334.56005859375,3.703000068664551,22.209999084472656,3.6105000972747803,34.215606689453125,77.23999786376953,106.68000030517578,1740.0999755859375,9.57494068145752,0.947380006313324,87.33000183105469
2022-11-29,2433.389892578125,3957.6298828125,1340.1199951171875,3.747999906539917,21.889999389648438,3.630000114440918,34.952693939208984,78.19999694824219,106.81999969482422,1748.4000244140625,9.65900993347168,0.9487900137901306,85.43000030517578
2022-11-30,2472.530029296875,4080.110107421875,1325.3699951171875,3.703000068664551,20.579999923706055,3.7295000553131104,35.96278381347656,80.55000305175781,105.94999694824219,1746.0,9.55194091796875,0.9543099999427795,81.79000091552734
2022-12-01,2479.840087890625,4076.570068359375,1279.800048828125,3.5290000438690186,19.84000015258789,3.813999891281128,35.844482421875,81.22000122070312,104.7300033569336,1801.0999755859375,9.312411308288574,0.943880021572113,82.19000244140625
2022-12-02,2434.330078125,4071.699951171875,1303.25,3.50600004196167,19.059999465942383,3.8480000495910645,35.980979919433594,79.9800033569336,104.55000305175781,1795.9000244140625,9.642597198486328,0.9363899827003479,81.56999969482422
2022-12-05,2419.320068359375,3998.840087890625,1299.1700439453125,3.5989999771118164,20.75,3.7894999980926514,35.57148361206055,76.93000030517578,105.29000091552734,1767.4000244140625,9.660693168640137,0.9364500045776367,84.70999908447266
2022-12-06,2393.159912109375,3941.260009765625,1304.3699951171875,3.513000011444092,22.170000076293945,3.811500072479248,35.5259895324707,74.25,105.58000183105469,1769.300048828125,9.543659210205078,0.942300021648407,86.58999633789062
2022-12-07,2382.81005859375,3933.919921875,1319.7099609375,3.4079999923706055,22.68000030517578,3.8554999828338623,35.31669235229492,72.01000213623047,105.0999984741211,1785.5,9.641188621520996,0.9420300126075745,87.18000030517578
2022-12-08,2371.080078125,3963.510009765625,1314.0999755859375,3.490999937057495,22.290000915527344,3.880500078201294,35.744384765625,71.45999908447266,104.7699966430664,1788.699951171875,9.635364532470703,0.9402700066566467,84.9000015258789
2022-12-09,2389.0400390625,3934.3798828125,1316.6300048828125,3.566999912261963,22.829999923706055,3.875999927520752,35.50778579711914,71.0199966430664,104.80999755859375,1798.0999755859375,9.637626647949219,0.9358599781990051,87.26000213623047
2022-12-12,2373.02001953125,3990.56005859375,1303.1700439453125,3.6110000610351562,25.0,3.7985000610351562,35.398590087890625,73.16999816894531,105.12999725341797,1780.5,9.523554801940918,0.9349899888038635,91.7300033569336
2022-12-13,2372.39990234375,4019.64990234375,1305.9200439453125,3.500999927520752,22.549999237060547,3.8394999504089355,35.65172576904297,75.38999938964844,103.9800033569336,1813.9000244140625,9.497185707092285,0.9357399940490723,88.73999786376953
2022-12-14,2399.25,3995.320068359375,1288.97998046875,3.503000020980835,21.139999389648438,3.875,35.67020797729492,77.27999877929688,103.7699966430664,1807.5,9.507715225219727,0.9289799928665161,88.3499984741211
2022-12-15,2360.969970703125,3895.75,1295.6800537109375,3.450000047683716,22.829999923706055,3.763000011444092,34.84796905517578,76.11000061035156,104.55999755859375,1777.199951171875,9.571785926818848,0.9243500232696533,92.26000213623047
2022-12-16,2360.02001953125,3852.360107421875,1317.0999755859375,3.4820001125335693,22.6200008392334,3.7614998817443848,34.9495964050293,74.29000091552734,104.69999694824219,1790.0,9.561793327331543,0.9276400208473206,89.1500015258789
2022-12-19,2352.169921875,3817.659912109375,1308.8599853515625,3.5810000896453857,22.420000076293945,3.7829999923706055,34.97731018066406,75.19000244140625,104.72000122070312,1787.699951171875,9.584360122680664,0.9345800280570984,87.54000091552734
2022-12-20,2333.2900390625,3821.6201171875,1301.3299560546875,3.684000015258789,21.479999542236328,3.797499895095825,34.96807098388672,76.08999633789062,103.97000122070312,1815.9000244140625,9.499869346618652,0.9287300109863281,83.0
2022-12-21,2328.949951171875,3878.43994140625,1283.6400146484375,3.684000015258789,20.06999969482422,3.805999994277954,35.28218460083008,78.29000091552734,104.16000366210938,1815.9000244140625,9.732287406921387,0.9261900186538696,77.63999938964844
2022-12-22,2356.72998046875,3822.389892578125,1280.77001953125,3.6689999103546143,21.969999313354492,3.751499891281128,34.96807098388672,77.48999786376953,104.43000030517578,1787.0,9.675315856933594,0.9262999892234802,81.94000244140625
2022-12-23,2313.68994140625,3844.820068359375,1290.199951171875,3.750999927520752,20.8700008392334,3.802999973297119,34.92188262939453,79.55999755859375,104.30999755859375,1795.9000244140625,9.747289657592773,0.9309999942779541,78.83999633789062
2022-12-26,2317.139892578125,3844.820068359375,1279.239990234375,3.750999927520752,20.8700008392334,3.802999973297119,34.92188262939453,79.55999755859375,104.30999755859375,1795.9000244140625,9.635371208190918,0.9328799843788147,78.83999633789062
2022-12-27,2332.7900390625,3829.25,1275.1300048828125,3.859999895095825,21.649999618530273,3.8334999084472656,35.439239501953125,79.52999877929688,104.18000030517578,1814.800048828125,9.604232788085938,0.9320099949836731,78.6500015258789
2022-12-28,2280.449951171875,3783.219970703125,1272.280029296875,3.88700008392334,22.139999389648438,3.8320000171661377,34.92188262939453,78.95999908447266,104.45999908447266,1807.9000244140625,9.530973434448242,0.9291999936103821,79.9000015258789
2022-12-29,2236.39990234375,3849.280029296875,1274.3199462890625,3.8350000381469727,21.440000534057617,3.821000099182129,35.503910064697266,78.4000015258789,103.83999633789062,1819.5,9.507437705993652,0.9277099967002869,77.27999877929688
2022-12-30,2236.39990234375,3839.5,1260.260009765625,3.878999948501587,21.670000076293945,3.805500030517578,35.01426315307617,80.26000213623047,103.5199966430664,1819.699951171875,9.479631423950195,0.9228500127792358,77.05000305175781
2023-01-02,2225.669921875,3839.5,1260.9100341796875,3.878999948501587,21.670000076293945,3.805500030517578,35.01426315307617,80.26000213623047,103.5199966430664,1819.699951171875,9.628941535949707,0.923799991607666,77.05000305175781
2023-01-03,2218.679931640625,3824.139892578125,1270.0999755859375,3.7929999828338623,22.899999618530273,3.7660000324249268,35.309898376464844,76.93000030517578,104.5199966430664,1839.699951171875,9.70783519744873,0.9240000247955322,80.33999633789062
2023-01-04,2255.97998046875,3852.969970703125,1279.0799560546875,3.7090001106262207,22.010000228881836,3.739500045776367,36.37233352661133,72.83999633789062,104.25,1852.800048828125,9.74466609954834,0.9358000159263611,76.6500015258789
2023-01-05,2264.64990234375,3808.10009765625,1271.0799560546875,3.7200000286102295,22.459999084472656,3.818000078201294,36.261478424072266,73.66999816894531,105.04000091552734,1834.800048828125,9.610681533813477,0.9295899868011475,75.95999908447266
2023-01-06,2289.969970703125,3895.080078125,1274.1800537109375,3.569000005722046,21.1299991607666,3.9084999561309814,37.01903533935547,73.7699966430664,103.87999725341797,1864.199951171875,9.557162284851074,0.9358299970626831,73.87999725341797
2023-01-09,2350.18994140625,3892.090087890625,1252.8800048828125,3.5169999599456787,21.969999313354492,4.018499851226807,37.29619598388672,74.62999725341797,103.0,1872.699951171875,9.502781867980957,0.9268699884414673,77.2699966430664
2023-01-10,2351.31005859375,3919.25,1239.280029296875,3.621000051498413,20.579999923706055,4.066999912261963,37.564117431640625,75.12000274658203,103.23999786376953,1871.5999755859375,9.407513618469238,0.920930027961731,76.0199966430664
2023-01-11,2359.530029296875,3969.610107421875,1240.1600341796875,3.553999900817871,21.09000015258789,4.1545000076293945,37.721168518066406,77.41000366210938,103.19000244140625,1874.5999755859375,9.388323783874512,0.9222400188446045,78.94000244140625
2023-01-12,2365.10009765625,3983.169921875,1241.5999755859375,3.4489998817443848,18.829999923706055,4.185999870300293,37.90593719482422,78.38999938964844,102.25,1895.5,9.414048194885254,0.9309200048446655,78.79000091552734
2023-01-13,2386.090087890625,3999.090087890625,1239.1300048828125,3.510999917984009,18.350000381469727,4.207499980926514,38.15538024902344,79.86000061035156,102.19999694824219,1918.4000244140625,9.592682838439941,0.9272000193595886,80.88999938964844
2023-01-16,2399.860107421875,3999.090087890625,1236.5899658203125,3.510999917984009,18.350000381469727,4.207499980926514,38.15538024902344,79.86000061035156,102.19999694824219,1918.4000244140625,9.663086891174316,0.9267200231552124,80.88999938964844
2023-01-17,2379.389892578125,3990.969970703125,1240.7099609375,3.5350000858306885,19.360000610351562,4.215000152587891,37.942901611328125,80.18000030517578,102.38999938964844,1907.199951171875,9.669323921203613,0.9253900051116943,83.44000244140625
2023-01-18,2368.320068359375,3928.860107421875,1237.0,3.375,20.34000015258789,4.228499889373779,37.6842155456543,79.4800033569336,102.36000061035156,1904.4000244140625,9.64338207244873,0.9219200015068054,85.33000183105469
2023-01-19,2380.340087890625,3898.85009765625,1237.8800048828125,3.3970000743865967,20.520000457763672,4.226500034332275,37.970611572265625,80.33000183105469,102.05999755859375,1922.0999755859375,9.62967300415039,0.91593998670578,85.13999938964844
2023-01-20,2395.260009765625,3972.610107421875,1232.1800537109375,3.4839999675750732,19.850000381469727,4.248499870300293,38.55263900756836,81.30999755859375,102.01000213623047,1926.4000244140625,9.598285675048828,0.9154999852180481,81.02999877929688
2023-01-23,2395.260009765625,4019.81005859375,1230.030029296875,3.5250000953674316,19.809999465942383,4.254000186920166,38.829803466796875,81.62000274658203,102.13999938964844,1927.0999755859375,9.5089111328125,0.9198899865150452,78.33999633789062
2023-01-24,2395.260009765625,4016.949951171875,1229.280029296875,3.4690001010894775,19.200000762939453,4.245500087738037,38.85752487182617,80.12999725341797,101.91999816894531,1933.9000244140625,9.405962944030762,0.9216700196266174,79.37000274658203
2023-01-25,2428.570068359375,4016.219970703125,1232.6600341796875,3.4619998931884766,19.079999923706055,4.239999771118164,38.89447021484375,80.1500015258789,101.63999938964844,1941.199951171875,9.46607780456543,0.9222999811172485,80.73999786376953
2023-01-26,2468.64990234375,4060.429931640625,1232.5899658203125,3.493000030517578,18.729999542236328,4.267000198364258,39.26401901245117,81.01000213623047,101.83999633789062,1929.0999755859375,9.53718090057373,0.9169700145721436,81.5999984741211
2023-01-27,2484.02001953125,4070.56005859375,1231.8499755859375,3.5179998874664307,18.510000228881836,4.223999977111816,39.07923889160156,79.68000030517578,101.93000030517578,1928.5999755859375,9.488323211669922,0.920199990272522,83.30999755859375
2023-01-30,2450.469970703125,4017.77001953125,1228.949951171875,3.5510001182556152,19.940000534057617,4.203499794006348,38.29396057128906,77.9000015258789,102.27999877929688,1922.9000244140625,9.466683387756348,0.9208599925041199,86.12999725341797
2023-01-31,2425.080078125,4076.60009765625,1231.5,3.5290000438690186,19.399999618530273,4.228499889373779,38.2108154296875,78.87000274658203,102.0999984741211,1929.5,9.437504768371582,0.925279974937439,83.9000015258789
2023-02-01,2449.800048828125,4119.2099609375,1232.1500244140625,3.3970000743865967,17.8700008392334,4.111000061035156,38.681983947753906,76.41000366210938,101.22000122070312,1927.800048828125,9.469408988952637,0.9162499904632568,81.19999694824219
2023-02-02,2468.8798828125,4179.759765625,1221.949951171875,3.3959999084472656,18.729999542236328,4.093999862670898,38.45101547241211,75.87999725341797,101.75,1916.300048828125,9.499505996704102,0.907260000705719,84.97000122070312
2023-02-03,2480.39990234375,4136.47998046875,1224.9000244140625,3.5320000648498535,18.329999923706055,4.063000202178955,37.767364501953125,73.38999938964844,102.91999816894531,1862.9000244140625,9.513749122619629,0.9132000207901001,83.48999786376953
2023-02-06,2438.18994140625,4111.080078125,1246.75,3.634000062942505,19.43000030517578,4.043499946594238,37.213043212890625,74.11000061035156,103.62000274658203,1866.199951171875,9.436796188354492,0.9263299703598022,85.0999984741211
2023-02-07,2451.7099609375,4164.0,1261.22998046875,3.6740000247955322,18.65999984741211,4.088500022888184,37.36086654663086,77.13999938964844,103.43000030517578,1871.699951171875,9.510821342468262,0.927869975566864,84.54000091552734
2023-02-08,2483.639892578125,4117.85986328125,1255.3499755859375,3.6530001163482666,19.6299991607666,4.043499946594238,37.314674377441406,78.47000122070312,103.41000366210938,1877.4000244140625,9.579461097717285,0.9216499924659729,94.83000183105469
2023-02-09,2481.52001953125,4081.5,1260.469970703125,3.683000087738037,20.709999084472656,4.105500221252441,37.49020767211914,78.05999755859375,103.22000122070312,1866.199951171875,9.593823432922363,0.9209100008010864,97.95999908447266
2023-02-10,2469.72998046875,4090.4599609375,1264.550048828125,3.74399995803833,20.530000686645508,4.027500152587891,37.12989807128906,79.72000122070312,103.62999725341797,1862.800048828125,9.614302635192871,0.9219740033149719,95.62999725341797
2023-02-13,2452.699951171875,4137.2900390625,1266.8699951171875,3.7170000076293945,20.34000015258789,4.086999893188477,37.434776306152344,80.13999938964844,103.3499984741211,1851.9000244140625,9.63501262664795,0.9237899780273438,93.94999694824219
2023-02-14,2465.639892578125,4136.1298828125,1272.93994140625,3.760999917984009,18.90999984741211,4.110000133514404,37.3701057434082,79.05999755859375,103.2300033569336,1854.0,9.618708610534668,0.9186199903488159,89.19999694824219
2023-02-15,2427.89990234375,4147.60009765625,1272.25,3.809000015258789,18.229999542236328,4.052000045776367,37.055992126464844,78.58999633789062,103.91999816894531,1834.199951171875,9.565969467163086,0.92153000831604,84.80999755859375
2023-02-16,2475.47998046875,4090.409912109375,1283.719970703125,3.8429999351501465,20.170000076293945,4.165500164031982,37.06523513793945,78.48999786376953,103.86000061035156,1842.0,9.586366653442383,0.9233599901199341,88.25
2023-02-17,2451.2099609375,4079.090087890625,1288.9599609375,3.828000068664551,20.020000457763672,4.113999843597412,36.65873336791992,76.33999633789062,103.86000061035156,1840.4000244140625,9.612587928771973,0.9264600276947021,87.97000122070312
2023-02-20,2455.1201171875,4079.090087890625,1293.9200439453125,3.828000068664551,20.020000457763672,4.113999843597412,36.65873336791992,76.33999633789062,103.86000061035156,1840.4000244140625,9.633508682250977,0.92535001039505,87.97000122070312
2023-02-21,2458.9599609375,3997.340087890625,1296.1099853515625,3.9549999237060547,22.8700008392334,4.234499931335449,36.19680404663086,76.16000366210938,104.18000030517578,1833.0,9.648700714111328,0.9231799840927124,95.98999786376953
2023-02-22,2417.679931640625,3991.050048828125,1305.8299560546875,3.9230000972747803,22.290000915527344,4.202499866485596,36.021270751953125,73.94999694824219,104.58999633789062,1832.0,9.675107955932617,0.9275000095367432,91.23999786376953
2023-02-23,2439.090087890625,4012.320068359375,1302.8299560546875,3.878999948501587,21.139999389648438,4.072999954223633,36.19680404663086,75.38999938964844,104.5999984741211,1818.0,9.655491828918457,0.9312400221824646,85.16000366210938
2023-02-24,2423.610107421875,3970.0400390625,1298.0799560546875,3.9489998817443848,21.670000076293945,3.9549999237060547,35.38380813598633,76.31999969482422,105.20999908447266,1808.800048828125,9.6425142288208,0.9336900115013123,85.26000213623047
2023-02-27,2402.639892578125,3982.239990234375,1313.699951171875,3.921999931335449,20.950000762939453,4.008999824523926,35.568580627441406,75.68000030517578,104.66999816894531,1817.0,9.62537956237793,0.9400299787521362,83.20999908447266
2023-02-28,2412.85009765625,3970.14990234375,1318.3499755859375,3.9159998893737793,20.700000762939453,4.097499847412109,35.31913375854492,77.05000305175781,104.87000274658203,1828.9000244140625,9.666666984558105,0.9355999827384949,80.76000213623047
2023-03-01,2412.85009765625,3951.389892578125,1321.5999755859375,3.99399995803833,20.579999923706055,4.168000221252441,36.07670211791992,77.69000244140625,104.4800033569336,1837.699951171875,9.69320011138916,0.941868007183075,80.55000305175781
2023-03-02,2427.85009765625,3981.35009765625,1305.72998046875,4.072999954223633,19.59000015258789,4.084000110626221,36.2060432434082,78.16000366210938,105.02999877929688,1833.5,9.585273742675781,0.9394699931144714,77.33999633789062
2023-03-03,2432.070068359375,4045.639892578125,1311.06005859375,3.9639999866485596,18.489999771118164,4.078000068664551,36.52939224243164,79.68000030517578,104.5199966430664,1847.699951171875,9.591203689575195,0.9418699741363525,75.93000030517578
2023-03-06,2462.6201171875,4048.419921875,1294.780029296875,3.9830000400543213,18.610000610351562,4.100500106811523,36.400054931640625,80.45999908447266,104.3499984741211,1847.9000244140625,9.518237113952637,0.9368000030517578,76.41000366210938
2023-03-07,2463.35009765625,3986.3701171875,1299.0,3.9749999046325684,19.59000015258789,3.9865000247955322,35.790306091308594,77.58000183105469,105.62000274658203,1813.9000244140625,9.55048656463623,0.9306899905204773,78.54000091552734
2023-03-08,2431.909912109375,3992.010009765625,1317.9000244140625,3.9760000705718994,19.110000610351562,4.041500091552734,35.93811798095703,76.66000366210938,105.66000366210938,1812.699951171875,9.59152889251709,0.9422299861907959,74.66999816894531
2023-03-09,2419.090087890625,3918.320068359375,1316.449951171875,3.924999952316284,22.610000610351562,4.054500102996826,35.14360427856445,75.72000122070312,105.30999755859375,1829.300048828125,9.59148120880127,0.9408699870109558,92.04000091552734
2023-03-10,2394.590087890625,3861.590087890625,1325.550048828125,3.694999933242798,24.799999237060547,4.045499801635742,34.958831787109375,76.68000030517578,104.58000183105469,1862.0,9.718820571899414,0.9328500032424927,108.62000274658203
2023-03-13,2410.60009765625,3855.760009765625,1319.5400390625,3.515000104904175,26.520000457763672,4.069499969482422,35.01426315307617,74.80000305175781,103.5999984741211,1911.699951171875,9.77971076965332,0.91839998960495,114.54000091552734
2023-03-14,2348.969970703125,3919.2900390625,1296.3800048828125,3.638000011444092,23.729999542236328,4.010499954223633,35.032737731933594,71.33000183105469,103.5999984741211,1906.199951171875,9.735651969909668,0.9124910235404968,104.9000015258789
2023-03-15,2379.719970703125,3891.929931640625,1304.5799560546875,3.492000102996826,26.139999389648438,3.8564999103546143,34.432228088378906,67.61000061035156,104.6500015258789,1926.5999755859375,9.706046104431152,0.9144999980926514,122.75
2023-03-16,2377.909912109375,3960.280029296875,1311.739990234375,3.5850000381469727,22.989999771118164,3.885499954223633,34.958831787109375,68.3499984741211,104.41999816894531,1919.0,9.868754386901855,0.9310299754142761,110.7699966430664
2023-03-17,2395.68994140625,3916.639892578125,1301.6199951171875,3.3949999809265137,25.510000228881836,3.9135000705718994,34.74634552001953,66.73999786376953,103.70999908447266,1969.800048828125,9.758880615234375,0.9291700124740601,124.75
2023-03-20,2379.199951171875,3951.570068359375,1307.6500244140625,3.4809999465942383,24.149999618530273,3.9755001068115234,34.87568283081055,67.63999938964844,103.27999877929688,1979.199951171875,9.8781099319458,0.9267399907112122,110.16000366210938
2023-03-21,2388.35009765625,4002.8701171875,1304.93994140625,3.6059999465942383,21.3799991607666,4.018499851226807,35.18979263305664,69.33000183105469,103.26000213623047,1938.0,9.930974960327148,0.9291999936103821,101.19000244140625
2023-03-22,2416.9599609375,3936.969970703125,1303.43994140625,3.5,22.260000228881836,4.06850004196167,35.32837677001953,70.9000015258789,102.3499984741211,1946.800048828125,9.848953247070312,0.9214699864387512,102.63999938964844
2023-03-23,2424.47998046875,3948.719970703125,1298.25,3.4059998989105225,22.610000610351562,4.145999908447266,35.81801986694336,69.95999908447266,102.52999877929688,1993.800048828125,9.895386695861816,0.9165199995040894,102.91999816894531
2023-03-24,2414.9599609375,3970.989990234375,1286.2900390625,3.380000114440918,21.739999771118164,4.101500034332275,35.72563171386719,69.26000213623047,103.12000274658203,1982.0999755859375,9.829813003540039,0.9164000153541565,99.72000122070312
2023-03-27,2409.219970703125,3977.530029296875,1294.8299560546875,3.5280001163482666,20.600000381469727,4.104499816894531,35.53162384033203,72.80999755859375,102.86000061035156,1952.4000244140625,9.89564323425293,0.9199000000953674,95.06999969482422
2023-03-28,2434.93994140625,3971.27001953125,1297.800048828125,3.563999891281128,19.969999313354492,4.111999988555908,36.03974533081055,73.19999694824219,102.43000030517578,1972.4000244140625,9.888866424560547,0.9150199890136719,91.41000366210938
2023-03-29,2443.919921875,4027.81005859375,1296.97998046875,3.565999984741211,19.1200008392334,4.114999771118164,36.14137268066406,72.97000122070312,102.63999938964844,1966.0999755859375,9.896984100341797,0.9204000234603882,87.77999877929688
2023-03-30,2453.159912109375,4050.830078125,1307.1300048828125,3.5510001182556152,19.020000457763672,4.0904998779296875,36.50167465209961,74.37000274658203,102.13999938964844,1980.300048828125,9.858138084411621,0.9180999994277954,85.33999633789062
2023-03-31,2476.860107421875,4109.31005859375,1296.5,3.49399995803833,18.700000762939453,4.104499816894531,36.455482482910156,75.66999816894531,102.51000213623047,1969.0,9.731876373291016,0.9133800268173218,87.52999877929688
2023-04-03,2472.340087890625,4124.509765625,1305.47998046875,3.430000066757202,18.549999237060547,4.059500217437744,36.52939224243164,80.41999816894531,102.08999633789062,1983.9000244140625,9.790390014648438,0.9175099730491638,84.06999969482422
2023-04-04,2480.510009765625,4100.60009765625,1308.050048828125,3.3369998931884766,19.0,3.9835000038146973,36.52939224243164,80.70999908447266,101.58999633789062,2022.199951171875,9.885804176330566,0.9127100110054016,84.72000122070312
2023-04-05,2495.2099609375,4090.3798828125,1312.4100341796875,3.2869999408721924,19.079999923706055,3.997999906539917,36.24299621582031,80.61000061035156,101.8499984741211,2020.9000244140625,9.980531692504883,0.9053999781608582,85.91999816894531
2023-04-06,2459.22998046875,4105.02001953125,1316.2099609375,3.2880001068115234,18.399999618530273,4.026000022888184,36.39081573486328,80.69999694824219,101.81999969482422,2011.9000244140625,10.05427360534668,0.9063599705696106,84.63999938964844
2023-04-07,2490.409912109375,4105.02001953125,1317.93994140625,3.2880001068115234,18.399999618530273,4.026000022888184,36.39081573486328,80.69999694824219,101.81999969482422,2011.9000244140625,10.007288932800293,0.9043999910354614,84.63999938964844
2023-04-10,2512.080078125,4109.10986328125,1315.449951171875,3.4149999618530273,18.969999313354492,3.9865000247955322,36.42776870727539,79.73999786376953,102.58000183105469,1989.0999755859375,9.957910537719727,0.9042699933052063,85.94000244140625
2023-04-11,2547.860107421875,4108.93994140625,1320.8800048828125,3.434000015258789,19.100000381469727,4.024499893188477,36.649497985839844,81.52999877929688,102.19999694824219,2004.800048828125,9.896307945251465,0.908810019493103,85.91999816894531
2023-04-12,2550.639892578125,4091.949951171875,1322.0899658203125,3.4210000038146973,19.09000015258789,4.084499835968018,36.39081573486328,83.26000213623047,101.5,2010.9000244140625,9.891462326049805,0.902899980545044,87.05999755859375
2023-04-13,2561.659912109375,4146.22021484375,1322.8299560546875,3.4519999027252197,17.799999237060547,4.124000072479248,36.88969421386719,82.16000366210938,101.01000213623047,2041.300048828125,9.93970012664795,0.8957729935646057,84.7300033569336
2023-04-14,2571.489990234375,4137.64013671875,1301.4300537109375,3.5220000743865967,17.06999969482422,4.107500076293945,36.6956901550293,82.5199966430664,101.55000305175781,2002.199951171875,9.823077201843262,0.8889999985694885,84.01000213623047
2023-04-17,2575.909912109375,4151.31982421875,1303.3800048828125,3.5910000801086426,16.950000762939453,4.065999984741211,36.85273742675781,80.83000183105469,102.0999984741211,1994.199951171875,9.728604316711426,0.8948000073432922,83.1500015258789
2023-04-18,2571.090087890625,4154.8701171875,1316.0699462890625,3.572000026702881,16.829999923706055,4.0894999504089355,36.806549072265625,80.86000061035156,101.75,2007.4000244140625,9.789965629577637,0.8985099792480469,88.01000213623047
2023-04-19,2575.080078125,4154.52001953125,1315.9000244140625,3.6019999980926514,16.459999084472656,4.072000026702881,36.43700408935547,79.16000366210938,101.97000122070312,1995.199951171875,9.82129192352295,0.8959000110626221,95.04000091552734
2023-04-20,2563.110107421875,4129.7900390625,1326.760009765625,3.5450000762939453,17.170000076293945,4.021999835968018,36.38157272338867,77.29000091552734,101.83999633789062,2007.5999755859375,9.849374771118164,0.8977000117301941,98.45999908447266
2023-04-21,2544.39990234375,4133.52001953125,1323.5999755859375,3.569999933242798,16.770000457763672,3.9800000190734863,36.03974533081055,77.87000274658203,101.81999969482422,1979.5,9.877943992614746,0.8923199772834778,96.94000244140625
2023-04-24,2523.5,4137.0400390625,1329.3800048828125,3.515000104904175,16.889999389648438,3.953000068664551,35.95659255981445,78.76000213623047,101.3499984741211,1989.0999755859375,9.923152923583984,0.891700029373169,93.95999908447266
2023-04-25,2489.02001953125,4071.6298828125,1332.800048828125,3.3959999084472656,18.760000228881836,3.8459999561309814,35.28218460083008,77.06999969482422,101.86000061035156,1994.0,9.939556121826172,0.8870900273323059,94.3499984741211
2023-04-26,2484.830078125,4055.989990234375,1341.0,3.431999921798706,18.84000015258789,3.8499999046325684,35.48542785644531,74.30000305175781,101.47000122070312,1985.699951171875,10.02479362487793,0.8918200135231018,90.6500015258789
2023-04-27,2495.81005859375,4135.35009765625,1337.8299560546875,3.5280001163482666,17.030000686645508,3.864500045776367,35.9658317565918,74.76000213623047,101.5,1989.9000244140625,10.023863792419434,0.8908100128173828,85.79000091552734
2023-04-28,2501.530029296875,4169.47998046875,1339.3900146484375,3.4519999027252197,15.779999732971191,3.869999885559082,36.150611877441406,76.77999877929688,101.66999816894531,1990.0999755859375,10.010051727294922,0.8938800096511841,86.9000015258789
2023-05-01,2501.530029296875,4167.8701171875,1337.1700439453125,3.5739998817443848,16.079999923706055,3.9170000553131104,36.03050994873047,75.66000366210938,102.1500015258789,1983.4000244140625,9.804341316223145,0.8948000073432922,88.20999908447266
2023-05-02,2524.389892578125,4119.580078125,1342.7900390625,3.438999891281128,17.780000686645508,3.8480000495910645,35.67943572998047,71.66000366210938,101.95999908447266,2014.300048828125,9.763117790222168,0.8958699703216553,91.45999908447266
2023-05-03,2501.39990234375,4090.75,1342.300048828125,3.4030001163482666,18.34000015258789,3.8315000534057617,35.6240119934082,68.5999984741211,101.33999633789062,2028.5999755859375,9.836221694946289,0.8922500014305115,91.54000091552734
2023-05-04,2500.93994140625,4061.219970703125,1335.22998046875,3.3510000705718994,20.09000015258789,3.8499999046325684,35.910404205322266,68.55999755859375,101.4000015258789,2048.0,9.924151420593262,0.8834199905395508,98.73999786376953
2023-05-05,2500.93994140625,4136.25,1320.1500244140625,3.446000099182129,17.190000534057617,3.871500015258789,36.39081573486328,71.33999633789062,101.20999908447266,2017.4000244140625,9.842277526855469,0.885200023651123,91.80000305175781
2023-05-08,2513.2099609375,4138.1201171875,1316.9599609375,3.5209999084472656,16.979999542236328,3.9179999828338623,36.40928649902344,73.16000366210938,101.37000274658203,2026.300048828125,9.740504264831543,0.8911700248718262,91.9800033569336
2023-05-09,2510.06005859375,4119.169921875,1322.4100341796875,3.5209999084472656,17.709999084472656,3.8889999389648438,36.18756103515625,73.70999908447266,101.63999938964844,2036.199951171875,9.790226936340332,0.8899099826812744,92.44999694824219
2023-05-10,2496.510009765625,4137.64013671875,1326.050048828125,3.438999891281128,16.940000534057617,3.828000068664551,36.16909408569336,72.55999755859375,101.4800033569336,2030.5,9.801682472229004,0.8901600241661072,97.52999877929688
2023-05-11,2491.0,4130.6201171875,1318.050048828125,3.3970000743865967,16.93000030517578,3.697499990463257,36.03974533081055,70.87000274658203,102.05999755859375,2014.699951171875,9.829774856567383,0.8892899751663208,97.31999969482422
2023-05-12,2475.419921875,4124.080078125,1329.8800048828125,3.4630000591278076,17.030000686645508,3.7165000438690186,35.61477279663086,70.04000091552734,102.68000030517578,2014.5,9.88736343383789,0.8939999938011169,100.54000091552734
2023-05-15,2479.35009765625,4136.27978515625,1341.52001953125,3.507999897003174,17.1200008392334,3.737499952316284,36.27070999145508,71.11000061035156,102.43000030517578,2018.0,9.877189636230469,0.8983799815177917,94.6500015258789
2023-05-16,2480.239990234375,4109.89990234375,1335.4000244140625,3.5490000247955322,17.989999771118164,3.6545000076293945,36.012027740478516,70.86000061035156,102.55999755859375,1988.4000244140625,9.815652847290039,0.8954600095748901,97.62999725341797
2023-05-17,2494.659912109375,4158.77001953125,1342.4300537109375,3.5810000896453857,16.8700008392334,3.743000030517578,36.17832565307617,72.83000183105469,102.87999725341797,1980.699951171875,9.83962631225586,0.8963500261306763,92.76000213623047
2023-05-18,2515.39990234375,4198.0498046875,1334.1500244140625,3.6480000019073486,16.049999237060547,3.68149995803833,35.98431396484375,71.86000061035156,103.58000183105469,1956.5,9.694765090942383,0.8987420201301575,89.05999755859375
2023-05-19,2537.7900390625,4191.97998046875,1334.739990234375,3.691999912261963,16.809999465942383,3.7225000858306885,36.012027740478516,71.55000305175781,103.19999694824219,1978.699951171875,9.628421783447266,0.9048699736595154,94.7699966430664
2023-05-22,2557.080078125,4192.6298828125,1324.2099609375,3.7190001010894775,17.209999084472656,3.6740000247955322,36.30766296386719,71.98999786376953,103.19999694824219,1974.800048828125,9.61572265625,0.8981900215148926,97.63999938964844
2023-05-23,2567.550048828125,4145.580078125,1313.8299560546875,3.697999954223633,18.530000686645508,3.6414999961853027,35.744110107421875,72.91000366210938,103.48999786376953,1972.4000244140625,9.474370956420898,0.8982999920845032,101.91000366210938
2023-05-24,2567.449951171875,4115.240234375,1319.8399658203125,3.7190001010894775,20.030000686645508,3.553499937057495,35.4761962890625,74.33999633789062,103.88999938964844,1962.800048828125,9.523101806640625,0.9013100266456604,106.5199966430664
2023-05-25,2554.68994140625,4151.27978515625,1318.52001953125,3.813999891281128,19.139999389648438,3.5804998874664307,35.402286529541016,71.83000183105469,104.20999908447266,1943.0999755859375,9.466039657592773,0.9039999842643738,103.87999725341797
2023-05-26,2558.81005859375,4205.4501953125,1330.8900146484375,3.809999942779541,17.950000762939453,3.6735000610351562,36.03050994873047,72.66999816894531,104.20999908447266,1944.0999755859375,9.504796028137207,0.9050499796867371,97.56999969482422
2023-05-29,2558.81005859375,4205.4501953125,1322.4300537109375,3.809999942779541,17.950000762939453,3.6735000610351562,36.03050994873047,72.66999816894531,104.20999908447266,1944.0999755859375,9.38839054107666,0.9056900143623352,97.56999969482422
2023-05-30,2585.52001953125,4205.52001953125,1324.5899658203125,3.700000047683716,17.459999084472656,3.6579999923706055,35.61477279663086,69.45999908447266,104.16999816894531,1958.0,9.431379318237305,0.9044600129127502,91.91000366210938
2023-05-31,2577.1201171875,4179.830078125,1319.7900390625,3.63700008392334,17.940000534057617,3.63100004196167,35.28218460083008,68.08999633789062,104.31999969482422,1963.9000244140625,9.441131591796875,0.9057999849319458,91.38999938964844
2023-06-01,2569.169921875,4221.02001953125,1321.739990234375,3.6080000400543213,15.649999618530273,3.7065000534057617,35.910404205322266,70.0999984741211,103.55999755859375,1978.0,9.499489784240723,0.9098899960517883,85.06999969482422
2023-06-02,2601.360107421875,4282.3701171875,1312.8499755859375,3.690999984741211,14.600000381469727,3.7225000858306885,36.52939224243164,71.73999786376953,104.0199966430664,1952.4000244140625,9.462425231933594,0.9055899977684021,86.16000366210938
2023-06-05,2615.409912109375,4273.7900390625,1305.1400146484375,3.693000078201294,14.729999542236328,3.762500047683716,36.52014923095703,72.1500015258789,104.0,1958.0,9.308797836303711,0.9097200036048889,85.7699966430664
2023-06-06,2615.409912109375,4283.85009765625,1299.7900390625,3.6989998817443848,13.960000038146973,3.7669999599456787,36.843505859375,71.73999786376953,104.12999725341797,1965.5,9.325011253356934,0.9059000015258789,85.73999786376953
2023-06-07,2615.60009765625,4267.52001953125,1299.199951171875,3.7839999198913574,13.9399995803833,3.754499912261963,36.685218811035156,72.52999877929688,104.0999984741211,1942.699951171875,9.31129264831543,0.9071300029754639,84.0
2023-06-08,2610.85009765625,4293.93017578125,1308.3399658203125,3.7139999866485596,13.649999618530273,3.7964999675750732,36.945926666259766,71.29000091552734,103.33999633789062,1963.5999755859375,9.352232933044434,0.9095399975776672,87.62999725341797
2023-06-09,2641.159912109375,4298.85986328125,1296.3299560546875,3.744999885559082,13.829999923706055,3.7890000343322754,37.113525390625,70.16999816894531,103.55999755859375,1962.199951171875,9.335214614868164,0.8986999988555908,89.69999694824219
2023-06-12,2629.35009765625,4338.93017578125,1286.68994140625,3.765000104904175,15.010000228881836,3.750499963760376,37.18800735473633,67.12000274658203,103.62999725341797,1955.300048828125,9.232850074768066,0.9031999707221985,92.83000183105469
2023-06-13,2637.949951171875,4369.009765625,1284.5799560546875,3.8389999866485596,14.609999656677246,3.8285000324249268,37.560447692871094,69.41999816894531,103.33999633789062,1944.5999755859375,9.211033821105957,0.90829998254776,92.0999984741211
2023-06-14,2619.080078125,4372.58984375,1267.6199951171875,3.7960000038146973,13.880000114440918,3.865999937057495,37.83978271484375,68.2699966430664,103.01000213623047,1955.300048828125,9.042285919189453,0.9052600264549255,91.91000366210938
2023-06-15,2608.5400390625,4425.83984375,1273.989990234375,3.7279999256134033,14.5,3.8965001106262207,38.193599700927734,70.62000274658203,102.12000274658203,1957.800048828125,9.101163864135742,0.9000800251960754,93.94999694824219
2023-06-16,2625.7900390625,4409.58984375,1270.050048828125,3.7690000534057617,13.539999961853027,3.884500026702881,38.0632438659668,71.77999877929688,102.30000305175781,1958.4000244140625,9.054452896118164,0.8916400074958801,90.69000244140625
2023-06-19,2609.5,4409.58984375,1276.31005859375,3.7690000534057617,13.539999961853027,3.884500026702881,38.0632438659668,71.77999877929688,102.30000305175781,1958.4000244140625,8.996208190917969,0.8942000269889832,90.69000244140625
2023-06-20,2604.909912109375,4388.7099609375,1283.239990234375,3.7290000915527344,13.880000114440918,3.878499984741211,37.318363189697266,70.5,102.54000091552734,1935.5,9.043301582336426,0.8957800269126892,96.26000213623047
2023-06-21,2582.6298828125,4365.68994140625,1287.5400390625,3.7230000495910645,13.199999809265137,3.9110000133514404,37.14145278930664,72.52999877929688,102.06999969482422,1933.300048828125,9.110007286071777,0.8976699709892273,92.7300033569336
2023-06-22,2593.699951171875,4381.89013671875,1288.3800048828125,3.7990000247955322,12.90999984741211,3.8884999752044678,37.011104583740234,69.51000213623047,102.38999938964844,1912.699951171875,9.093301773071289,0.892300009727478,90.63999938964844
2023-06-23,2570.10009765625,4348.330078125,1298.2099609375,3.739000082015991,13.4399995803833,3.805999994277954,36.471065521240234,69.16000366210938,102.9000015258789,1919.0999755859375,9.075820922851562,0.8948799967765808,92.33999633789062
2023-06-26,2582.199951171875,4328.81982421875,1307.6700439453125,3.7190001010894775,14.25,3.7864999771118164,36.592105865478516,69.37000274658203,102.69000244140625,1923.699951171875,9.110143661499023,0.8957800269126892,95.41999816894531
2023-06-27,2581.389892578125,4378.41015625,1302.6600341796875,3.7679998874664307,13.739999771118164,3.7815001010894775,36.96455001831055,67.69999694824219,102.48999786376953,1914.0,9.084294319152832,0.895609974861145,91.33000183105469
2023-06-28,2564.18994140625,4376.85986328125,1296.5999755859375,3.7100000381469727,13.430000305175781,3.7204999923706055,36.74108123779297,69.55999755859375,102.91000366210938,1912.300048828125,9.011425971984863,0.893750011920929,85.79000091552734
2023-06-29,2550.02001953125,4396.43994140625,1309.010009765625,3.8540000915527344,13.539999961853027,3.677500009536743,36.545555114746094,69.86000061035156,103.33999633789062,1909.199951171875,9.06563663482666,0.8966599702835083,85.26000213623047
2023-06-30,2564.280029296875,4450.3798828125,1323.0699462890625,3.819000005722046,13.59000015258789,3.740999937057495,36.834190368652344,70.63999938964844,102.91000366210938,1921.0999755859375,9.137918472290039,0.8991400003433228,83.11000061035156
2023-07-03,2602.469970703125,4455.58984375,1315.300048828125,3.8580000400543213,13.569999694824219,3.7790000438690186,37.243873596191406,69.79000091552734,102.98999786376953,1921.699951171875,9.10847282409668,0.8949999809265137,84.16999816894531
2023-07-04,2593.31005859375,4455.58984375,1306.0999755859375,3.8580000400543213,13.569999694824219,3.7790000438690186,37.243873596191406,69.79000091552734,102.98999786376953,1921.699951171875,9.033472061157227,0.895799994468689,84.16999816894531
2023-07-05,2579.0,4446.81982421875,1295.5,3.944999933242798,14.180000305175781,3.753499984741211,37.02041244506836,71.79000091552734,103.37000274658203,1919.5999755859375,8.971296310424805,0.8966400027275085,87.76000213623047
2023-07-06,2556.2900390625,4411.58984375,1302.969970703125,4.040999889373779,15.4399995803833,3.7200000286102295,36.2662239074707,71.80000305175781,103.16999816894531,1908.699951171875,9.018893241882324,0.8985199928283691,95.30000305175781
2023-07-07,2526.7099609375,4398.9501953125,1309.219970703125,4.050000190734863,14.829999923706055,3.7669999599456787,36.675907135009766,73.86000061035156,102.2699966430664,1926.199951171875,9.094964027404785,0.8952800035476685,94.48999786376953
2023-07-10,2520.699951171875,4409.52978515625,1297.3699951171875,4.00600004196167,15.069999694824219,3.7715001106262207,36.70383834838867,72.98999786376953,101.97000122070312,1925.0,9.123141288757324,0.8888999819755554,95.33000183105469
2023-07-11,2562.489990234375,4439.259765625,1299.5400390625,3.9800000190734863,14.84000015258789,3.753499984741211,37.07627487182617,74.83000183105469,101.7300033569336,1931.300048828125,9.19676685333252,0.885129988193512,95.20999908447266
2023-07-12,2574.719970703125,4472.16015625,1291.510009765625,3.8610000610351562,13.539999961853027,3.8420000076293945,37.90495300292969,75.75,100.5199966430664,1956.199951171875,9.217828750610352,0.8787599802017212,95.8499984741211
2023-07-13,2591.22998046875,4510.0400390625,1274.699951171875,3.760999917984009,13.609999656677246,3.929500102996826,38.3984375,76.88999938964844,99.7699966430664,1959.199951171875,9.215153694152832,0.8666099905967712,96.43000030517578
2023-07-14,2628.300048828125,4505.419921875,1266.8299560546875,3.819000005722046,13.34000015258789,3.921999931335449,38.18428039550781,75.41999816894531,99.91000366210938,1960.0999755859375,9.175007820129395,0.8591200113296509,94.88999938964844
2023-07-17,2619.0,4522.7900390625,1268.3399658203125,3.796999931335449,13.479999542236328,3.8320000171661377,38.23084259033203,74.1500015258789,99.83999633789062,1952.4000244140625,9.145210266113281,0.8618999719619751,95.9800033569336
2023-07-18,2607.6201171875,4554.97998046875,1265.449951171875,3.7890000343322754,13.300000190734863,3.815999984741211,37.951507568359375,75.75,99.94000244140625,1977.199951171875,9.121543884277344,0.8603500127792358,92.98999786376953
2023-07-19,2608.239990234375,4565.72021484375,1264.93994140625,3.742000102996826,13.760000228881836,3.799499988555908,37.87702560424805,75.3499984741211,100.27999877929688,1977.5,9.098094940185547,0.8576499819755554,93.56999969482422
2023-07-20,2600.22998046875,4534.8701171875,1265.0899658203125,3.8540000915527344,13.989999771118164,3.817500114440918,37.597694396972656,75.62999725341797,100.87999725341797,1968.300048828125,9.065962791442871,0.85794997215271,94.05999755859375
2023-07-21,2609.760009765625,4536.33984375,1278.4000244140625,3.8369998931884766,13.600000381469727,3.802999973297119,37.54182434082031,77.06999969482422,101.06999969482422,1964.300048828125,9.140046119689941,0.8662599921226501,93.36000061035156
2023-07-24,2628.530029296875,4554.64013671875,1285.6500244140625,3.8570001125335693,13.90999984741211,3.8405001163482666,38.053924560546875,78.73999786376953,101.3499984741211,1960.300048828125,9.070160865783691,0.8662400245666504,91.73999786376953
2023-07-25,2636.4599609375,4567.4599609375,1280.530029296875,3.9119999408721924,13.859999656677246,3.9019999504089355,38.37050247192383,79.62999725341797,101.3499984741211,1962.0999755859375,9.048723220825195,0.8698899745941162,90.0
2023-07-26,2592.360107421875,4566.75,1274.1199951171875,3.8510000705718994,13.1899995803833,3.890500068664551,38.59396743774414,78.77999877929688,100.88999938964844,1968.9000244140625,9.037152290344238,0.8645300269126892,85.37999725341797
2023-07-27,2603.81005859375,4537.41015625,1275.1700439453125,4.01200008392334,14.40999984741211,3.8635001182556152,38.119102478027344,80.08999633789062,101.7699966430664,1945.4000244140625,9.084283828735352,0.8615400195121765,94.05000305175781
2023-07-28,2608.320068359375,4582.22998046875,1283.8800048828125,3.9690001010894775,13.329999923706055,3.9170000553131104,39.0408935546875,80.58000183105469,101.62000274658203,1960.4000244140625,9.245626449584961,0.8688499927520752,87.37999725341797
2023-07-31,2632.580078125,4588.9599609375,1272.3900146484375,3.9590001106262207,13.630000114440918,3.994499921798706,39.05951690673828,81.80000305175781,101.86000061035156,1970.5,9.039044380187988,0.8698199987411499,86.68000030517578
2023-08-01,2667.070068359375,4576.72998046875,1277.9300537109375,4.051000118255615,13.930000305175781,3.8935000896453857,38.566036224365234,81.37000274658203,102.30000305175781,1940.699951171875,8.978894233703613,0.871649980545044,87.48999786376953
2023-08-02,2616.469970703125,4513.39013671875,1289.050048828125,4.078000068664551,16.09000015258789,3.827500104904175,37.64425277709961,79.48999786376953,102.58999633789062,1937.4000244140625,9.017046928405762,0.8723800182342529,96.19999694824219
2023-08-03,2605.389892578125,4501.89013671875,1295.3699951171875,4.189000129699707,15.920000076293945,3.875999927520752,37.79322814941406,81.55000305175781,102.54000091552734,1932.0,9.052186965942383,0.8773099780082703,94.04000091552734
2023-08-04,2602.800048828125,4478.02978515625,1296.4000244140625,4.059999942779541,17.100000381469727,3.8450000286102295,37.746673583984375,82.81999969482422,102.0199966430664,1939.5999755859375,9.091036796569824,0.8742200136184692,99.62999725341797
2023-08-07,2580.7099609375,4518.43994140625,1303.050048828125,4.078000068664551,15.770000457763672,3.812999963760376,37.6908073425293,81.94000244140625,102.05000305175781,1933.5,9.18429946899414,0.8741499781608582,92.98999786376953
2023-08-08,2573.97998046875,4499.3798828125,1307.75,4.026000022888184,15.989999771118164,3.747999906539917,37.23456954956055,82.91999816894531,102.52999877929688,1924.0999755859375,9.176162719726562,0.8726999759674072,94.91000366210938
2023-08-09,2605.1201171875,4467.7099609375,1316.6700439453125,4.01200008392334,15.960000038146973,3.7674999237060547,37.327674865722656,84.4000015258789,102.48999786376953,1915.4000244140625,9.189809799194336,0.8755999803543091,97.43000030517578
2023-08-10,2601.56005859375,4468.830078125,1313.6400146484375,4.079999923706055,15.850000381469727,3.750999927520752,37.383541107177734,82.81999969482422,102.5199966430664,1914.4000244140625,9.140368461608887,0.8766999840736389,99.77999877929688
2023-08-11,2591.260009765625,4464.0498046875,1318.3299560546875,4.168000221252441,14.84000015258789,3.7144999504089355,36.834190368652344,83.19000244140625,102.83999633789062,1912.9000244140625,9.100372314453125,0.8767899870872498,96.68000030517578
2023-08-14,2570.8701171875,4489.72021484375,1329.6099853515625,4.184000015258789,14.819999694824219,3.7244999408721924,36.65727996826172,82.51000213623047,103.19000244140625,1910.5999755859375,9.180296897888184,0.8766199946403503,95.33000183105469
2023-08-15,2570.8701171875,4437.85986328125,1334.739990234375,4.2210001945495605,16.459999084472656,3.6614999771118164,36.23828887939453,80.98999786376953,103.20999908447266,1902.5,9.177128791809082,0.8779799938201904,103.27999877929688
2023-08-16,2525.639892578125,4404.330078125,1338.739990234375,4.257999897003174,16.780000686645508,3.6514999866485596,35.91240692138672,79.37999725341797,103.41999816894531,1896.0999755859375,9.195084571838379,0.8786200284957886,104.54000091552734
2023-08-17,2519.85009765625,4370.35986328125,1343.3299560546875,4.308000087738037,17.889999389648438,3.685499906539917,35.996212005615234,80.38999938964844,103.44000244140625,1884.0999755859375,9.180234909057617,0.8801400065422058,106.73999786376953
2023-08-18,2504.5,4369.7099609375,1339.0799560546875,4.250999927520752,17.299999237060547,3.6989998817443848,35.75412368774414,81.25,103.37999725341797,1886.0999755859375,9.18984603881836,0.8782399892807007,97.27999877929688
2023-08-21,2508.800048828125,4399.77001953125,1339.1700439453125,4.3420000076293945,17.1299991607666,3.7119998931884766,35.83792495727539,80.72000122070312,103.33000183105469,1893.300048828125,9.21506404876709,0.8822699785232544,95.23999786376953
2023-08-22,2515.739990234375,4387.5498046875,1339.739990234375,4.328000068664551,16.969999313354492,3.750499963760376,35.763431549072266,80.3499984741211,103.55999755859375,1896.4000244140625,9.164504051208496,0.878462016582489,92.62000274658203
2023-08-23,2505.5,4436.009765625,1339.68994140625,4.197999954223633,15.979999542236328,3.803499937057495,36.33140563964844,78.88999938964844,103.36000061035156,1918.5,9.190423965454102,0.879800021648407,88.98999786376953
2023-08-24,2537.679931640625,4376.31005859375,1327.780029296875,4.235000133514404,17.200000762939453,3.7674999237060547,36.191734313964844,79.05000305175781,103.9800033569336,1918.199951171875,9.199867248535156,0.8774099946022034,92.16999816894531
2023-08-25,2519.139892578125,4405.7099609375,1326.6199951171875,4.238999843597412,15.680000305175781,3.759999990463257,36.228981018066406,79.83000183105469,104.08000183105469,1911.0999755859375,9.08217716217041,0.8851000070571899,84.31999969482422
2023-08-28,2543.409912109375,4433.31005859375,1323.6099853515625,4.211999893188477,15.079999923706055,3.753999948501587,36.582801818847656,80.0999984741211,104.05999755859375,1917.9000244140625,9.032691955566406,0.8847299814224243,82.2300033569336
2023-08-29,2552.159912109375,4497.6298828125,1322.8199462890625,4.122000217437744,14.449999809265137,3.7929999828338623,37.04834747314453,81.16000366210938,103.55000305175781,1936.5,9.028641700744629,0.8834999799728394,79.05000305175781
2023-08-30,2561.219970703125,4514.8701171875,1321.0699462890625,4.118000030517578,13.880000114440918,3.7850000858306885,36.92730712890625,81.62999725341797,103.16000366210938,1944.300048828125,9.049229621887207,0.8789600133895874,78.62999725341797
2023-08-31,2556.27001953125,4507.66015625,1323.030029296875,4.0929999351501465,13.569999694824219,3.7725000381469727,36.471065521240234,83.62999725341797,103.62000274658203,1938.199951171875,9.054017066955566,0.8781099915504456,80.80000305175781
2023-09-01,2563.7099609375,4515.77001953125,1324.6400146484375,4.172999858856201,13.09000015258789,3.8125,36.89936828613281,85.55000305175781,104.23999786376953,1939.800048828125,9.105712890625,0.8831999897956848,82.6500015258789
2023-09-04,2584.550048828125,4515.77001953125,1317.4599609375,4.172999858856201,13.09000015258789,3.8125,36.89936828613281,85.55000305175781,104.23999786376953,1939.800048828125,9.019929885864258,0.8852900266647339,82.6500015258789
2023-09-05,2582.179931640625,4496.830078125,1317.949951171875,4.26800012588501,14.010000228881836,3.811000108718872,36.601417541503906,86.69000244140625,104.80999755859375,1926.199951171875,8.993330001831055,0.8847699761390686,86.43000030517578
2023-09-06,2563.340087890625,4465.47998046875,1331.72998046875,4.289999961853027,14.449999809265137,3.748500108718872,36.39657974243164,87.54000091552734,104.86000061035156,1918.0999755859375,9.026688575744629,0.8893899917602539,87.8499984741211
2023-09-07,2548.260009765625,4451.14013671875,1333.4599609375,4.260000228881836,14.399999618530273,3.7260000705718994,35.9682731628418,86.87000274658203,105.05999755859375,1917.5,9.027462005615234,0.8913599848747253,87.6500015258789
2023-09-08,2547.679931640625,4457.490234375,1334.02001953125,4.257999897003174,13.84000015258789,3.680500030517578,36.042762756347656,87.51000213623047,105.08999633789062,1918.4000244140625,9.072808265686035,0.8926699757575989,85.2699966430664
2023-09-11,2556.8798828125,4487.4599609375,1335.3199462890625,4.288000106811523,13.800000190734863,3.7699999809265137,36.48968505859375,87.29000091552734,104.56999969482422,1923.300048828125,9.07763385772705,0.8920000195503235,85.19000244140625
2023-09-12,2536.580078125,4461.89990234375,1320.43994140625,4.263999938964844,14.229999542236328,3.752000093460083,36.37795639038086,88.83999633789062,104.70999908447266,1911.300048828125,9.002028465270996,0.8912100195884705,85.62999725341797
2023-09-13,2534.699951171875,4467.43994140625,1324.0999755859375,4.249000072479248,13.479999542236328,3.75600004196167,36.33140563964844,88.5199966430664,104.7699966430664,1909.0999755859375,8.994882583618164,0.8913900256156921,84.97000122070312
2023-09-14,2572.889892578125,4505.10009765625,1329.77001953125,4.288000106811523,12.819999694824219,3.7825000286102295,36.573486328125,90.16000366210938,105.41000366210938,1910.0,8.995808601379395,0.8931999802589417,82.4800033569336
2023-09-15,2601.280029296875,4450.31982421875,1327.06005859375,4.322000026702881,13.789999961853027,3.7634999752044678,36.4338264465332,90.7699966430664,105.31999969482422,1923.699951171875,9.00285530090332,0.896399974822998,84.83999633789062
2023-09-18,2574.719970703125,4453.52978515625,1328.4200439453125,4.318999767303467,14.0,3.741499900817871,36.387271881103516,91.4800033569336,105.19999694824219,1931.5,8.983611106872559,0.8968799710273743,84.7699966430664
2023-09-19,2559.2099609375,4443.9501953125,1329.6600341796875,4.364999771118164,14.109999656677246,3.7139999866485596,36.17311096191406,91.19999694824219,105.19999694824219,1932.0,9.008200645446777,0.8972499966621399,83.54000091552734
2023-09-20,2559.739990234375,4402.2001953125,1328.530029296875,4.348999977111816,15.140000343322754,3.746500015258789,36.02413558959961,90.27999877929688,105.16000366210938,1945.5999755859375,8.991955757141113,0.8973100185394287,88.05000305175781
2023-09-21,2514.969970703125,4330.0,1332.3399658203125,4.480000019073486,17.540000915527344,3.6665000915527344,35.40030288696289,89.62999725341797,105.36000061035156,1919.199951171875,8.990738868713379,0.8992000222206116,94.44000244140625
2023-09-22,2508.1298828125,4320.06005859375,1341.1700439453125,4.438000202178955,17.200000762939453,3.6654999256134033,35.819297790527344,90.02999877929688,105.58000183105469,1925.4000244140625,9.080005645751953,0.9044700264930725,90.54000091552734
2023-09-25,2495.760009765625,4337.43994140625,1334.6600341796875,4.541999816894531,16.899999618530273,3.6494998931884766,35.661014556884766,89.68000030517578,106.0,1916.5999755859375,8.991605758666992,0.9071000218391418,91.73999786376953
2023-09-26,2462.969970703125,4273.52978515625,1338.449951171875,4.558000087738037,18.940000534057617,3.625,35.15822219848633,90.38999938964844,106.2300033569336,1900.4000244140625,8.994203567504883,0.9120799899101257,103.04000091552734
2023-09-27,2465.070068359375,4274.509765625,1353.75,4.625999927520752,18.219999313354492,3.627000093460083,35.21408462524414,93.68000030517578,106.66999816894531,1871.5999755859375,9.082247734069824,0.9157599806785583,97.08999633789062
2023-09-28,2465.070068359375,4299.7001953125,1352.8199462890625,4.5970001220703125,17.34000015258789,3.694499969482422,35.307193756103516,91.70999908447266,106.22000122070312,1860.4000244140625,9.03472900390625,0.9208199977874756,93.72000122070312
2023-09-29,2465.070068359375,4288.0498046875,1347.8499755859375,4.572999954223633,17.520000457763672,3.7260000705718994,35.33512496948242,90.79000091552734,106.16999816894531,1848.0999755859375,9.021788597106934,0.9147599935531616,94.0999984741211
2023-10-02,2465.070068359375,4288.39013671875,1351.93994140625,4.683000087738037,17.610000610351562,3.631999969482422,35.15822219848633,88.81999969482422,106.9000015258789,1830.0,9.040294647216797,0.9154800176620483,95.38999938964844
2023-10-03,2465.070068359375,4229.4501953125,1354.18994140625,4.802000045776367,19.780000686645508,3.615499973297119,34.692665100097656,89.2300033569336,107.0,1824.5999755859375,9.036547660827637,0.917900025844574,104.38999938964844
2023-10-04,2405.68994140625,4263.75,1359.219970703125,4.735000133514404,18.579999923706055,3.5840001106262207,34.59025192260742,84.22000122070312,106.80000305175781,1818.5,9.11026668548584,0.9209700226783752,95.58000183105469
2023-10-05,2403.60009765625,4258.18994140625,1351.1600341796875,4.7170000076293945,18.489999771118164,3.546999931335449,34.72060775756836,82.30999755859375,106.33000183105469,1816.5999755859375,9.070075035095215,0.9166100025177002,95.58999633789062
2023-10-06,2408.72998046875,4308.5,1346.06005859375,4.783999919891357,17.450000762939453,3.624500036239624,35.2234001159668,82.79000091552734,106.04000091552734,1830.199951171875,9.063570022583008,0.9125900268554688,91.16000366210938
2023-10-09,2408.72998046875,4335.66015625,1343.3599853515625,4.796999931335449,17.700000762939453,3.6424999237060547,35.05580139160156,86.37999725341797,106.08000183105469,1849.5,9.005171775817871,0.9086999893188477,92.02999877929688
2023-10-10,2402.580078125,4358.240234375,1346.8900146484375,4.65500020980835,17.030000686645508,3.631999969482422,35.558589935302734,85.97000122070312,105.83000183105469,1861.0,9.080239295959473,0.9048399925231934,90.0999984741211
2023-10-11,2450.080078125,4376.9501953125,1341.8900146484375,4.59499979019165,16.09000015258789,3.614000082015991,35.78205490112305,83.48999786376953,105.81999969482422,1872.800048828125,9.028149604797363,0.9045500159263611,90.56999969482422
2023-10-12,2479.820068359375,4349.60986328125,1338.260009765625,4.711999893188477,16.690000534057617,3.5940001010894775,35.381675720214844,82.91000366210938,106.56999969482422,1869.300048828125,8.96329116821289,0.9009900093078613,91.87000274658203
2023-10-13,2456.14990234375,4327.77978515625,1348.3399658203125,4.629000186920166,19.31999969482422,3.5799999237060547,35.2513313293457,87.69000244140625,106.6500015258789,1927.4000244140625,9.001626014709473,0.9078199863433838,108.0999984741211
2023-10-16,2436.239990234375,4373.6298828125,1352.0699462890625,4.711999893188477,17.209999084472656,3.5869998931884766,35.51203918457031,86.66000366210938,106.23999786376953,1921.0999755859375,9.039230346679688,0.9024900197982788,95.69000244140625
2023-10-17,2460.169921875,4373.2001953125,1347.760009765625,4.8470001220703125,17.8799991607666,3.575500011444092,35.41892623901367,86.66000366210938,106.25,1922.699951171875,9.010294914245605,0.9004700183868408,95.80000305175781
2023-10-18,2462.60009765625,4314.60009765625,1352.989990234375,4.9039998054504395,19.219999313354492,3.5820000171661377,34.87888717651367,88.31999969482422,106.56999969482422,1955.300048828125,9.034026145935059,0.9001100063323975,105.88999938964844
2023-10-19,2415.800048828125,4278.0,1354.56005859375,4.98799991607666,21.399999618530273,3.5915000438690186,34.67405700683594,89.37000274658203,106.25,1968.4000244140625,9.043554306030273,0.8985700011253357,116.47000122070312
2023-10-20,2375.0,4224.16015625,1356.22998046875,4.923999786376953,21.709999084472656,3.5420000553131104,34.25505828857422,88.75,106.16000366210938,1982.5,9.053936958312988,0.891789972782135,115.43000030517578
2023-10-23,2357.02001953125,4217.0400390625,1349.3399658203125,4.8379998207092285,20.3700008392334,3.572999954223633,34.22711944580078,85.48999786376953,105.54000091552734,1976.300048828125,9.002291679382324,0.8931999802589417,109.0
2023-10-24,2383.510009765625,4247.68017578125,1334.43994140625,4.840000152587891,18.969999313354492,3.609999895095825,34.664737701416016,83.73999786376953,106.2699966430664,1975.0,8.965298652648926,0.8906000256538391,98.54000091552734
2023-10-25,2363.169921875,4186.77001953125,1343.6400146484375,4.953000068664551,20.190000534057617,3.572000026702881,34.208499908447266,85.38999938964844,106.52999877929688,1984.0999755859375,8.96608829498291,0.893060028553009,102.91999816894531
2023-10-26,2299.080078125,4137.22998046875,1352.6800537109375,4.84499979019165,20.68000030517578,3.56850004196167,34.04090118408203,83.20999908447266,106.5999984741211,1987.199951171875,9.012639045715332,0.8967000246047974,101.97000122070312
2023-10-27,2302.81005859375,4117.3701171875,1350.3399658203125,4.84499979019165,21.270000457763672,3.634000062942505,34.01296615600586,85.54000091552734,106.55999755859375,1988.5999755859375,8.98083209991455,0.898829996585846,102.04000091552734
2023-10-30,2310.550048828125,4166.81982421875,1355.219970703125,4.875,19.75,3.6494998931884766,34.366790771484375,82.30999755859375,106.12000274658203,1996.199951171875,9.051033020019531,0.902400016784668,95.2300033569336
2023-10-31,2277.989990234375,4193.7998046875,1348.0699462890625,4.875,18.139999389648438,3.6414999961853027,34.17125701904297,81.0199966430664,106.66000366210938,1985.199951171875,9.040654182434082,0.9020599722862244,87.94000244140625
2023-11-01,2301.56005859375,4237.85986328125,1350.1600341796875,4.789000034332275,16.8700008392334,3.6449999809265137,34.48783493041992,80.44000244140625,106.87999725341797,1978.800048828125,8.922842979431152,0.9097999930381775,85.08000183105469
2023-11-02,2343.1201171875,4317.77978515625,1347.8399658203125,4.669000148773193,15.65999984741211,3.6670000553131104,35.09304428100586,82.45999908447266,106.12000274658203,1985.5999755859375,8.947649955749512,0.9055500030517578,83.23999786376953
2023-11-03,2368.340087890625,4358.33984375,1333.6800537109375,4.558000087738037,14.90999984741211,3.674499988555908,35.80998611450195,80.51000213623047,105.0199966430664,1991.5,8.861720085144043,0.9060999751091003,82.83000183105469
2023-11-06,2502.3701171875,4365.97998046875,1307.8399658203125,4.6620001792907715,14.890000343322754,3.7095000743865967,36.098628997802734,80.81999969482422,105.22000122070312,1981.5999755859375,8.752847671508789,0.8992099761962891,84.33000183105469
2023-11-07,2443.9599609375,4378.3798828125,1297.1099853515625,4.571000099182129,14.8100004196167,3.6700000762939453,36.03345489501953,77.37000274658203,105.54000091552734,1966.800048828125,8.647948265075684,0.8992000222206116,83.43000030517578
2023-11-08,2421.6201171875,4382.77978515625,1304.550048828125,4.5229997634887695,14.449999809265137,3.628000020980835,35.79136276245117,75.33000183105469,105.58999633789062,1951.5,8.67398452758789,0.8999699950218201,85.04000091552734
2023-11-09,2427.080078125,4347.35009765625,1308.1199951171875,4.630000114440918,15.289999961853027,3.634999990463257,35.456172943115234,75.73999786376953,105.91000366210938,1964.199951171875,8.67056941986084,0.8990799784660339,88.73999786376953
2023-11-10,2409.659912109375,4415.240234375,1315.199951171875,4.627999782562256,14.170000076293945,3.5834999084472656,35.70757293701172,77.16999816894531,105.86000061035156,1932.5999755859375,8.695821762084961,0.9031500220298767,85.66000366210938
2023-11-13,2403.760009765625,4411.5498046875,1319.6199951171875,4.631999969482422,14.760000228881836,3.6624999046325684,35.69826126098633,78.26000213623047,105.66000366210938,1945.5,8.696070671081543,0.9019799828529358,85.51000213623047
2023-11-14,2433.25,4495.7001953125,1319.0699462890625,4.440999984741211,14.15999984741211,3.682499885559082,36.64797592163086,78.26000213623047,104.11000061035156,1961.800048828125,8.698062896728516,0.901199996471405,83.7699966430664
2023-11-15,2486.669921875,4502.8798828125,1304.239990234375,4.534999847412109,14.180000305175781,3.7174999713897705,36.955238342285156,76.66000366210938,104.38999938964844,1960.0999755859375,8.667025566101074,0.8891000151634216,84.91000366210938
2023-11-16,2488.179931640625,4508.240234375,1301.8599853515625,4.445000171661377,14.319999694824219,3.7044999599456787,36.601417541503906,72.9000015258789,104.37000274658203,1983.9000244140625,8.60961627960205,0.8870800137519836,83.2300033569336
2023-11-17,2469.85009765625,4514.02001953125,1292.449951171875,4.440999984741211,13.800000190734863,3.737499952316284,36.64797592163086,75.88999938964844,103.81999969482422,1981.5999755859375,8.575855255126953,0.888480007648468,81.83000183105469
2023-11-20,2491.199951171875,4547.3798828125,1294.5,4.421999931335449,13.40999984741211,3.8125,37.10421371459961,77.5999984741211,103.47000122070312,1977.699951171875,8.640727996826172,0.8859300017356873,81.80999755859375
2023-11-21,2510.419921875,4538.18994140625,1288.1500244140625,4.418000221252441,13.350000381469727,3.814500093460083,36.87144088745117,77.7699966430664,103.58999633789062,1999.300048828125,8.682538032531738,0.8843600153923035,81.7699966430664
2023-11-22,2511.699951171875,4556.6201171875,1295.18994140625,4.415999889373779,12.850000381469727,3.7664999961853027,36.79694747924805,77.0999984741211,103.91999816894531,1991.4000244140625,8.742423057556152,0.8831800222396851,83.37999725341797
2023-11-23,2514.9599609375,4556.6201171875,1298.7900390625,4.415999889373779,12.850000381469727,3.7790000438690186,36.79694747924805,77.0999984741211,103.91999816894531,1991.4000244140625,8.671194076538086,0.8840299844741821,83.37999725341797
2023-11-24,2496.6298828125,4559.33984375,1300.1800537109375,4.4720001220703125,12.460000038146973,3.7964999675750732,36.815574645996094,75.54000091552734,103.4000015258789,2002.199951171875,8.688894271850586,0.8844699859619141,83.0
2023-11-27,2495.659912109375,4550.43017578125,1289.7900390625,4.388999938964844,12.6899995803833,3.762500047683716,36.666595458984375,74.86000061035156,103.19999694824219,2011.800048828125,8.622830390930176,0.8822500109672546,85.1500015258789
2023-11-28,2521.760009765625,4554.89013671875,1302.530029296875,4.335999965667725,12.6899995803833,3.8010001182556152,36.97386169433594,76.41000366210938,102.75,2039.699951171875,8.774614334106445,0.8799999952316284,85.13999938964844
2023-11-29,2519.81005859375,4550.580078125,1287.530029296875,4.270999908447266,12.979999542236328,3.7860000133514404,36.75970458984375,77.86000061035156,102.7699966430664,2047.0999755859375,8.755728721618652,0.8769000172615051,87.79000091552734
2023-11-30,2535.2900390625,4567.7998046875,1288.3599853515625,4.3520002365112305,12.920000076293945,3.8289999961853027,36.834190368652344,75.95999908447266,103.5,2038.0999755859375,8.763460159301758,0.8733199834823608,86.70999908447266
2023-12-01,2505.010009765625,4594.6298828125,1296.6600341796875,4.22599983215332,12.630000114440918,3.9089999198913574,36.99248123168945,74.06999969482422,103.2699966430664,2071.0,8.76109790802002,0.8746600151062012,85.9000015258789
2023-12-04,2514.949951171875,4569.77978515625,1299.18994140625,4.288000106811523,13.079999923706055,3.820499897003174,36.573486328125,73.04000091552734,103.63999938964844,2024.0999755859375,8.837691307067871,0.8678500056266785,87.76000213623047
2023-12-05,2494.280029296875,4567.18017578125,1307.800048828125,4.171000003814697,12.850000381469727,3.7725000381469727,36.35002517700195,72.31999969482422,104.05000305175781,2018.5,8.88882064819336,0.8725100159645081,85.76000213623047
2023-12-06,2495.3798828125,4549.33984375,1313.3699951171875,4.120999813079834,12.970000267028809,3.7165000438690186,36.303470611572266,69.37999725341797,104.1500015258789,2030.5,8.923866271972656,0.8749359846115112,86.8499984741211
2023-12-07,2492.070068359375,4585.58984375,1313.719970703125,4.129000186920166,13.0600004196167,3.7844998836517334,36.480377197265625,69.33999633789062,103.54000091552734,2029.9000244140625,8.927396774291992,0.8746399879455566,86.0
2023-12-08,2517.85009765625,4604.3701171875,1312.760009765625,4.244999885559082,12.350000381469727,3.819999933242798,36.32209014892578,71.2300033569336,104.01000213623047,1998.300048828125,9.098665237426758,0.8754400014877319,81.11000061035156
2023-12-11,2525.360107421875,4622.43994140625,1316.510009765625,4.238999843597412,12.630000114440918,3.7799999713897705,36.53624725341797,71.31999969482422,104.0999984741211,1978.0,9.080318450927734,0.8796200156211853,82.3499984741211
2023-12-12,2535.27001953125,4643.7001953125,1313.6199951171875,4.205999851226807,12.069999694824219,3.7860000133514404,36.545555114746094,68.61000061035156,103.87000274658203,1977.800048828125,8.992100715637207,0.8780999779701233,83.54000091552734
2023-12-13,2510.659912109375,4707.08984375,1310.1400146484375,4.0329999923706055,12.1899995803833,3.7860000133514404,36.9086799621582,69.47000122070312,102.87000274658203,1982.300048828125,9.017786026000977,0.8751299977302551,80.83000183105469
2023-12-14,2544.179931640625,4719.5498046875,1292.010009765625,3.930000066757202,12.479999542236328,3.8884999752044678,37.44871520996094,71.58000183105469,101.95999908447266,2030.199951171875,9.048670768737793,0.8709700107574463,80.83000183105469
2023-12-15,2563.56005859375,4719.18994140625,1291.9200439453125,3.927999973297119,12.279999732971191,3.884999990463257,37.22525405883789,71.43000030517578,102.55000305175781,2021.0999755859375,9.080347061157227,0.8671299815177917,88.04000091552734
2023-12-18,2566.860107421875,4740.56005859375,1276.469970703125,3.9539999961853027,12.5600004196167,3.8480000495910645,37.206634521484375,72.47000122070312,102.51000213623047,2026.300048828125,8.968729972839355,0.8706120252609253,88.66999816894531
2023-12-19,2568.550048828125,4768.3701171875,1302.9300537109375,3.921999931335449,12.529999732971191,3.8959999084472656,37.5232048034668,73.44000244140625,102.16999816894531,2038.4000244140625,9.128539085388184,0.867110013961792,88.7699966430664
2023-12-20,2614.300048828125,4698.35009765625,1297.760009765625,3.877000093460083,13.670000076293945,3.9014999866485596,36.84772491455078,74.22000122070312,102.41000366210938,2034.5,9.019174575805664,0.8603000044822693,92.18000030517578
2023-12-21,2600.02001953125,4746.75,1296.97998046875,3.8940000534057617,13.649999618530273,3.9084999561309814,37.540279388427734,73.88999938964844,101.83999633789062,2039.0999755859375,9.037904739379883,0.8624600172042847,89.8499984741211
2023-12-22,2599.510009765625,4754.6298828125,1291.7099609375,3.9010000228881836,13.029999732971191,3.8954999446868896,37.36002731323242,73.55999755859375,101.69999694824219,2057.10009765625,9.101097106933594,0.8562700152397156,88.62000274658203
2023-12-25,2599.510009765625,4754.6298828125,1297.3599853515625,3.9010000228881836,13.029999732971191,3.8954999446868896,37.36002731323242,73.55999755859375,101.69999694824219,2057.10009765625,9.107476234436035,0.8550699949264526,88.62000274658203
2023-12-26,2602.590087890625,4774.75,1294.5799560546875,3.885999917984009,12.989999771118164,3.8954999446868896,37.65412902832031,75.56999969482422,101.47000122070312,2058.199951171875,9.101154327392578,0.8557400107383728,88.87000274658203
2023-12-27,2613.5,4781.580078125,1293.9200439453125,3.7890000343322754,12.430000305175781,3.94350004196167,37.87232971191406,74.11000061035156,100.98999786376953,2081.89990234375,9.0823392868042,0.8535799980163574,86.22000122070312
2023-12-28,2655.280029296875,4783.35009765625,1294.760009765625,3.8499999046325684,12.470000267028809,3.9130001068115234,38.16642761230469,71.7699966430664,101.2300033569336,2073.89990234375,9.15710735321045,0.8423299789428711,86.69000244140625
2023-12-29,2655.280029296875,4769.830078125,1277.8399658203125,3.865999937057495,12.449999809265137,3.880500078201294,38.14745330810547,71.6500015258789,101.33000183105469,2062.39990234375,9.0348539352417,0.8433600068092346,86.95999908447266
2024-01-01,2655.280029296875,4769.830078125,1293.530029296875,3.865999937057495,12.449999809265137,3.880500078201294,38.14745330810547,71.6500015258789,101.33000183105469,2062.39990234375,9.174972534179688,0.8407589793205261,86.95999908447266
2024-01-02,2669.81005859375,4742.830078125,1293.5400390625,3.946000099182129,13.199999809265137,3.86899995803833,37.701568603515625,70.37999725341797,102.19999694824219,2064.39990234375,9.18120002746582,0.8418899774551392,88.08999633789062
2024-01-03,2607.31005859375,4704.81005859375,1307.6199951171875,3.9070000648498535,14.039999961853027,3.8475000858306885,37.49284362792969,72.69999694824219,102.45999908447266,2034.199951171875,9.198518753051758,0.8501200079917908,89.6500015258789
2024-01-04,2587.02001953125,4688.68017578125,1309.530029296875,3.990999937057495,14.130000114440918,3.8310000896453857,37.36951446533203,72.19000244140625,102.41999816894531,2042.300048828125,9.161487579345703,0.8489000201225281,87.58999633789062
2024-01-05,2578.080078125,4697.240234375,1311.25,4.041999816894531,13.350000381469727,3.7945001125335693,37.41694641113281,73.80999755859375,102.41000366210938,2042.4000244140625,9.057201385498047,0.8500000238418579,82.87000274658203
2024-01-08,2567.820068359375,4763.5400390625,1313.1300048828125,4.001999855041504,13.079999923706055,3.799499988555908,37.521305084228516,70.7699966430664,102.20999908447266,2026.5999755859375,9.075508117675781,0.8507300019264221,81.26000213623047
2024-01-09,2561.239990234375,4756.5,1311.800048828125,4.019000053405762,12.760000228881836,3.748500108718872,36.99003219604492,72.23999786376953,102.56999969482422,2026.4000244140625,9.095320701599121,0.8478999733924866,78.58999633789062
2024-01-10,2541.97998046875,4783.4501953125,1319.7900390625,4.03000020980835,12.6899995803833,3.7809998989105225,36.90464401245117,71.37000274658203,102.36000061035156,2021.699951171875,9.136444091796875,0.852370023727417,77.08999633789062
2024-01-11,2540.27001953125,4780.240234375,1317.5,3.9769999980926514,12.4399995803833,3.7764999866485596,37.05644607543945,72.0199966430664,102.29000091552734,2014.300048828125,9.03976058959961,0.8504999876022339,75.54000091552734
2024-01-12,2525.050048828125,4783.830078125,1311.989990234375,3.950000047683716,12.699999809265137,3.740000009536743,37.18926239013672,72.68000030517578,102.4000015258789,2046.699951171875,9.044090270996094,0.8510100245475769,86.06999969482422
2024-01-15,2525.989990234375,4783.830078125,1312.8499755859375,3.950000047683716,12.699999809265137,3.740000009536743,37.18926239013672,72.68000030517578,102.4000015258789,2046.699951171875,9.04019832611084,0.8533200025558472,86.06999969482422
2024-01-16,2497.590087890625,4765.97998046875,1319.7099609375,4.065999984741211,13.84000015258789,3.7664999961853027,36.28799057006836,72.4000015258789,103.36000061035156,2026.0,9.051726341247559,0.8559799790382385,89.58999633789062
2024-01-17,2435.89990234375,4739.2099609375,1337.7900390625,4.105999946594238,14.789999961853027,3.7325000762939453,35.74722671508789,72.55999755859375,103.44999694824219,2002.5999755859375,9.085253715515137,0.861299991607666,91.36000061035156
2024-01-18,2440.0400390625,4780.93994140625,1344.050048828125,4.144000053405762,14.130000114440918,3.744999885559082,36.041324615478516,74.08000183105469,103.54000091552734,2018.5999755859375,9.075331687927246,0.8643220067024231,86.33999633789062
2024-01-19,2472.739990234375,4839.81005859375,1337.6600341796875,4.145999908447266,13.300000190734863,3.7869999408721924,36.42081069946289,73.41000366210938,103.29000091552734,2026.5,9.029213905334473,0.8680800199508667,81.94999694824219
2024-01-22,2464.35009765625,4850.43017578125,1333.2099609375,4.093999862670898,13.1899995803833,3.7639999389648438,36.09824752807617,75.19000244140625,103.33000183105469,2019.800048828125,9.0081787109375,0.8684800267219543,79.16999816894531
2024-01-23,2478.610107421875,4864.60009765625,1338.739990234375,4.142000198364258,12.550000190734863,3.7904999256134033,36.411319732666016,74.37000274658203,103.62000274658203,2023.699951171875,9.038865089416504,0.8691200017929077,76.66999816894531
2024-01-24,2469.68994140625,4868.5498046875,1336.780029296875,4.177999973297119,13.140000343322754,3.882499933242798,36.81926727294922,75.08999633789062,103.23999786376953,2013.9000244140625,9.016639709472656,0.8695999979972839,80.94000244140625
2024-01-25,2470.340087890625,4894.16015625,1329.8900146484375,4.131999969482422,13.449999809265137,3.865499973297119,36.86669921875,77.36000061035156,103.56999969482422,2016.9000244140625,9.01009464263916,0.8630200028419495,81.38999938964844
2024-01-26,2478.56005859375,4890.97021484375,1336.030029296875,4.159999847412109,13.260000228881836,3.8505001068115234,36.89515686035156,78.01000213623047,103.47000122070312,2016.800048828125,9.040236473083496,0.8669000267982483,82.19999694824219
2024-01-29,2500.64990234375,4927.93017578125,1336.760009765625,4.091000080108643,13.600000381469727,3.872999906539917,36.91413497924805,76.77999877929688,103.61000061035156,2025.199951171875,9.022266387939453,0.864139974117279,83.4000015258789
2024-01-30,2498.81005859375,4924.97021484375,1333.2099609375,4.059000015258789,13.3100004196167,3.9065001010894775,36.62003707885742,77.81999969482422,103.4000015258789,2031.5,9.040212631225586,0.8613200187683105,82.23999786376953
2024-01-31,2497.090087890625,4845.64990234375,1326.6199951171875,3.9670000076293945,14.350000381469727,3.9024999141693115,36.42081069946289,75.8499984741211,103.2699966430664,2048.39990234375,9.000929832458496,0.8618599772453308,87.55999755859375
2024-02-01,2542.4599609375,4906.18994140625,1333.9100341796875,3.86299991607666,13.880000114440918,3.8524999618530273,36.771827697753906,73.81999969482422,103.05000305175781,2053.0,9.076007843017578,0.862339973449707,84.83000183105469
2024-02-02,2615.31005859375,4958.60986328125,1328.949951171875,4.0329999923706055,13.850000381469727,3.821500062942505,36.66747283935547,72.27999877929688,103.91999816894531,2036.0999755859375,9.074149131774902,0.8576200008392334,83.30999755859375
2024-02-05,2591.31005859375,4942.81005859375,1337.72998046875,4.164000034332275,13.670000076293945,3.7720000743865967,36.71491241455078,72.77999877929688,104.44999694824219,2025.699951171875,9.011076927185059,0.8669800162315369,79.58000183105469
2024-02-06,2576.199951171875,4954.22998046875,1333.3900146484375,4.090000152587891,13.0600004196167,3.7825000286102295,37.54977035522461,73.30999755859375,104.18000030517578,2034.5,8.97017765045166,0.8707000017166138,76.97000122070312
2024-02-07,2609.580078125,4995.06005859375,1326.7900390625,4.110000133514404,12.829999923706055,3.737499952316284,37.59720230102539,73.86000061035156,104.04000091552734,2035.199951171875,8.97550106048584,0.8694999814033508,80.54000091552734
2024-02-08,2620.320068359375,4997.91015625,1327.6199951171875,4.170000076293945,12.789999961853027,3.7054998874664307,37.388484954833984,76.22000122070312,104.1500015258789,2032.199951171875,8.964954376220703,0.8739100098609924,83.06999969482422
2024-02-09,2620.320068359375,5026.60986328125,1331.469970703125,4.186999797821045,12.930000305175781,3.686000108718872,37.54977035522461,76.83999633789062,104.08000183105469,2023.300048828125,8.920175552368164,0.873449981212616,81.94000244140625
2024-02-12,2620.320068359375,5021.83984375,1330.06005859375,4.171999931335449,13.930000305175781,3.7284998893737793,37.84386444091797,76.91999816894531,104.16999816894531,2018.199951171875,8.919502258300781,0.8741599917411804,84.62999725341797
2024-02-13,2649.639892578125,4953.169921875,1328.5,4.315999984741211,15.850000381469727,3.7139999866485596,37.1323356628418,77.87000274658203,104.95999908447266,1992.9000244140625,8.893819808959961,0.8758000135421753,93.19000244140625
2024-02-14,2620.419921875,5000.6201171875,1340.7900390625,4.267000198364258,14.380000114440918,3.700500011444092,37.66361618041992,76.63999938964844,104.72000122070312,1990.300048828125,8.895722389221191,0.8874099850654602,83.16999816894531
2024-02-15,2613.800048828125,5029.72998046875,1326.0,4.239999771118164,14.010000228881836,3.756500005722046,37.84386444091797,78.02999877929688,104.30000305175781,2002.0999755859375,8.808027267456055,0.8851000070571899,82.4000015258789
2024-02-16,2648.760009765625,5005.56982421875,1327.6600341796875,4.295000076293945,14.239999771118164,3.8380000591278076,38.02412033081055,79.19000244140625,104.27999877929688,2011.5,8.854312896728516,0.879800021648407,82.62999725341797
2024-02-19,2680.260009765625,5005.56982421875,1331.5799560546875,4.295000076293945,14.239999771118164,3.8380000591278076,38.02412033081055,79.19000244140625,104.27999877929688,2011.5,8.871581077575684,0.880649983882904,82.62999725341797
2024-02-20,2657.7900390625,4975.509765625,1333.3399658203125,4.275000095367432,15.420000076293945,3.866499900817871,38.0810432434082,78.18000030517578,104.08000183105469,2027.5,8.872843742370605,0.8827469944953918,86.0999984741211
2024-02-21,2653.31005859375,4981.7998046875,1333.75,4.324999809265137,15.34000015258789,3.874500036239624,38.14745330810547,77.91000366210938,104.01000213623047,2022.300048828125,8.89552116394043,0.8818100094795227,84.66000366210938
2024-02-22,2664.27001953125,5087.02978515625,1332.8699951171875,4.327000141143799,14.539999961853027,3.8975000381469727,38.53642272949219,78.61000061035156,103.95999908447266,2019.699951171875,8.864819526672363,0.8792499899864197,80.87999725341797
2024-02-23,2667.699951171875,5088.7998046875,1327.1700439453125,4.260000228881836,13.75,3.881999969482422,38.51744842529297,76.48999786376953,103.94000244140625,2038.5999755859375,8.819254875183105,0.8799499869346619,78.86000061035156
2024-02-26,2647.080078125,5069.52978515625,1330.0,4.298999786376953,13.739999771118164,3.8239998817443848,38.3466796875,77.58000183105469,103.83000183105469,2028.5,8.836644172668457,0.8812500238418579,80.5
2024-02-27,2625.050048828125,5078.18017578125,1331.719970703125,4.315000057220459,13.430000305175781,3.8310000896453857,38.42258071899414,78.87000274658203,103.83000183105469,2034.0,8.846186637878418,0.8798999786376953,78.54000091552734
2024-02-28,2652.2900390625,5069.759765625,1331.7900390625,4.27400016784668,13.84000015258789,3.827500104904175,37.91976547241211,78.54000091552734,103.9800033569336,2033.0,8.849337577819824,0.8787999749183655,80.36000061035156
2024-02-29,2642.360107421875,5096.27001953125,1333.3800048828125,4.251999855041504,13.399999618530273,3.8345000743865967,37.93873977661133,78.26000213623047,104.16000366210938,2045.699951171875,8.851492881774902,0.8787099719047546,77.44999694824219
2024-03-01,2642.360107421875,5137.080078125,1335.199951171875,4.179999828338623,13.109999656677246,3.8550000190734863,38.40360641479492,79.97000122070312,103.86000061035156,2086.89990234375,8.896262168884277,0.8844000101089478,77.68000030517578
2024-03-04,2674.27001953125,5130.9501953125,1330.9000244140625,4.218999862670898,13.489999771118164,3.8519999980926514,38.31822204589844,78.73999786376953,103.83000183105469,2117.699951171875,8.866238594055176,0.8833400011062622,79.41000366210938
2024-03-05,2649.39990234375,5078.64990234375,1328.93994140625,4.13700008392334,14.460000038146973,3.8440001010894775,37.9766845703125,78.1500015258789,103.80000305175781,2133.5,8.837545394897461,0.885200023651123,83.91000366210938
2024-03-06,2641.489990234375,5104.759765625,1333.4300537109375,4.104000091552734,14.5,3.870500087738037,38.526939392089844,79.12999725341797,103.37000274658203,2150.300048828125,8.88877010345459,0.8835800290107727,83.11000061035156
2024-03-07,2647.6201171875,5157.35986328125,1327.0899658203125,4.0920000076293945,14.4399995803833,3.9195001125335693,38.76411437988281,78.93000030517578,102.81999969482422,2158.0,8.890355110168457,0.882099986076355,82.12999725341797
2024-03-08,2680.35009765625,5123.68994140625,1321.1800537109375,4.089000225067139,14.739999771118164,3.884999990463257,38.72616195678711,78.01000213623047,102.73999786376953,2178.60009765625,8.93443775177002,0.8770999908447266,86.55999755859375
2024-03-11,2659.840087890625,5117.93994140625,1315.97998046875,4.104000091552734,15.220000267028809,3.922499895095825,38.811546325683594,77.93000030517578,102.87000274658203,2182.5,8.96776294708252,0.8775100111961365,88.97000122070312
2024-03-12,2681.81005859375,5175.27001953125,1310.5400390625,4.15500020980835,13.84000015258789,3.924999952316284,39.23846435546875,77.55999755859375,102.95999908447266,2160.39990234375,8.929730415344238,0.8772500157356262,83.76000213623047
2024-03-13,2693.570068359375,5165.31005859375,1311.1500244140625,4.191999912261963,13.75,4.052499771118164,39.115135192871094,79.72000122070312,102.79000091552734,2175.39990234375,8.880633354187012,0.8773900270462036,86.2699966430664
2024-03-14,2718.760009765625,5150.47998046875,1313.6500244140625,4.297999858856201,14.399999618530273,4.0370001792907715,38.91590881347656,81.26000213623047,103.36000061035156,2163.0,8.898740768432617,0.8783800005912781,88.75
2024-03-15,2666.840087890625,5117.08984375,1321.9200439453125,4.303999900817871,14.40999984741211,4.112500190734863,38.67872619628906,81.04000091552734,103.43000030517578,2157.300048828125,8.911230087280273,0.8842700123786926,92.16999816894531
2024-03-18,2685.840087890625,5149.419921875,1329.3399658203125,4.340000152587891,14.329999923706055,4.114500045776367,38.74513626098633,82.72000122070312,103.58000183105469,2160.699951171875,8.925873756408691,0.8835899829864502,86.77999877929688
2024-03-19,2656.169921875,5178.509765625,1336.0899658203125,4.296999931335449,13.819999694824219,4.058499813079834,38.55540084838867,83.47000122070312,103.80999755859375,2156.300048828125,8.956857681274414,0.8875100016593933,83.9000015258789
2024-03-20,2690.139892578125,5224.6201171875,1337.02001953125,4.2729997634887695,13.039999961853027,4.03849983215332,38.99180221557617,81.68000030517578,103.41000366210938,2157.89990234375,8.852384567260742,0.8885400295257568,78.87000274658203
2024-03-21,2754.860107421875,5241.52978515625,1330.1099853515625,4.270999908447266,12.920000076293945,4.046500205993652,39.03923797607422,81.06999969482422,104.0,2182.39990234375,8.823253631591797,0.8855500221252441,77.30000305175781
2024-03-22,2748.56005859375,5234.18017578125,1334.6800537109375,4.2179999351501465,13.0600004196167,3.996000051498413,38.76411437988281,80.62999725341797,104.43000030517578,2158.10009765625,8.801983833312988,0.8976799845695496,76.48999786376953
2024-03-25,2737.570068359375,5218.18994140625,1343.5999755859375,4.252999782562256,13.1899995803833,4.006999969482422,38.792572021484375,81.94999694824219,104.2300033569336,2174.800048828125,8.879761695861816,0.8976200222969055,76.5999984741211
2024-03-26,2757.090087890625,5203.580078125,1339.1300048828125,4.234000205993652,13.239999771118164,3.996000051498413,38.76411437988281,81.62000274658203,104.29000091552734,2175.60009765625,8.846908569335938,0.8994699716567993,76.7699966430664
2024-03-27,2755.110107421875,5248.490234375,1343.06005859375,4.196000099182129,12.779999732971191,3.992500066757202,38.83052062988281,81.3499984741211,104.3499984741211,2190.60009765625,8.863386154174805,0.9036499857902527,76.0
2024-03-28,2745.820068359375,5254.35009765625,1349.800048828125,4.205999851226807,13.010000228881836,4.003499984741211,38.97282791137695,83.16999816894531,104.55000305175781,2217.39990234375,8.921760559082031,0.9054999947547913,76.56999969482422
2024-03-29,2746.6298828125,5254.35009765625,1349.800048828125,4.205999851226807,13.010000228881836,4.003499984741211,38.97282791137695,83.16999816894531,104.55000305175781,2217.39990234375,8.912630081176758,0.9010699987411499,76.56999969482422
2024-04-01,2747.860107421875,5243.77001953125,1345.31005859375,4.328999996185303,13.649999618530273,4.046000003814697,39.03923797607422,83.70999908447266,105.0199966430664,2236.5,8.886093139648438,0.9020000100135803,78.44999694824219
2024-04-02,2753.159912109375,5205.81005859375,1355.530029296875,4.364999771118164,14.609999656677246,4.070000171661377,39.162567138671875,85.1500015258789,104.81999969482422,2261.0,8.942317008972168,0.9050700068473816,82.76000213623047
2024-04-03,2706.969970703125,5211.490234375,1350.72998046875,4.355000019073486,14.329999923706055,4.192999839782715,39.19103240966797,85.43000030517578,104.25,2294.39990234375,8.912819862365723,0.9078199863433838,81.08000183105469
2024-04-04,2742.0,5147.2099609375,1344.8399658203125,4.309000015258789,16.350000381469727,4.246500015258789,39.04872512817383,86.58999633789062,104.12000274658203,2288.800048828125,8.872770309448242,0.9028900265693665,90.04000091552734
2024-04-05,2714.2099609375,5204.33984375,1351.3599853515625,4.377999782562256,16.030000686645508,4.239500045776367,39.13410568237305,86.91000366210938,104.30000305175781,2325.699951171875,8.932367324829102,0.9015100002288818,90.58000183105469
2024-04-08,2717.64990234375,5202.39013671875,1350.27001953125,4.423999786376953,15.1899995803833,4.2769999504089355,39.3902587890625,86.43000030517578,104.13999938964844,2331.699951171875,8.901215553283691,0.9031699895858765,86.26000213623047
2024-04-09,2705.159912109375,5209.91015625,1354.219970703125,4.366000175476074,14.979999542236328,4.285999774932861,39.6558952331543,85.2300033569336,104.1500015258789,2343.5,8.918437004089355,0.9050099849700928,84.44999694824219
2024-04-10,2705.159912109375,5160.64013671875,1348.5400390625,4.559999942779541,15.800000190734863,4.2820000648498535,39.115135192871094,86.20999908447266,105.25,2329.60009765625,8.89284896850586,0.9029800295829773,91.76000213623047
2024-04-11,2706.9599609375,5199.06005859375,1363.760009765625,4.576000213623047,14.90999984741211,4.251999855041504,39.35231018066406,85.0199966430664,105.27999877929688,2354.800048828125,8.916028022766113,0.9130399823188782,89.4000015258789
2024-04-12,2681.820068359375,5123.41015625,1367.8399658203125,4.499000072479248,17.309999465942383,4.257500171661377,38.4510383605957,85.66000366210938,106.04000091552734,2356.199951171875,8.929421424865723,0.9098299741744995,102.72000122070312
2024-04-15,2670.429931640625,5061.81982421875,1379.6099853515625,4.627999782562256,19.229999542236328,4.379000186920166,38.20437240600586,85.41000366210938,106.20999908447266,2365.800048828125,8.999383926391602,0.9137700200080872,109.63999938964844
2024-04-16,2609.6298828125,5051.41015625,1387.6700439453125,4.658999919891357,18.399999618530273,4.305500030517578,37.701568603515625,85.36000061035156,106.26000213623047,2390.800048828125,9.000383377075195,0.9115999937057495,99.25
2024-04-17,2584.179931640625,5022.2099609375,1387.3399658203125,4.585000038146973,18.209999084472656,4.34250020980835,37.67310333251953,82.69000244140625,105.94999694824219,2371.699951171875,8.989912986755371,0.912559986114502,98.76000213623047
2024-04-18,2634.699951171875,5011.1201171875,1379.5400390625,4.646999835968018,18.0,4.440499782562256,37.82489013671875,82.7300033569336,106.1500015258789,2382.300048828125,8.938028335571289,0.9103999733924866,95.98999786376953
2024-04-19,2591.860107421875,4967.22998046875,1379.4000244140625,4.614999771118164,18.709999084472656,4.501999855041504,37.67310333251953,83.13999938964844,106.1500015258789,2398.39990234375,8.921629905700684,0.9121000170707703,99.08999633789062
2024-04-22,2629.43994140625,5010.60009765625,1373.9300537109375,4.623000144958496,16.940000534057617,4.500500202178955,38.0810432434082,82.8499984741211,106.08000183105469,2332.199951171875,8.885045051574707,0.9109830260276794,89.54000091552734
2024-04-23,2623.02001953125,5070.5498046875,1378.8399658203125,4.5980000495910645,15.6899995803833,4.490499973297119,38.39411926269531,83.36000061035156,105.69000244140625,2327.699951171875,8.906688690185547,0.9118899703025818,82.36000061035156
2024-04-24,2675.75,5071.6298828125,1370.47998046875,4.6519999504089355,15.970000267028809,4.4670000076293945,38.526939392089844,82.80999755859375,105.86000061035156,2324.5,8.855804443359375,0.9114000201225281,83.61000061035156
2024-04-25,2628.6201171875,5048.419921875,1376.969970703125,4.705999851226807,15.369999885559082,4.570499897003174,38.61231994628906,83.56999969482422,105.5999984741211,2329.800048828125,8.868144035339355,0.9144399762153625,82.54000091552734
2024-04-26,2656.330078125,5099.9599609375,1371.699951171875,4.669000148773193,15.029999732971191,4.568999767303467,39.05820846557617,83.8499984741211,105.94000244140625,2334.800048828125,8.816458702087402,0.9125199913978577,79.55999755859375
2024-04-29,2687.43994140625,5116.169921875,1377.0899658203125,4.613999843597412,14.670000076293945,4.658999919891357,39.43769073486328,82.62999725341797,105.58000183105469,2345.39990234375,8.702898025512695,0.9136880040168762,78.22000122070312
2024-04-30,2692.06005859375,5035.68994140625,1374.6400146484375,4.685999870300293,15.649999618530273,4.564499855041504,38.88744354248047,81.93000030517578,106.22000122070312,2291.39990234375,8.794515609741211,0.9107199907302856,81.81999969482422
2024-05-01,2692.06005859375,5018.39013671875,1385.4599609375,4.59499979019165,15.390000343322754,4.552499771118164,38.92538833618164,79.0,105.76000213623047,2299.89990234375,8.784050941467285,0.9194899797439575,81.93000030517578
2024-05-02,2683.64990234375,5064.2001953125,1375.0,4.571000099182129,14.680000305175781,4.49399995803833,39.93101501464844,78.94999694824219,105.30000305175781,2299.199951171875,8.830432891845703,0.9163600206375122,78.58999633789062
2024-05-03,2676.6298828125,5127.7900390625,1364.6400146484375,4.5,13.489999771118164,4.573500156402588,40.29153060913086,78.11000061035156,105.02999877929688,2299.0,8.919012069702148,0.9097700119018555,74.56999969482422
2024-05-06,2676.6298828125,5180.740234375,1355.050048828125,4.488999843597412,13.489999771118164,4.634500026702881,40.3294792175293,78.4800033569336,105.05000305175781,2321.60009765625,8.824381828308105,0.9059399962425232,73.45999908447266
2024-05-07,2734.360107421875,5187.7001953125,1352.1700439453125,4.4629998207092285,13.229999542236328,4.625500202178955,40.10178756713867,78.37999725341797,105.41000366210938,2315.199951171875,8.767885208129883,0.9067000150680542,74.54000091552734
2024-05-08,2745.050048828125,5187.669921875,1357.72998046875,4.492000102996826,13.0,4.561999797821045,40.111270904541016,78.98999786376953,105.55000305175781,2313.60009765625,8.773529052734375,0.9084799885749817,74.5
2024-05-09,2712.139892578125,5214.080078125,1361.93994140625,4.448999881744385,12.6899995803833,4.607500076293945,40.2346076965332,79.26000213623047,105.2300033569336,2332.10009765625,8.764148712158203,0.9079899787902832,73.7699966430664
2024-05-10,2727.6298828125,5222.68017578125,1365.4000244140625,4.504000186920166,12.550000190734863,4.69350004196167,40.31999206542969,78.26000213623047,105.30999755859375,2367.300048828125,8.786979675292969,0.9058499932289124,73.26000213623047
2024-05-13,2727.2099609375,5221.419921875,1370.1099853515625,4.480999946594238,13.600000381469727,4.804500102996826,40.623573303222656,79.12000274658203,105.22000122070312,2336.10009765625,8.792901992797852,0.9064499735832214,77.55000305175781
2024-05-14,2730.340087890625,5246.68017578125,1363.7900390625,4.445000171661377,13.420000076293945,4.953499794006348,40.841773986816406,78.0199966430664,105.01000213623047,2353.39990234375,8.728815078735352,0.9078999757766724,77.6500015258789
2024-05-15,2730.340087890625,5308.14990234375,1362.550048828125,4.355999946594238,12.449999809265137,4.9695000648498535,41.27817916870117,78.62999725341797,104.3499984741211,2388.699951171875,8.70644474029541,0.9067000150680542,76.30999755859375
2024-05-16,2753.0,5297.10009765625,1353.5999755859375,4.376999855041504,12.420000076293945,4.892000198364258,41.363563537597656,79.2300033569336,104.45999908447266,2380.0,8.773175239562988,0.9005299806594849,77.73999786376953
2024-05-17,2724.6201171875,5303.27001953125,1346.0400390625,4.420000076293945,11.989999771118164,5.057000160217285,41.543819427490234,80.05999755859375,104.44999694824219,2412.199951171875,8.662639617919922,0.9059900045394897,78.43000030517578
2024-05-20,2742.139892578125,5308.1298828125,1353.3900146484375,4.436999797821045,12.149999618530273,5.087500095367432,41.39202880859375,79.80000305175781,104.56999969482422,2433.89990234375,8.689501762390137,0.9086999893188477,79.44999694824219
2024-05-21,2724.179931640625,5321.41015625,1360.1600341796875,4.414000034332275,11.859999656677246,5.11899995803833,41.13587951660156,79.26000213623047,104.66000366210938,2421.699951171875,8.697954177856445,0.9101200103759766,77.62000274658203
2024-05-22,2723.4599609375,5307.009765625,1363.4200439453125,4.434000015258789,12.289999961853027,4.867499828338623,41.00305938720703,77.56999969482422,104.94000244140625,2389.199951171875,8.726250648498535,0.9111599922180176,79.95999908447266
2024-05-23,2721.81005859375,5267.83984375,1365.81005859375,4.474999904632568,12.770000457763672,4.816500186920166,40.6994743347168,76.87000274658203,105.11000061035156,2335.0,8.713749885559082,0.9150000214576721,84.62000274658203
2024-05-24,2687.60009765625,5304.72021484375,1367.6199951171875,4.4670000076293945,11.930000305175781,4.778500080108643,40.81331253051758,77.72000122070312,104.72000122070312,2332.5,8.71261978149414,0.914330005645752,79.08999633789062
2024-05-27,2722.989990234375,5304.72021484375,1365.7099609375,4.4670000076293945,11.930000305175781,4.778500080108643,40.81331253051758,77.72000122070312,104.72000122070312,2332.5,8.706110000610352,0.9143999814987183,79.08999633789062
2024-05-28,2722.85009765625,5306.0400390625,1360.9300537109375,4.541999816894531,12.920000076293945,4.875500202178955,40.75638961791992,79.83000183105469,104.61000061035156,2355.199951171875,8.6765775680542,0.9132000207901001,81.63999938964844
2024-05-29,2677.300048828125,5266.9501953125,1362.760009765625,4.624000072479248,14.279999732971191,4.805500030517578,40.14922332763672,79.2300033569336,105.0999984741211,2340.300048828125,8.665236473083496,0.9122899770736694,83.79000091552734
2024-05-30,2635.43994140625,5235.47998046875,1370.550048828125,4.553999900817871,14.470000267028809,4.671999931335449,40.035377502441406,77.91000366210938,104.72000122070312,2342.89990234375,8.69643783569336,0.9128000140190125,83.44000244140625
2024-05-31,2636.52001953125,5277.509765625,1375.6199951171875,4.513999938964844,12.920000076293945,4.610000133514404,39.64641189575195,76.98999786376953,104.66999816894531,2322.89990234375,8.764226913452148,0.9033100008964539,78.2699966430664
2024-06-03,2682.52001953125,5283.39990234375,1382.0999755859375,4.4019999504089355,13.109999656677246,4.677000045776367,40.06383514404297,74.22000122070312,104.13999938964844,2346.60009765625,8.792712211608887,0.9013199806213379,78.79000091552734
2024-06-04,2662.10009765625,5291.33984375,1370.7900390625,4.335999965667725,13.15999984741211,4.547999858856201,39.50409698486328,73.25,104.11000061035156,2325.5,8.782526969909668,0.8950200080871582,77.6500015258789
2024-06-05,2689.5,5354.02978515625,1373.719970703125,4.289000034332275,12.630000114440918,4.619500160217285,40.13973617553711,74.06999969482422,104.2699966430664,2354.10009765625,8.856196403503418,0.8899499773979187,75.23999786376953
2024-06-06,2689.5,5352.9599609375,1368.739990234375,4.281000137329102,12.579999923706055,4.690999984741211,40.338966369628906,75.55000305175781,104.0999984741211,2370.300048828125,8.777321815490723,0.8924999833106995,77.91000366210938
2024-06-07,2722.669921875,5346.990234375,1365.25,4.429999828338623,12.220000267028809,4.494500160217285,39.88358688354492,75.52999877929688,104.88999938964844,2305.199951171875,8.769760131835938,0.8897200226783752,76.6500015258789
2024-06-10,2701.169921875,5360.7900390625,1379.050048828125,4.468999862670898,12.739999771118164,4.55649995803833,40.120758056640625,77.73999786376953,105.1500015258789,2307.699951171875,8.792886734008789,0.8960999846458435,78.97000122070312
2024-06-11,2705.320068359375,5375.31982421875,1373.9599609375,4.4039998054504395,12.850000381469727,4.5229997634887695,39.987022399902344,77.9000015258789,105.2300033569336,2307.5,8.74882984161377,0.8965799808502197,79.94999694824219
2024-06-12,2728.169921875,5421.02978515625,1377.3599853515625,4.295000076293945,12.039999961853027,4.581500053405762,40.38823318481445,78.5,104.6500015258789,2336.0,8.767129898071289,0.8977800011634827,77.5999984741211
2024-06-13,2754.889892578125,5433.740234375,1370.4100341796875,4.23799991607666,11.9399995803833,4.507500171661377,40.292701721191406,78.62000274658203,105.19999694824219,2300.199951171875,8.739720344543457,0.8942599892616272,78.19999694824219
2024-06-14,2758.419921875,5431.60009765625,1373.739990234375,4.2129998207092285,12.65999984741211,4.551000118255615,40.34046936035156,78.44999694824219,105.55000305175781,2331.39990234375,8.742669105529785,0.8939300179481506,83.72000122070312
2024-06-17,2744.10009765625,5473.22998046875,1382.280029296875,4.2789998054504395,12.75,4.521500110626221,40.598388671875,80.33000183105469,105.31999969482422,2312.39990234375,8.775545120239258,0.8907300233840942,83.33999633789062
2024-06-18,2763.919921875,5487.02978515625,1379.06005859375,4.2170000076293945,12.300000190734863,4.561999797821045,40.97093963623047,81.56999969482422,105.26000213623047,2330.39990234375,8.744911193847656,0.8883000016212463,80.62999725341797
2024-06-19,2797.330078125,5487.02978515625,1378.6099853515625,4.2170000076293945,12.300000190734863,4.561999797821045,40.97093963623047,81.56999969482422,105.26000213623047,2330.39990234375,8.74290943145752,0.8841800093650818,80.62999725341797
2024-06-20,2807.6298828125,5473.169921875,1381.1500244140625,4.254000186920166,13.279999732971191,4.618000030517578,40.90407180786133,82.16999816894531,105.58999633789062,2353.800048828125,8.743448257446289,0.8842999935150146,85.72000122070312
2024-06-21,2784.260009765625,5464.6201171875,1391.8199462890625,4.256999969482422,13.199999809265137,4.49399995803833,40.760780334472656,80.7300033569336,105.80000305175781,2316.39990234375,8.757329940795898,0.8914899826049805,83.30999755859375
2024-06-24,2764.72998046875,5447.8701171875,1388.3900146484375,4.248000144958496,13.329999923706055,4.5269999504089355,40.760780334472656,81.62999725341797,105.47000122070312,2330.0,8.684385299682617,0.89410001039505,84.80000305175781
2024-06-25,2774.389892578125,5469.2998046875,1386.1099853515625,4.23799991607666,12.84000015258789,4.38100004196167,40.66525650024414,80.83000183105469,105.61000061035156,2316.60009765625,8.68204402923584,0.8931900262832642,82.87000274658203
2024-06-26,2792.050048828125,5477.89990234375,1390.8900146484375,4.315999984741211,12.550000190734863,4.367499828338623,40.57928466796875,80.9000015258789,106.05000305175781,2299.199951171875,8.710838317871094,0.8952000141143799,81.44999694824219
2024-06-27,2784.06005859375,5482.8701171875,1393.3800048828125,4.288000106811523,12.239999771118164,4.328499794006348,40.607940673828125,81.73999786376953,105.91000366210938,2324.5,8.675333023071289,0.8967000246047974,79.5
2024-06-28,2797.820068359375,5460.47998046875,1386.949951171875,4.3429999351501465,12.4399995803833,4.390500068664551,40.68436050415039,81.54000091552734,105.87000274658203,2327.699951171875,8.631349563598633,0.8985199928283691,79.4800033569336
2024-07-01,2804.31005859375,5475.08984375,1380.2900390625,4.479000091552734,12.220000267028809,4.426499843597412,40.779884338378906,83.37999725341797,105.9000015258789,2327.60009765625,8.578397750854492,0.9002000093460083,76.05000305175781
2024-07-02,2780.860107421875,5509.009765625,1383.4200439453125,4.435999870300293,12.029999732971191,4.429500102996826,40.90407180786133,82.80999755859375,105.72000122070312,2323.0,8.553985595703125,0.9031599760055542,77.05999755859375
2024-07-03,2794.010009765625,5537.02001953125,1383.4200439453125,4.355000019073486,12.09000015258789,4.540999889373779,41.505882263183594,83.87999725341797,105.4000015258789,2359.800048828125,8.565909385681152,0.903689980506897,78.06999969482422
2024-07-04,2824.93994140625,5537.02001953125,1385.77001953125,4.355000019073486,12.09000015258789,4.540999889373779,41.505882263183594,83.87999725341797,105.4000015258789,2359.800048828125,8.578728675842285,0.9007599949836731,78.06999969482422
2024-07-05,2862.22998046875,5567.18994140625,1380.25,4.271999835968018,12.479999542236328,4.6585001945495605,41.677825927734375,83.16000366210938,104.87999725341797,2388.5,8.553854942321777,0.9002500176429749,78.80000305175781
2024-07-08,2857.760009765625,5572.85009765625,1376.5699462890625,4.269000053405762,12.369999885559082,4.622000217437744,41.6873779296875,82.33000183105469,105.01000213623047,2355.199951171875,8.569364547729492,0.8952299952507019,78.58999633789062
2024-07-09,2867.3798828125,5576.97998046875,1382.75,4.300000190734863,12.510000228881836,4.578000068664551,41.85932540893555,81.41000366210938,105.12000274658203,2360.10009765625,8.596358299255371,0.8978099822998047,78.58000183105469
2024-07-10,2867.989990234375,5633.91015625,1382.4200439453125,4.28000020980835,12.850000381469727,4.607500076293945,42.09813690185547,82.0999984741211,105.05000305175781,2372.199951171875,8.570161819458008,0.8974000215530396,83.41000366210938
2024-07-11,2891.35009765625,5584.5400390625,1382.989990234375,4.192999839782715,12.920000076293945,4.508500099182129,42.34651184082031,82.62000274658203,104.44000244140625,2415.0,8.557629585266113,0.8992000222206116,84.47000122070312
2024-07-12,2857.0,5615.35009765625,1371.27001953125,4.189000129699707,12.460000038146973,4.598499774932861,42.51845169067383,82.20999908447266,104.08999633789062,2414.0,8.67025375366211,0.8960300087928772,81.61000061035156
2024-07-15,2860.919921875,5631.22021484375,1374.1099853515625,4.229000091552734,13.119999885559082,4.5289998054504395,42.069480895996094,81.91000366210938,104.19000244140625,2422.89990234375,8.679485321044922,0.8968899846076965,83.86000061035156
2024-07-16,2866.090087890625,5667.2001953125,1383.68994140625,4.166999816894531,13.1899995803833,4.443999767303467,42.30829620361328,80.76000213623047,104.2699966430664,2462.39990234375,8.749446868896484,0.8954700231552124,82.4000015258789
2024-07-17,2843.2900390625,5588.27001953125,1382.6400146484375,4.145999908447266,14.479999542236328,4.39900016784668,41.62051010131836,82.8499984741211,103.75,2454.800048828125,8.731158256530762,0.8932200074195862,88.27999877929688
2024-07-18,2824.35009765625,5544.58984375,1378.6500244140625,4.189000129699707,15.930000305175781,4.265999794006348,41.22885513305664,82.81999969482422,104.16999816894531,2451.800048828125,8.855778694152832,0.8823500275611877,94.70999908447266
2024-07-19,2795.4599609375,5505.0,1385.239990234375,4.238999843597412,16.520000457763672,4.218999862670898,40.82765197753906,80.12999725341797,104.4000015258789,2395.5,8.815296173095703,0.8873000144958496,97.93000030517578
2024-07-22,2763.510009765625,5564.41015625,1388.81005859375,4.260000228881836,14.90999984741211,4.180500030517578,41.171539306640625,79.77999877929688,104.30999755859375,2392.0,8.822265625,0.8880100250244141,93.66000366210938
2024-07-23,2774.2900390625,5555.740234375,1387.0999755859375,4.238999843597412,14.720000267028809,4.145999908447266,40.80854415893555,76.95999908447266,104.44999694824219,2404.60009765625,8.839929580688477,0.8895000219345093,88.51000213623047
2024-07-24,2758.7099609375,5427.1298828125,1384.5699462890625,4.285999774932861,18.040000915527344,4.098999977111816,40.216285705566406,77.58999633789062,104.38999938964844,2413.300048828125,8.889494895935059,0.8915200233459473,106.12000274658203
2024-07-25,2710.64990234375,5399.22021484375,1382.6500244140625,4.25600004196167,18.459999084472656,4.112500190734863,40.053890228271484,78.27999877929688,104.36000061035156,2351.89990234375,8.98542308807373,0.8850200176239014,104.37999725341797
2024-07-26,2731.89990234375,5459.10009765625,1381.4300537109375,4.199999809265137,16.389999389648438,4.104499816894531,40.46464920043945,77.16000366210938,104.31999969482422,2380.0,8.99776840209961,0.8806399703025818,94.61000061035156
2024-07-29,2765.530029296875,5463.5400390625,1382.0899658203125,4.177999973297119,16.600000381469727,4.061999797821045,40.33091735839844,75.80999755859375,104.55999755859375,2377.300048828125,8.966052055358887,0.8842999935150146,93.51000213623047
2024-07-30,2738.18994140625,5436.43994140625,1381.3599853515625,4.14300012588501,17.690000534057617,4.063000202178955,40.149417877197266,74.7300033569336,104.55000305175781,2405.0,8.975229263305664,0.8860999941825867,99.97000122070312
2024-07-31,2770.68994140625,5522.2998046875,1383.5,4.109000205993652,16.360000610351562,4.159999847412109,41.028255462646484,77.91000366210938,104.0999984741211,2426.5,9.06467056274414,0.8820300102233887,94.25
2024-08-01,2777.679931640625,5446.68017578125,1367.9200439453125,3.9760000705718994,18.59000015258789,4.066500186920166,40.31180953979492,76.30999755859375,104.41999816894531,2435.0,9.134660720825195,0.8781399726867676,111.18000030517578
2024-08-02,2676.18994140625,5346.56005859375,1368.969970703125,3.7920000553131104,23.389999389648438,4.084000110626221,39.7386589050293,73.5199966430664,103.20999908447266,2425.699951171875,9.174325942993164,0.8729000091552734,136.80999755859375
2024-08-05,2441.550048828125,5186.330078125,1357.1700439453125,3.7850000858306885,38.56999969482422,3.9839999675750732,38.611454010009766,72.94000244140625,102.69000244140625,2401.699951171875,9.324776649475098,0.8561000227928162,173.32000732421875
2024-08-06,2522.14990234375,5240.02978515625,1367.4000244140625,3.888000011444092,27.709999084472656,4.011499881744385,38.8311653137207,73.19999694824219,102.97000122070312,2389.10009765625,9.380441665649414,0.8548300266265869,150.08999633789062
2024-08-07,2568.409912109375,5199.5,1370.31005859375,3.9679999351501465,27.850000381469727,3.9375,39.06998062133789,75.2300033569336,103.19999694824219,2390.5,9.438541412353516,0.8525500297546387,151.24000549316406
2024-08-08,2556.72998046875,5319.31005859375,1375.3299560546875,3.996999979019165,23.790000915527344,3.944999933242798,39.958370208740234,76.19000244140625,103.20999908447266,2422.199951171875,9.414233207702637,0.8592699766159058,134.33999633789062
2024-08-09,2588.429931640625,5344.16015625,1373.760009765625,3.941999912261963,20.3700008392334,3.9800000190734863,40.17808151245117,76.83999633789062,103.13999938964844,2432.10009765625,9.304606437683105,0.8668500185012817,114.62999725341797
2024-08-12,2618.300048828125,5344.39013671875,1363.8399658203125,3.9089999198913574,20.709999084472656,4.054999828338623,40.31180953979492,80.05999755859375,103.13999938964844,2462.39990234375,9.27353286743164,0.8650400042533875,121.94000244140625
2024-08-13,2621.5,5434.43017578125,1369.5400390625,3.8519999980926514,18.1200008392334,4.035999774932861,40.760780334472656,78.3499984741211,102.55999755859375,2466.699951171875,9.31688404083252,0.8647300004959106,113.88999938964844
2024-08-14,2644.5,5455.2099609375,1362.1700439453125,3.819999933242798,16.190000534057617,4.025000095367432,40.541072845458984,76.9800033569336,102.56999969482422,2439.39990234375,9.269993782043457,0.8650500178337097,107.80999755859375
2024-08-15,2644.5,5543.22021484375,1355.7099609375,3.9260001182556152,15.229999542236328,4.138999938964844,40.99004364013672,78.16000366210938,102.9800033569336,2453.10009765625,9.205140113830566,0.8648059964179993,105.41999816894531
2024-08-16,2697.22998046875,5554.25,1363.510009765625,3.8919999599456787,14.800000190734863,4.127500057220459,41.46767044067383,76.6500015258789,102.45999908447266,2498.60009765625,9.138501167297363,0.8724899888038635,103.41999816894531
2024-08-19,2674.360107421875,5608.25,1348.97998046875,3.867000102996826,14.649999618530273,4.166500091552734,41.8688850402832,74.37000274658203,101.88999938964844,2501.800048828125,9.117748260498047,0.867579996585846,98.81999969482422
2024-08-20,2696.6298828125,5597.1201171875,1330.8800048828125,3.818000078201294,15.880000114440918,4.149499893188477,41.54409408569336,74.04000091552734,101.44000244140625,2511.300048828125,9.072275161743164,0.8623700141906738,101.73999786376953
2024-08-21,2701.1298828125,5620.85009765625,1327.5799560546875,3.7780001163482666,16.270000457763672,4.18149995803833,41.706485748291016,71.93000030517578,101.04000091552734,2508.39990234375,9.13659954071045,0.8535599708557129,106.72000122070312
2024-08-22,2707.669921875,5570.64013671875,1333.6600341796875,3.861999988555908,17.549999237060547,4.140999794006348,41.190643310546875,73.01000213623047,101.51000213623047,2478.89990234375,9.189669609069824,0.8511000275611877,112.52999877929688
2024-08-23,2701.68994140625,5634.60986328125,1339.5400390625,3.806999921798706,15.859999656677246,4.194499969482422,41.87843322753906,74.83000183105469,100.72000122070312,2508.39990234375,9.162788391113281,0.8517000079154968,99.22000122070312
2024-08-26,2698.010009765625,5616.83984375,1323.8800048828125,3.818000078201294,16.149999618530273,4.21150016784668,41.52499008178711,77.41999816894531,100.8499984741211,2517.699951171875,9.195878028869629,0.847320020198822,100.68000030517578
2024-08-27,2689.25,5625.7998046875,1326.6400146484375,3.8329999446868896,15.430000305175781,4.230500221252441,41.582298278808594,75.52999877929688,100.55000305175781,2516.0,9.181154251098633,0.847100019454956,93.44999694824219
2024-08-28,2689.830078125,5592.18017578125,1326.3599853515625,3.8410000801086426,17.110000610351562,4.144999980926514,41.32438278198242,74.5199966430664,101.08999633789062,2501.0,9.211984634399414,0.8417199850082397,106.31999969482422
2024-08-29,2662.280029296875,5591.9599609375,1336.68994140625,3.867000102996826,15.649999618530273,4.147500038146973,41.34348678588867,75.91000366210938,101.33999633789062,2525.699951171875,9.253844261169434,0.8418200016021729,97.08000183105469
2024-08-30,2674.31005859375,5648.39990234375,1332.8800048828125,3.9110000133514404,15.0,4.144999980926514,41.42945861816406,73.55000305175781,101.69999694824219,2493.800048828125,9.198555946350098,0.8469399809837341,93.7300033569336
2024-09-02,2681.0,5648.39990234375,1336.5799560546875,3.9110000133514404,15.0,4.144999980926514,41.42945861816406,73.55000305175781,101.69999694824219,2493.800048828125,9.129582405090332,0.8504999876022339,93.7300033569336
2024-09-03,2664.6298828125,5528.93017578125,1337.550048828125,3.8440001010894775,20.719999313354492,4.0320000648498535,40.607940673828125,70.33999633789062,101.83000183105469,2489.89990234375,9.11594009399414,0.8513699769973755,129.7899932861328
2024-09-04,2580.800048828125,5520.06982421875,1340.4100341796875,3.7679998874664307,21.31999969482422,4.019499778747559,40.598388671875,69.19999694824219,101.36000061035156,2493.39990234375,9.221068382263184,0.8499299883842468,123.47000122070312
2024-09-05,2575.5,5503.41015625,1331.010009765625,3.7309999465942383,19.899999618530273,4.077499866485596,40.655704498291016,69.1500015258789,101.11000061035156,2511.39990234375,9.309722900390625,0.8460400104522705,115.01000213623047
2024-09-06,2544.280029296875,5408.419921875,1332.7900390625,3.7100000381469727,22.3799991607666,4.014500141143799,39.91060256958008,67.66999816894531,101.18000030517578,2493.5,9.29176139831543,0.8438100218772888,119.33000183105469
2024-09-09,2535.929931640625,5471.0498046875,1337.77001953125,3.697000026702881,19.450000762939453,4.084499835968018,40.24494552612305,68.70999908447266,101.55000305175781,2501.800048828125,9.390067100524902,0.843940019607544,110.8499984741211
2024-09-10,2523.429931640625,5495.52001953125,1341.27001953125,3.6459999084472656,19.079999923706055,4.040500164031982,40.092105865478516,65.75,101.62999725341797,2512.300048828125,9.370678901672363,0.8494499921798706,107.19999694824219
2024-09-11,2513.3701171875,5554.1298828125,1343.3399658203125,3.6530001163482666,17.690000534057617,4.083000183105469,40.38823318481445,67.30999755859375,101.68000030517578,2512.10009765625,9.442877769470215,0.8466200232505798,102.9000015258789
2024-09-12,2572.090087890625,5595.759765625,1339.1800537109375,3.680000066757202,17.06999969482422,4.132999897003174,40.72256851196289,68.97000122070312,101.37000274658203,2551.199951171875,9.388957977294922,0.8525999784469604,103.94000244140625
2024-09-13,2575.409912109375,5626.02001953125,1335.68994140625,3.6500000953674316,16.559999465942383,4.175000190734863,40.91362380981445,68.6500015258789,101.11000061035156,2581.300048828125,9.43853759765625,0.8498799800872803,101.87999725341797
2024-09-16,2575.409912109375,5633.08984375,1329.510009765625,3.621000051498413,17.139999389648438,4.2129998207092285,41.047359466552734,70.08999633789062,100.76000213623047,2580.39990234375,9.443246841430664,0.8476999998092651,106.66999816894531
2024-09-17,2575.409912109375,5634.580078125,1319.1099853515625,3.6419999599456787,17.610000610351562,4.213500022888184,41.09511947631836,71.19000244140625,100.88999938964844,2564.300048828125,9.368578910827637,0.8445799946784973,107.19000244140625
2024-09-18,2575.409912109375,5618.259765625,1322.9300537109375,3.684999942779541,18.229999542236328,4.23799991607666,40.95183181762695,70.91000366210938,100.5999984741211,2570.699951171875,9.314505577087402,0.8463299870491028,105.43000030517578
2024-09-19,2580.800048828125,5713.64013671875,1322.260009765625,3.740000009536743,16.329999923706055,4.285999774932861,41.82111740112305,71.94999694824219,100.61000061035156,2588.0,9.266986846923828,0.8472999930381775,97.45999908447266
2024-09-20,2593.3701171875,5702.5498046875,1327.6099853515625,3.7279999256134033,16.149999618530273,4.281499862670898,41.735145568847656,71.91999816894531,100.72000122070312,2619.89990234375,9.291587829589844,0.8477799892425537,94.2699966430664
2024-09-23,2602.010009765625,5718.56982421875,1331.5,3.739000082015991,15.890000343322754,4.289000034332275,42.05992889404297,70.37000274658203,100.91999816894531,2626.5,9.245340347290039,0.8508999943733215,94.41000366210938
2024-09-24,2631.679931640625,5732.93017578125,1333.6199951171875,3.7360000610351562,15.390000343322754,4.429500102996826,43.49281311035156,71.55999755859375,100.37000274658203,2651.199951171875,9.285785675048828,0.847320020198822,90.93000030517578
2024-09-25,2596.320068359375,5722.259765625,1324.8900146484375,3.7809998989105225,15.40999984741211,4.427999973297119,43.0342903137207,69.69000244140625,100.91999816894531,2659.199951171875,9.266908645629883,0.841509997844696,90.4800033569336
2024-09-26,2671.570068359375,5745.3701171875,1335.050048828125,3.7909998893737793,15.369999885559082,4.580999851226807,44.61046600341797,67.66999816894531,100.55999755859375,2669.89990234375,9.221789360046387,0.850570023059845,89.86000061035156
2024-09-27,2649.780029296875,5738.169921875,1313.300048828125,3.749000072479248,16.959999084472656,4.540999889373779,44.52449035644531,68.18000030517578,100.41999816894531,2644.300048828125,9.051935195922852,0.8462399840354919,101.33999633789062
2024-09-30,2593.27001953125,5762.47998046875,1309.300048828125,3.802000045776367,16.729999542236328,4.495999813079834,43.808048248291016,68.16999816894531,100.77999877929688,2636.10009765625,9.168414115905762,0.840499997138977,99.33999633789062
2024-10-01,2593.27001953125,5708.75,1315.3299560546875,3.743000030517578,19.260000228881836,4.5355000495910645,44.123287200927734,69.83000183105469,101.19000244140625,2667.300048828125,9.1535062789917,0.8453099727630615,110.13999938964844
2024-10-02,2561.68994140625,5709.5400390625,1324.8399658203125,3.7850000858306885,18.899999618530273,4.5960001945495605,44.9925651550293,70.0999984741211,101.68000030517578,2647.10009765625,9.216694831848145,0.846340000629425,107.97000122070312
2024-10-03,2561.68994140625,5699.93994140625,1324.030029296875,3.8499999046325684,20.489999771118164,4.501999855041504,44.45762252807617,73.70999908447266,101.98999786376953,2657.10009765625,9.032353401184082,0.8499100208282471,115.63999938964844
2024-10-04,2569.7099609375,5751.06982421875,1334.4100341796875,3.9809999465942383,19.209999084472656,4.522500038146973,44.86838150024414,74.37999725341797,102.5199966430664,2645.800048828125,9.087448120117188,0.8518099784851074,110.62999725341797
2024-10-07,2610.3798828125,5695.93994140625,1345.8800048828125,4.026000022888184,22.639999389648438,4.519000053405762,45.24093246459961,77.13999938964844,102.54000091552734,2644.800048828125,9.041945457458496,0.8586900234222412,122.58000183105469
2024-10-08,2594.360107421875,5751.1298828125,1342.3699951171875,4.0329999923706055,21.420000076293945,4.4120001792907715,44.123287200927734,73.56999969482422,102.55000305175781,2615.0,9.063064575195312,0.8545799851417542,114.81999969482422
2024-10-09,2594.360107421875,5792.0400390625,1341.31005859375,4.066999912261963,20.860000610351562,4.355000019073486,43.88447189331055,73.23999786376953,102.93000030517578,2606.0,9.053210258483887,0.8574000000953674,119.36000061035156
2024-10-10,2599.159912109375,5780.0498046875,1343.02001953125,4.0960001945495605,20.93000030517578,4.385000228881836,43.97044372558594,75.8499984741211,102.98999786376953,2620.60009765625,9.003525733947754,0.8604699969291687,117.43000030517578
2024-10-11,2596.909912109375,5815.02978515625,1349.739990234375,4.072999954223633,20.459999084472656,4.451499938964844,44.285675048828125,75.55999755859375,102.88999938964844,2657.60009765625,9.075986862182617,0.8565499782562256,113.98999786376953
2024-10-14,2623.2900390625,5859.85009765625,1348.3299560546875,4.0980000495910645,19.700000762939453,4.363500118255615,44.10417556762695,73.83000183105469,103.30000305175781,2647.800048828125,9.02792739868164,0.858299970626831,107.22000122070312
2024-10-15,2633.449951171875,5815.259765625,1357.27001953125,4.038000106811523,20.639999389648438,4.30049991607666,43.168025970458984,70.58000183105469,103.26000213623047,2661.39990234375,9.0675687789917,0.8621000051498413,112.9000015258789
2024-10-16,2610.360107421875,5842.47021484375,1363.1800537109375,4.015999794006348,19.579999923706055,4.331500053405762,43.50236892700195,70.38999938964844,103.58999633789062,2674.0,9.143950462341309,0.8625400066375732,111.62000274658203
2024-10-17,2609.300048828125,5841.47021484375,1364.199951171875,4.0960001945495605,19.110000610351562,4.286499977111816,43.43550109863281,70.66999816894531,103.83000183105469,2691.0,9.120264053344727,0.8652999997138977,105.88999938964844
2024-10-18,2593.820068359375,5864.669921875,1370.050048828125,4.072999954223633,18.030000686645508,4.3460001945495605,43.865360260009766,69.22000122070312,103.48999786376953,2713.699951171875,9.126243591308594,0.8659300208091736,100.94999694824219
2024-10-21,2604.919921875,5853.97998046875,1369.010009765625,4.182000160217285,18.3700008392334,4.322999954223633,43.5596809387207,70.55999755859375,104.01000213623047,2723.10009765625,9.150769233703613,0.8649299740791321,102.95999908447266
2024-10-22,2570.699951171875,5851.2001953125,1376.5,4.203999996185303,18.200000762939453,4.3480000495910645,43.46415710449219,72.08999633789062,104.08000183105469,2744.199951171875,9.138771057128906,0.8654099702835083,100.5
2024-10-23,2599.6201171875,5797.419921875,1376.6300048828125,4.242000102996826,19.239999771118164,4.304500102996826,43.20623779296875,70.7699966430664,104.43000030517578,2714.39990234375,9.108160018920898,0.8655300140380859,108.11000061035156
2024-10-24,2581.030029296875,5809.85986328125,1377.3399658203125,4.199999809265137,19.079999923706055,4.319499969482422,43.13936996459961,70.19000244140625,104.05999755859375,2734.89990234375,9.015243530273438,0.8667399883270264,109.83999633789062
2024-10-25,2583.27001953125,5808.1201171875,1376.3199462890625,4.23199987411499,20.329999923706055,4.3394999504089355,43.101158142089844,71.77999877929688,104.26000213623047,2740.89990234375,9.074894905090332,0.8658699989318848,117.5
2024-10-28,2612.429931640625,5823.52001953125,1387.6600341796875,4.2779998779296875,19.799999237060547,4.331999778747559,43.292213439941406,67.37999725341797,104.31999969482422,2742.89990234375,9.071908950805664,0.8684599995613098,112.2300033569336
2024-10-29,2617.800048828125,5832.919921875,1381.969970703125,4.27400016784668,19.34000015258789,4.332499980926514,43.158477783203125,67.20999908447266,104.27999877929688,2768.39990234375,9.021810531616211,0.8648599982261658,108.69999694824219
2024-10-30,2593.7900390625,5813.669921875,1383.1800537109375,4.265999794006348,20.350000381469727,4.327499866485596,42.738162994384766,68.61000061035156,103.98999786376953,2788.5,9.02379035949707,0.8672199845314026,112.7699966430664
2024-10-31,2556.14990234375,5705.4501953125,1378.5699462890625,4.283999919891357,23.15999984741211,4.313499927520752,42.46113586425781,69.26000213623047,103.9800033569336,2738.300048828125,8.993828773498535,0.8662999868392944,121.88999938964844
2024-11-01,2542.360107421875,5728.7998046875,1372.9300537109375,4.361000061035156,21.8799991607666,4.347499847412109,42.49934768676758,69.48999786376953,104.27999877929688,2738.60009765625,9.03707218170166,0.86353999376297,119.12000274658203
2024-11-04,2588.969970703125,5712.68994140625,1379.3399658203125,4.309000015258789,21.979999542236328,4.4070000648498535,42.738162994384766,71.47000122070312,103.88999938964844,2736.10009765625,9.056801795959473,0.8676000237464905,121.80000305175781
2024-11-05,2576.8798828125,5782.759765625,1372.8599853515625,4.289000034332275,20.489999771118164,4.450500011444092,43.320865631103516,71.98999786376953,103.41999816894531,2740.300048828125,9.031940460205078,0.8641700148582458,114.31999969482422
2024-11-06,2563.510009765625,5929.0400390625,1378.0,4.426000118255615,16.270000457763672,4.222499847412109,42.78592300415039,71.69000244140625,105.08999633789062,2667.60009765625,9.099252700805664,0.8624100089073181,97.23999786376953
2024-11-07,2564.6298828125,5973.10009765625,1399.800048828125,4.341000080108643,15.199999809265137,4.409999847412109,43.73162841796875,72.36000061035156,104.51000213623047,2698.39990234375,9.070850372314453,0.8756999969482422,88.5999984741211
2024-11-08,2561.14990234375,5995.5400390625,1372.0799560546875,4.306000232696533,14.9399995803833,4.286499977111816,42.65218734741211,70.37999725341797,105.0,2687.5,8.957071304321289,0.8727800250053406,87.76000213623047
2024-11-11,2531.659912109375,6001.35009765625,1397.199951171875,4.308000087738037,14.970000267028809,4.210999965667725,42.3274040222168,68.04000091552734,105.54000091552734,2611.199951171875,9.138051986694336,0.8759999871253967,90.7300033569336
2024-11-12,2482.570068359375,5983.990234375,1400.550048828125,4.432000160217285,14.710000038146973,4.119500160217285,41.52499008178711,68.12000274658203,106.0199966430664,2600.0,9.124520301818848,0.8802700042724609,89.44999694824219
2024-11-13,2417.080078125,5985.3798828125,1406.6500244140625,4.451000213623047,14.020000457763672,4.065999984741211,41.257511138916016,68.43000030517578,106.4800033569336,2580.800048828125,9.095641136169434,0.8821600079536438,91.76000213623047
2024-11-14,2418.860107421875,5949.169921875,1399.0,4.418000221252441,14.3100004196167,4.072999954223633,41.028255462646484,68.69999694824219,106.66999816894531,2568.199951171875,8.999563217163086,0.8857700228691101,90.43000030517578
2024-11-15,2416.860107421875,5870.6201171875,1400.8299560546875,4.427999973297119,16.139999389648438,4.051000118255615,41.028255462646484,67.0199966430664,106.69000244140625,2565.699951171875,8.9700345993042,0.8904399871826172,98.93000030517578
2024-11-18,2469.070068359375,5893.6201171875,1394.3499755859375,4.414000034332275,15.579999923706055,4.107999801635742,41.49633026123047,69.16000366210938,106.27999877929688,2610.60009765625,9.017602920532227,0.888670027256012,93.80999755859375
2024-11-19,2471.949951171875,5916.97998046875,1389.5,4.379000186920166,16.350000381469727,4.130000114440918,41.46767044067383,69.38999938964844,106.20999908447266,2627.10009765625,8.986721992492676,0.8831999897956848,97.37000274658203
2024-11-20,2482.2900390625,5917.10986328125,1392.1600341796875,4.406000137329102,17.15999984741211,4.143499851226807,41.4199104309082,68.87000274658203,106.68000030517578,2648.199951171875,8.997640609741211,0.882070004940033,102.19999694824219
2024-11-21,2480.6298828125,5948.7099609375,1397.6199951171875,4.432000160217285,16.8700008392334,4.11299991607666,41.33393478393555,70.0999984741211,106.97000122070312,2672.10009765625,8.999833106994629,0.883650004863739,101.30000305175781
2024-11-22,2501.239990234375,5969.33984375,1399.5999755859375,4.409999847412109,15.239999771118164,4.073999881744385,41.34348678588867,71.23999786376953,107.48999786376953,2709.89990234375,9.078289985656738,0.886900007724762,95.12999725341797
2024-11-25,2534.340087890625,5987.3701171875,1403.510009765625,4.264999866485596,14.600000381469727,4.0914998054504395,41.37214660644531,68.94000244140625,106.81999969482422,2616.800048828125,9.103894233703613,0.890470027923584,88.79000091552734
2024-11-26,2520.360107421875,6021.6298828125,1395.56005859375,4.302000045776367,14.100000381469727,4.039000034332275,41.200199127197266,68.7699966430664,107.01000213623047,2620.300048828125,9.040708541870117,0.8888000249862671,87.70999908447266
2024-11-27,2503.06005859375,5998.740234375,1395.27001953125,4.242000102996826,14.100000381469727,4.066999912261963,41.257511138916016,68.72000122070312,106.08000183105469,2639.89990234375,9.118816375732422,0.8862699866294861,88.36000061035156
2024-11-28,2504.669921875,5998.740234375,1388.469970703125,4.242000102996826,14.100000381469727,4.066999912261963,41.257511138916016,68.72000122070312,106.08000183105469,2639.89990234375,9.190971374511719,0.8820000290870667,88.36000061035156
2024-11-29,2455.909912109375,6032.3798828125,1393.300048828125,4.177999973297119,13.510000228881836,4.08050012588501,41.32438278198242,68.0,105.73999786376953,2657.0,9.215861320495605,0.8823400139808655,86.31999969482422
2024-12-02,2454.47998046875,6047.14990234375,1399.8599853515625,4.196000099182129,13.34000015258789,4.075500011444092,41.486778259277344,68.0999984741211,106.44999694824219,2634.89990234375,9.304523468017578,0.8820269703865051,87.11000061035156
2024-12-03,2500.10009765625,6049.8798828125,1401.06005859375,4.2230000495910645,13.300000190734863,4.145999908447266,41.57274627685547,69.94000244140625,106.37000274658203,2644.699951171875,9.367128372192383,0.8862800002098083,86.43000030517578
2024-12-04,2464.0,6086.490234375,1411.6700439453125,4.179999828338623,13.449999809265137,4.142000198364258,41.677825927734375,68.54000091552734,106.33999633789062,2653.800048828125,9.454005241394043,0.8863999843597412,86.4800033569336
2024-12-05,2441.85009765625,6075.10986328125,1410.800048828125,4.179999828338623,13.539999961853027,4.135000228881836,41.95485305786133,68.30000305175781,105.70999908447266,2626.60009765625,9.368701934814453,0.8837500214576721,86.94999694824219
2024-12-06,2428.159912109375,6090.27001953125,1399.989990234375,4.151000022888184,12.770000457763672,4.138500213623047,41.88798522949219,67.19999694824219,105.97000122070312,2638.60009765625,9.406595230102539,0.8784199953079224,87.37999725341797
2024-12-09,2360.580078125,6052.85009765625,1424.219970703125,4.198999881744385,14.1899995803833,4.223499774932861,42.74771499633789,68.37000274658203,106.1500015258789,2664.89990234375,9.49869441986084,0.8786699771881104,93.83999633789062
2024-12-10,2417.840087890625,6034.91015625,1426.5999755859375,4.2210001945495605,14.180000305175781,4.223499774932861,42.05992889404297,68.58999633789062,106.4000015258789,2697.60009765625,9.421414375305176,0.8785899877548218,94.3499984741211
2024-12-11,2442.510009765625,6084.18994140625,1433.949951171875,4.270999908447266,13.579999923706055,4.214000225067139,42.231876373291016,70.29000091552734,106.70999908447266,2733.800048828125,9.444289207458496,0.8824999928474426,98.12000274658203
2024-12-12,2482.1201171875,6051.25,1429.1500244140625,4.323999881744385,13.920000076293945,4.195000171661377,42.02172088623047,70.0199966430664,106.95999908447266,2687.5,9.37878704071045,0.8832100033760071,99.43000030517578
2024-12-13,2494.4599609375,6051.08984375,1427.8599853515625,4.39900016784668,13.8100004196167,4.14900016784668,42.05992889404297,71.29000091552734,107.0,2656.0,9.364242553710938,0.892009973526001,96.5
2024-12-16,2488.969970703125,6074.080078125,1434.449951171875,4.396999835968018,14.6899995803833,4.143499851226807,41.83066940307617,70.70999908447266,106.86000061035156,2651.39990234375,9.346311569213867,0.8917440176010132,98.3499984741211
2024-12-17,2456.81005859375,6050.60986328125,1431.3499755859375,4.385000228881836,15.869999885559082,4.0914998054504395,41.73061752319336,70.08000183105469,106.95999908447266,2644.39990234375,9.287785530090332,0.8940399885177612,100.7300033569336
2024-12-18,2484.429931640625,5872.16015625,1436.4200439453125,4.49399995803833,27.6200008392334,4.099999904632568,40.75923538208008,70.58000183105469,108.02999877929688,2636.5,9.340374946594238,0.8924800157546997,129.7899932861328
2024-12-19,2435.929931640625,5867.080078125,1451.5,4.570000171661377,24.09000015258789,4.020500183105469,40.895225524902344,69.91000366210938,108.41000366210938,2592.199951171875,9.381312370300293,0.9017000198364258,136.2899932861328
2024-12-20,2404.14990234375,5930.85009765625,1437.449951171875,4.52400016784668,18.360000610351562,4.040999889373779,41.060359954833984,69.45999908447266,107.62000274658203,2628.699951171875,9.116942405700684,0.8989899754524231,114.01000213623047
2024-12-23,2442.010009765625,5974.06982421875,1445.4200439453125,4.598999977111816,16.780000686645508,4.0229997634887695,41.293495178222656,69.23999786376953,108.04000091552734,2612.300048828125,9.23132038116455,0.8930500149726868,102.33999633789062
2024-12-24,2440.52001953125,6040.0400390625,1442.699951171875,4.591000080108643,14.270000457763672,4.049499988555908,41.41977310180664,70.0999984741211,108.26000213623047,2620.0,9.178648948669434,0.8984699845314026,91.05000305175781
2024-12-25,2440.52001953125,6040.0400390625,1453.4200439453125,4.591000080108643,14.270000457763672,4.049499988555908,41.41977310180664,70.0999984741211,108.26000213623047,2620.0,9.251875877380371,0.9003000259399414,91.05000305175781
2024-12-26,2429.669921875,6037.58984375,1457.6099853515625,4.578999996185303,14.729999542236328,4.072000026702881,41.274070739746094,69.62000274658203,108.12999725341797,2638.800048828125,9.273921012878418,0.8994200229644775,92.7699966430664
2024-12-27,2404.77001953125,5970.83984375,1466.989990234375,4.61899995803833,15.949999809265137,4.0625,41.08950424194336,70.5999984741211,108.0,2617.199951171875,9.292139053344727,0.8988999724388123,98.80999755859375
2024-12-30,2399.489990234375,5906.93994140625,1472.800048828125,4.545000076293945,17.399999618530273,4.045499801635742,40.75923538208008,70.98999786376953,108.12999725341797,2606.10009765625,9.32851505279541,0.9018399715423584,103.05000305175781
2024-12-31,2399.489990234375,5881.6298828125,1467.3900146484375,4.572999954223633,17.350000381469727,3.9860000610351562,40.62323760986328,71.72000122070312,108.48999786376953,2629.199951171875,9.3573579788208,0.9032400250434875,104.33000183105469
2025-01-02,2398.93994140625,5868.5498046875,1473.52001953125,4.574999809265137,17.93000030517578,3.9885001182556152,40.56495666503906,73.12999725341797,109.38999938964844,2658.89990234375,9.327871322631836,0.9077500104904175,106.58999633789062
2025-01-03,2441.919921875,5942.47021484375,1471.6500244140625,4.5960001945495605,16.1299991607666,4.0395002365112305,40.94379806518555,73.95999908447266,108.94999694824219,2645.0,9.3516263961792,0.9120100140571594,94.36000061035156
2025-01-06,2488.639892578125,5975.3798828125,1465.530029296875,4.618000030517578,16.040000915527344,4.126999855041504,41.08950424194336,73.55999755859375,108.26000213623047,2638.39990234375,9.316912651062012,0.909309983253479,95.88999938964844
2025-01-07,2492.10009765625,5909.02978515625,1459.449951171875,4.683000087738037,17.81999969482422,4.1605000495910645,40.79808807373047,74.25,108.54000091552734,2656.699951171875,9.265009880065918,0.9050400257110596,106.37000274658203
2025-01-08,2521.050048828125,5918.25,1451.8800048828125,4.692999839782715,17.700000762939453,4.227499961853027,40.60380935668945,73.31999969482422,109.08999633789062,2664.5,9.161236763000488,0.9094499945640564,103.93000030517578
2025-01-09,2521.89990234375,5918.25,1457.969970703125,4.692999839782715,17.700000762939453,4.2795000076293945,40.60380935668945,73.91999816894531,109.18000030517578,2683.800048828125,9.214362144470215,0.9109500050544739,103.93000030517578
2025-01-10,2515.780029296875,5827.0400390625,1455.22998046875,4.776000022888184,19.540000915527344,4.274499893188477,39.91413116455078,76.56999969482422,109.6500015258789,2708.5,9.222174644470215,0.9120699763298035,115.48999786376953
2025-01-13,2489.56005859375,5836.22021484375,1472.25,4.802999973297119,19.190000534057617,4.295499801635742,39.64214324951172,78.81999969482422,109.95999908447266,2673.5,9.332548141479492,0.9167699813842773,110.94000244140625
2025-01-14,2497.39990234375,5842.91015625,1458.8900146484375,4.788000106811523,18.709999084472656,4.310500144958496,40.0889778137207,77.5,109.2699966430664,2677.5,9.289105415344238,0.9157800078392029,107.93000030517578
2025-01-15,2496.81005859375,5949.91015625,1460.43994140625,4.6529998779296875,16.1200008392334,4.359499931335449,40.613529205322266,80.04000091552734,109.08999633789062,2712.5,9.00765609741211,0.9124600291252136,97.79000091552734
2025-01-16,2527.489990234375,5937.33984375,1437.219970703125,4.605999946594238,16.600000381469727,4.4105000495910645,40.56495666503906,78.68000030517578,108.95999908447266,2746.39990234375,9.243947982788086,0.91211998462677,99.83999633789062
2025-01-17,2523.550048828125,5996.66015625,1453.3199462890625,4.609000205993652,15.970000267028809,4.337500095367432,40.8855094909668,77.87999725341797,109.3499984741211,2744.300048828125,9.35483169555664,0.9111700057983398,101.61000061035156
2025-01-20,2520.050048828125,5996.66015625,1457.3800048828125,4.609000205993652,15.970000267028809,4.337500095367432,40.8855094909668,77.87999725341797,109.3499984741211,2744.300048828125,9.322517395019531,0.9146000146865845,101.61000061035156
2025-01-21,2518.030029296875,6049.240234375,1435.530029296875,4.573999881744385,15.0600004196167,4.310999870300293,41.322635650634766,75.88999938964844,108.05999755859375,2755.0,9.247373580932617,0.906059980392456,98.26000213623047
2025-01-22,2547.06005859375,6086.3701171875,1425.7900390625,4.598999977111816,15.100000381469727,4.271500110626221,41.351776123046875,75.44000244140625,108.16999816894531,2767.60009765625,9.207915306091309,0.9067100286483765,100.55999755859375
2025-01-23,2515.489990234375,6118.7099609375,1434.3399658203125,4.638000011444092,15.020000457763672,4.299499988555908,41.44891357421875,74.62000274658203,108.05000305175781,2763.10009765625,9.168807983398438,0.9063100218772888,99.5199966430664
2025-01-24,2536.800048828125,6101.240234375,1433.9300537109375,4.625999927520752,14.850000381469727,4.289999961853027,41.72090530395508,74.66000366210938,107.44000244140625,2777.300048828125,9.181970596313477,0.9074900150299072,100.41000366210938
2025-01-27,2536.800048828125,6012.27978515625,1427.6300048828125,4.5279998779296875,17.899999618530273,4.203499794006348,40.96322250366211,73.16999816894531,107.33999633789062,2737.5,9.164810180664062,0.9068400263786316,110.30999755859375
2025-01-28,2536.800048828125,6067.7001953125,1417.9200439453125,4.551000118255615,16.40999984741211,4.2204999923706055,41.26435470581055,73.7699966430664,107.87000274658203,2766.800048828125,9.263148307800293,0.904009997844696,103.73999786376953
2025-01-29,2536.800048828125,6039.31005859375,1443.260009765625,4.554999828338623,16.559999465942383,4.257500171661377,41.274070739746094,72.62000274658203,108.0,2769.10009765625,9.279236793518066,0.9041299819946289,101.68000030517578
2025-01-30,2536.800048828125,6071.169921875,1443.3199462890625,4.51200008392334,15.84000015258789,4.288000106811523,41.97346115112305,72.7300033569336,107.80000305175781,2823.0,9.298516273498535,0.9062700271606445,98.31999969482422
2025-01-31,2517.3701171875,6040.52978515625,1441.6600341796875,4.568999767303467,16.43000030517578,4.26200008392334,41.49748611450195,72.52999877929688,108.37000274658203,2812.5,9.345649719238281,0.9093689918518066,101.5
2025-02-03,2453.949951171875,5994.56982421875,1456.780029296875,4.543000221252441,18.6200008392334,4.294000148773193,41.19635772705078,73.16000366210938,108.98999786376953,2833.89990234375,9.373323440551758,0.9152299761772156,109.01000213623047
2025-02-04,2481.68994140625,6037.8798828125,1459.050048828125,4.513000011444092,17.209999084472656,4.34250020980835,41.93460464477539,72.69999694824219,107.95999908447266,2853.300048828125,9.398369789123535,0.9116100072860718,100.87999725341797
2025-02-05,2509.27001953125,6061.47998046875,1450.1600341796875,4.421999931335449,15.770000457763672,4.434500217437744,41.827754974365234,71.02999877929688,107.58000183105469,2871.60009765625,9.409852981567383,0.905239999294281,97.29000091552734
2025-02-06,2536.75,6083.56982421875,1443.8900146484375,4.440000057220459,15.5,4.453499794006348,42.00260925292969,70.61000061035156,107.69000244140625,2856.0,9.461430549621582,0.9013299942016602,96.7699966430664
2025-02-07,2521.919921875,6025.990234375,1442.1500244140625,4.486999988555908,16.540000915527344,4.581500053405762,41.963748931884766,71.0,108.04000091552734,2867.300048828125,9.537429809570312,0.9050999879837036,101.48999786376953
2025-02-10,2521.27001953125,6066.43994140625,1450.6199951171875,4.493000030517578,15.8100004196167,4.700500011444092,42.468868255615234,72.31999969482422,108.31999969482422,2914.300048828125,9.577994346618652,0.9107400178909302,99.1500015258789
2025-02-11,2539.050048828125,6068.5,1453.2099609375,4.5370001792907715,16.020000457763672,4.5945000648498535,42.30373001098633,73.31999969482422,107.95999908447266,2912.5,9.573504447937012,0.911329984664917,99.81999969482422
2025-02-12,2548.389892578125,6051.97021484375,1450.75,4.63700008392334,15.890000343322754,4.697999954223633,42.536865234375,71.37000274658203,107.94000244140625,2909.0,9.497762680053711,0.9129899740219116,98.73999786376953
2025-02-13,2583.169921875,6115.06982421875,1452.1199951171875,4.525000095367432,15.100000381469727,4.769000053405762,42.8088493347168,71.29000091552734,107.30999755859375,2925.89990234375,9.414068222045898,0.9133999943733215,95.4800033569336
2025-02-14,2591.050048828125,6114.6298828125,1438.739990234375,4.4720001220703125,14.770000457763672,4.656499862670898,43.139122009277344,70.73999786376953,106.56999969482422,2883.60009765625,9.405136108398438,0.903249979019165,96.9000015258789
2025-02-17,2610.419921875,6114.6298828125,1432.5999755859375,4.4720001220703125,14.770000457763672,4.656499862670898,43.139122009277344,70.73999786376953,106.56999969482422,2883.60009765625,9.466383934020996,0.8998299837112427,96.9000015258789
2025-02-18,2626.81005859375,6129.580078125,1441.2900390625,4.544000148773193,15.350000381469727,4.585000038146973,43.411109924316406,71.8499984741211,107.05000305175781,2931.60009765625,9.51657485961914,0.9007200002670288,98.5
2025-02-19,2671.52001953125,6144.14990234375,1440.0799560546875,4.534999847412109,15.270000457763672,4.557000160217285,43.34311294555664,72.25,107.16999816894531,2919.39990234375,9.47447395324707,0.9035999774932861,95.55000305175781
2025-02-20,2654.06005859375,6117.52001953125,1439.97998046875,4.5,15.65999984741211,4.607999801635742,43.74137878417969,72.56999969482422,106.33999633789062,2940.0,9.521661758422852,0.9045600295066833,94.98999786376953
2025-02-21,2654.580078125,6013.1298828125,1431.699951171875,4.420000076293945,18.209999084472656,4.559999942779541,43.61509704589844,70.4000015258789,106.61000061035156,2937.60009765625,9.58149242401123,0.8980600237846375,105.70999908447266
2025-02-24,2645.27001953125,5983.25,1434.2900390625,4.39300012588501,18.979999542236328,4.517000198364258,42.944847106933594,70.69999694824219,106.5999984741211,2947.89990234375,9.586226463317871,0.8984500169754028,106.80000305175781
2025-02-25,2630.2900390625,5955.25,1428.6500244140625,4.297999858856201,19.43000030517578,4.486000061035156,42.9739875793457,68.93000030517578,106.30999755859375,2904.5,9.534153938293457,0.8973000049591064,108.47000122070312
2025-02-26,2641.090087890625,5956.06005859375,1429.5,4.249000072479248,19.100000381469727,4.541999816894531,43.401397705078125,68.62000274658203,106.41999816894531,2916.800048828125,9.58990478515625,0.8924000263214111,106.05000305175781
2025-02-27,2621.75,5861.56982421875,1434.4200439453125,4.284999847412109,21.1299991607666,4.579999923706055,42.55629348754883,70.3499984741211,107.23999786376953,2883.199951171875,9.636422157287598,0.8942999839782715,114.79000091552734
2025-02-28,2532.780029296875,5954.5,1449.8599853515625,4.230999946594238,19.6299991607666,4.514500141143799,41.97346115112305,69.76000213623047,107.61000061035156,2836.800048828125,9.664251327514648,0.8999199867248535,108.98999786376953
2025-03-03,2532.780029296875,5849.72021484375,1459.800048828125,4.179999828338623,22.780000686645508,4.576499938964844,41.604339599609375,68.37000274658203,106.75,2890.199951171875,9.682008743286133,0.9025700092315674,118.73999786376953
2025-03-04,2528.919921875,5778.14990234375,1457.9300537109375,4.210000038146973,23.510000228881836,4.527500152587891,41.95403289794922,68.26000213623047,105.73999786376953,2909.60009765625,9.762946128845215,0.8966000080108643,118.55999755859375
2025-03-05,2558.1298828125,5842.6298828125,1452.8499755859375,4.264999866485596,21.93000030517578,4.766499996185303,43.20711898803711,66.30999755859375,105.73999786376953,2915.300048828125,9.698469161987305,0.8896399736404419,109.62999725341797
2025-03-06,2576.159912109375,5738.52001953125,1443.030029296875,4.285999774932861,24.8700008392334,4.7789998054504395,42.93513107299805,66.36000061035156,104.05999755859375,2916.60009765625,9.691659927368164,0.89069002866745,120.81999969482422
2025-03-07,2563.47998046875,5770.2001953125,1446.5,4.316999912261963,23.3700008392334,4.683000087738037,43.148834228515625,67.04000091552734,103.83999633789062,2904.699951171875,9.770545959472656,0.8833199739456177,115.7300033569336
2025-03-10,2570.389892578125,5614.56005859375,1446.260009765625,4.2129998207092285,27.860000610351562,4.639500141143799,42.119171142578125,66.02999877929688,103.91000366210938,2891.0,9.809633255004883,0.8773400187492371,128.4600067138672
2025-03-11,2537.60009765625,5572.06982421875,1457.030029296875,4.288000106811523,26.920000076293945,4.739999771118164,42.468868255615234,66.25,103.44000244140625,2912.89990234375,9.908533096313477,0.8799800276756287,129.50999450683594
2025-03-12,2574.820068359375,5599.2998046875,1451.02001953125,4.317999839782715,24.229999542236328,4.821000099182129,42.70199966430664,67.68000030517578,103.61000061035156,2939.10009765625,9.802202224731445,0.8834400177001953,115.88999938964844
2025-03-13,2573.639892578125,5521.52001953125,1448.75,4.27400016784668,24.65999984741211,4.898499965667725,42.52715301513672,66.55000305175781,103.83000183105469,2984.300048828125,9.769906044006348,0.8817700147628784,112.88999938964844
2025-03-14,2566.360107421875,5638.93994140625,1453.22998046875,4.308000087738037,21.770000457763672,4.869500160217285,43.30426025390625,67.18000030517578,103.72000122070312,2994.5,9.813323020935059,0.8826199769973755,98.2300033569336
2025-03-17,2610.68994140625,5675.1201171875,1449.050048828125,4.306000232696533,20.510000228881836,4.933499813079834,44.04250717163086,67.58000183105469,103.37000274658203,3000.0,9.750295639038086,0.884090006351471,95.93000030517578
2025-03-18,2612.340087890625,5614.66015625,1442.489990234375,4.281000137329102,21.700000762939453,4.993000030517578,43.819091796875,66.9000015258789,103.23999786376953,3035.10009765625,9.650100708007812,0.881201982498169,99.68000030517578
2025-03-19,2628.6201171875,5675.2900390625,1448.93994140625,4.25600004196167,19.899999618530273,5.076000213623047,43.92594528198242,67.16000366210938,103.43000030517578,3035.89990234375,9.689916610717773,0.8767449855804443,93.2300033569336
2025-03-20,2637.10009765625,5662.89013671875,1443.3900146484375,4.232999801635742,19.799999237060547,5.085000038146973,43.51796340942383,68.26000213623047,103.8499984741211,3040.0,9.809208869934082,0.8763999938964844,89.94999694824219
2025-03-21,2643.1298828125,5667.56005859375,1465.8199462890625,4.251999855041504,19.280000686645508,5.087500095367432,43.30426025390625,68.27999877929688,104.08999633789062,3018.199951171875,9.858076095581055,0.8813769817352295,87.98999786376953
2025-03-24,2632.070068359375,5767.56982421875,1464.780029296875,4.330999851226807,17.479999542236328,5.064000129699707,43.49853515625,69.11000061035156,104.26000213623047,3013.10009765625,9.786090850830078,0.8829200267791748,81.88999938964844
2025-03-25,2615.81005859375,5776.64990234375,1466.27001953125,4.307000160217285,17.149999618530273,5.183000087738037,43.37225341796875,69.0,104.18000030517578,3023.699951171875,9.718738555908203,0.8826900124549866,87.45999908447266
2025-03-26,2643.93994140625,5712.2001953125,1462.0899658203125,4.3379998207092285,18.329999923706055,5.216000080108643,43.109981536865234,69.6500015258789,104.55000305175781,3020.89990234375,9.749671936035156,0.8826500177383423,90.23999786376953
2025-03-27,2607.14990234375,5693.31005859375,1465.6800537109375,4.36899995803833,18.690000534057617,5.097499847412109,43.32368469238281,69.91999816894531,104.06999969482422,3060.199951171875,9.740452766418457,0.8841599822044373,89.51000213623047
2025-03-28,2557.97998046875,5580.93994140625,1461.8900146484375,4.255000114440918,21.649999618530273,5.112500190734863,42.51743698120117,69.36000061035156,104.04000091552734,3086.5,9.690631866455078,0.8813999891281128,102.44000244140625
2025-03-31,2481.1201171875,5611.85009765625,1469.4100341796875,4.245999813079834,22.280000686645508,5.019999980926514,42.449440002441406,71.4800033569336,104.20999908447266,3122.800048828125,9.820781707763672,0.8808500170707703,99.12000274658203
2025-04-01,2521.389892578125,5633.06982421875,1471.9599609375,4.156000137329102,21.770000457763672,5.019000053405762,42.58543395996094,71.19999694824219,104.26000213623047,3118.89990234375,9.812463760375977,0.8838199973106384,97.55000305175781
2025-04-02,2505.860107421875,5670.97021484375,1469.969970703125,4.196000099182129,21.510000228881836,5.023499965667725,42.64371871948242,71.70999908447266,103.80999755859375,3139.89990234375,9.814391136169434,0.883400022983551,118.37000274658203
2025-04-03,2486.699951171875,5396.52001953125,1466.0400390625,4.054999828338623,30.020000457763672,4.810999870300293,41.74032974243164,66.94999694824219,102.06999969482422,3097.0,9.91347885131836,0.8767899870872498,119.4800033569336
2025-04-04,2465.419921875,5074.080078125,1450.6800537109375,3.984999895095825,45.310001373291016,4.384500026702881,39.41872787475586,61.9900016784668,103.0199966430664,3012.0,9.920740127563477,0.8592100143432617,147.16000366210938
2025-04-07,2328.199951171875,5062.25,1458.52001953125,4.15500020980835,46.97999954223633,4.169000148773193,37.951934814453125,60.70000076293945,103.26000213623047,2951.300048828125,10.029224395751953,0.851610004901886,152.6300048828125
2025-04-08,2334.22998046875,4982.77001953125,1469.949951171875,4.26200008392334,52.33000183105469,4.127500057220459,37.41767883300781,59.58000183105469,102.95999908447266,2968.39990234375,9.945365905761719,0.8597099781036377,170.9199981689453
2025-04-09,2293.699951171875,5456.89990234375,1486.1300048828125,4.400000095367432,33.619998931884766,4.17549991607666,40.01126480102539,62.349998474121094,102.9000015258789,3056.5,10.192866325378418,0.8456599712371826,142.5
2025-04-10,2445.06005859375,5268.0498046875,1443.949951171875,4.394000053405762,40.720001220703125,4.321000099182129,39.32158660888672,60.06999969482422,100.87000274658203,3155.199951171875,9.817861557006836,0.8554499745368958,157.24000549316406
2025-04-11,2432.719970703125,5363.35986328125,1452.0400390625,4.493000030517578,37.560001373291016,4.507500171661377,40.555240631103516,61.5,99.77999877929688,3222.199951171875,10.099847793579102,0.8207600116729736,147.35000610351562
2025-04-14,2455.889892578125,5405.97021484375,1419.050048828125,4.363999843597412,30.889999389648438,4.610499858856201,40.92436981201172,61.529998779296875,99.63999938964844,3204.800048828125,9.873575210571289,0.8180599808692932,122.31999969482422
2025-04-15,2477.409912109375,5396.6298828125,1419.4200439453125,4.322999954223633,30.1200008392334,4.611000061035156,40.8855094909668,61.33000183105469,100.22000122070312,3218.699951171875,9.908310890197754,0.8159599900245667,115.88999938964844
2025-04-16,2447.429931640625,5275.7001953125,1427.02001953125,4.2789998054504395,32.63999938964844,4.673999786376953,40.40953826904297,62.470001220703125,99.37999725341797,3326.60009765625,9.96786880493164,0.8207700252532959,122.91000366210938
2025-04-17,2470.409912109375,5282.7001953125,1414.22998046875,4.333000183105469,29.649999618530273,4.731500148773193,40.72037887573242,64.68000030517578,99.37999725341797,3308.699951171875,9.959617614746094,0.8137500286102295,116.26000213623047
2025-04-18,2483.419921875,5282.7001953125,1414.22998046875,4.333000183105469,29.649999618530273,4.731500148773193,40.72037887573242,64.68000030517578,99.37999725341797,3308.699951171875,9.959617614746094,0.8137500286102295,116.26000213623047
2025-04-21,2488.419921875,5158.2001953125,1414.22998046875,4.40500020980835,33.81999969482422,4.7210001945495605,40.710662841796875,63.08000183105469,98.27999877929688,3406.199951171875,9.959617614746094,0.8137500286102295,124.11000061035156
2025-04-22,2486.639892578125,5287.759765625,1421.6400146484375,4.388999938964844,30.56999969482422,4.870500087738037,41.322635650634766,64.30999755859375,98.91999816894531,3400.800048828125,10.091176986694336,0.8090500235557556,112.95999908447266
2025-04-23,2525.56005859375,5375.85986328125,1429.219970703125,4.38700008392334,28.450000762939453,4.8354997634887695,41.79861068725586,62.27000045776367,99.83999633789062,3276.300048828125,10.014925003051758,0.8260700106620789,109.0199966430664
2025-04-24,2522.330078125,5484.77001953125,1426.449951171875,4.304999828338623,26.469999313354492,4.849999904632568,42.2843017578125,62.790000915527344,99.29000091552734,3332.0,9.961869239807129,0.829800009727478,102.9800033569336
2025-04-25,2546.300048828125,5525.2099609375,1430.06005859375,4.265999794006348,24.84000015258789,4.8354997634887695,42.20659637451172,63.02000045776367,99.47000122070312,3282.39990234375,10.008467674255371,0.8287400007247925,98.94999694824219
2025-04-28,2548.860107421875,5528.75,1437.3599853515625,4.216000080108643,25.149999618530273,4.8379998207092285,42.2843017578125,62.04999923706055,99.01000213623047,3332.5,9.99221420288086,0.8284000158309937,103.38999938964844
2025-04-29,2565.419921875,5560.830078125,1435.8800048828125,4.172999858856201,24.170000076293945,4.822999954223633,42.400875091552734,60.41999816894531,99.23999786376953,3318.800048828125,10.098176956176758,0.8211899995803833,101.30999755859375
2025-04-30,2556.610107421875,5569.06005859375,1431.1600341796875,4.177000045776367,24.700000762939453,4.559999942779541,42.50772476196289,58.209999084472656,99.47000122070312,3305.0,10.05748462677002,0.823419988155365,102.29000091552734
2025-05-01,2556.610107421875,5604.14013671875,1423.75,4.230999946594238,24.600000381469727,4.580999851226807,42.498008728027344,59.2400016784668,100.25,3210.0,9.954448699951172,0.8259599804878235,102.30999755859375
2025-05-02,2559.7900390625,5686.669921875,1435.0999755859375,4.322000026702881,22.68000030517578,4.627500057220459,43.71223831176758,58.290000915527344,100.0,3231.89990234375,9.866891860961914,0.828980028629303,97.26000213623047
2025-05-05,2559.7900390625,5650.3798828125,1398.9000244140625,4.3429999351501465,23.639999389648438,4.65500020980835,44.04250717163086,57.130001068115234,99.83000183105469,3311.300048828125,9.670661926269531,0.8241000175476074,101.16999816894531
2025-05-06,2559.7900390625,5606.91015625,1374.3699951171875,4.308000087738037,24.760000228881836,4.735000133514404,43.86766052246094,59.09000015258789,99.23999786376953,3411.39990234375,9.567489624023438,0.8217909932136536,104.31999969482422
2025-05-07,2573.800048828125,5631.27978515625,1374.77001953125,4.275000095367432,23.549999237060547,4.616499900817871,43.36254119873047,58.06999969482422,99.61000061035156,3381.39990234375,9.613174438476562,0.8256300091743469,99.81999969482422
2025-05-08,2579.47998046875,5663.93994140625,1397.2900390625,4.373000144958496,22.479999542236328,4.560999870300293,43.333396911621094,59.90999984741211,100.63999938964844,3296.60009765625,9.705422401428223,0.8239499926567078,96.29000091552734
2025-05-09,2577.27001953125,5659.91015625,1403.8499755859375,4.375,21.899999618530273,4.611000061035156,43.624813079833984,61.02000045776367,100.33999633789062,3335.39990234375,9.612447738647461,0.8317999839782715,96.3499984741211
2025-05-12,2607.330078125,5844.18994140625,1395.1700439453125,4.456999778747559,18.389999389648438,4.578499794006348,44.567054748535156,61.95000076293945,101.79000091552734,3220.0,9.568902969360352,0.8337299823760986,87.93000030517578
2025-05-13,2608.419921875,5886.5498046875,1416.030029296875,4.499000072479248,18.219999313354492,4.68149995803833,44.64476776123047,63.66999816894531,101.0,3240.300048828125,9.547191619873047,0.8448699712753296,91.58999633789062
2025-05-14,2640.570068359375,5892.580078125,1416.0,4.5279998779296875,18.6200008392334,4.611000061035156,44.98474884033203,63.150001525878906,101.04000091552734,3181.39990234375,9.598441123962402,0.8394299745559692,97.16000366210938
2025-05-15,2621.360107421875,5916.93017578125,1407.3299560546875,4.454999923706055,17.829999923706055,4.644499778747559,44.9653205871582,61.619998931884766,100.87999725341797,3220.699951171875,9.598126411437988,0.8412320017814636,94.11000061035156
2025-05-16,2626.8701171875,5958.3798828125,1397.02001953125,4.440999984741211,17.239999771118164,4.555500030517578,44.936180114746094,62.4900016784668,101.08999633789062,3182.0,9.596236228942871,0.8345999717712402,94.94000244140625
2025-05-19,2603.419921875,5963.60009765625,1398.1300048828125,4.474999904632568,18.139999389648438,4.633500099182129,45.03331756591797,62.689998626708984,100.43000030517578,3228.89990234375,9.620613098144531,0.8354499936103821,96.88999938964844
2025-05-20,2601.800048828125,5940.4599609375,1388.550048828125,4.480999946594238,18.09000015258789,4.619500160217285,44.98474884033203,62.560001373291016,100.12000274658203,3280.300048828125,9.577266693115234,0.8349900245666504,96.62000274658203
2025-05-21,2625.580078125,5844.60986328125,1392.72998046875,4.5960001945495605,20.8700008392334,4.638000011444092,44.868186950683594,61.56999969482422,99.55999755859375,3309.300048828125,9.648819923400879,0.8267120122909546,106.30000305175781
2025-05-22,2593.669921875,5842.009765625,1373.8599853515625,4.552999973297119,20.280000686645508,4.648499965667725,44.722476959228516,61.20000076293945,99.95999908447266,3292.300048828125,9.556090354919434,0.8250700235366821,104.0999984741211
2025-05-23,2592.090087890625,5802.81982421875,1381.3399658203125,4.508999824523926,22.290000915527344,4.80649995803833,44.90704345703125,61.529998779296875,99.11000061035156,3363.60009765625,9.603208541870117,0.8283799886703491,109.76000213623047
2025-05-26,2644.39990234375,5802.81982421875,1364.72998046875,4.508999824523926,22.290000915527344,4.80649995803833,44.90704345703125,61.529998779296875,98.93000030517578,3363.60009765625,9.55295181274414,0.822409987449646,109.76000213623047
2025-05-27,2637.219970703125,5921.5400390625,1368.0999755859375,4.434000015258789,18.959999084472656,4.710000038146973,44.80018997192383,60.88999938964844,99.5199966430664,3299.10009765625,9.591010093688965,0.8204200267791748,96.48999786376953
2025-05-28,2670.14990234375,5888.5498046875,1374.800048828125,4.4770002365112305,19.309999465942383,4.644000053405762,44.596195220947266,61.84000015258789,99.87999725341797,3293.60009765625,9.534839630126953,0.8272600173950195,97.1500015258789
2025-05-29,2720.639892578125,5912.169921875,1373.5999755859375,4.423999786376953,19.18000030517578,4.653500080108643,44.76133346557617,60.939998626708984,99.27999877929688,3317.10009765625,9.42568302154541,0.8325499892234802,95.31999969482422
2025-05-30,2697.669921875,5911.68994140625,1370.4100341796875,4.415999889373779,18.56999969482422,4.652500152587891,44.21735763549805,60.790000915527344,99.33000183105469,3288.89990234375,9.529376029968262,0.8219699859619141,95.1500015258789
2025-06-02,2698.969970703125,5935.93994140625,1381.989990234375,4.461999893188477,18.360000610351562,4.834499835968018,44.53791427612305,62.52000045776367,98.69999694824219,3370.60009765625,9.608296394348145,0.8222699761390686,91.83999633789062
2025-06-03,2698.969970703125,5970.3701171875,1376.0699462890625,4.460000038146973,17.690000534057617,4.809500217437744,44.64476776123047,63.40999984741211,99.25,3350.199951171875,9.659444808959961,0.8159400224685669,90.88999938964844
2025-06-04,2770.840087890625,5970.81005859375,1377.719970703125,4.364999771118164,17.610000610351562,4.864500045776367,45.198455810546875,62.849998474121094,98.79000091552734,3373.5,9.577277183532715,0.8228899836540222,90.79000091552734
2025-06-05,2812.050048828125,5939.2998046875,1361.0899658203125,4.394000053405762,18.479999542236328,4.91349983215332,45.43158721923828,63.369998931884766,98.73999786376953,3350.699951171875,9.536049842834473,0.8179699778556824,93.19999694824219
2025-06-06,2812.050048828125,6000.35986328125,1354.550048828125,4.510000228881836,16.770000457763672,4.829999923706055,45.57728958129883,64.58000183105469,99.19000244140625,3322.699951171875,9.43661117553711,0.8192499876022339,89.44999694824219
2025-06-09,2855.77001953125,6005.8798828125,1359.18994140625,4.48199987411499,17.15999984741211,4.9095001220703125,45.96584701538086,65.29000091552734,98.94000244140625,3332.10009765625,9.393256187438965,0.8212599754333496,88.97000122070312
2025-06-10,2871.85009765625,6038.81005859375,1353.8499755859375,4.473999977111816,16.950000762939453,4.883999824523926,46.22812271118164,64.9800033569336,99.05000305175781,3320.89990234375,9.365899085998535,0.8212000131607056,92.05999755859375
2025-06-11,2907.0400390625,6022.240234375,1363.8800048828125,4.4120001792907715,17.260000228881836,4.801000118255615,46.42239761352539,68.1500015258789,98.62999725341797,3321.300048828125,9.41358757019043,0.8219199776649475,99.0199966430664
2025-06-12,2920.030029296875,6045.259765625,1365.68994140625,4.35699987411499,18.020000457763672,4.821499824523926,46.50010299682617,68.04000091552734,97.91999816894531,3380.89990234375,9.471000671386719,0.8184000253677368,103.04000091552734
2025-06-13,2894.6201171875,5976.97021484375,1349.7900390625,4.423999786376953,20.81999969482422,4.802999973297119,45.76185989379883,72.9800033569336,98.18000030517578,3431.199951171875,9.42570972442627,0.8090000152587891,113.37000274658203
2025-06-16,2946.659912109375,6033.10986328125,1365.1400146484375,4.452000141143799,19.110000610351562,4.826499938964844,46.32286834716797,71.7699966430664,98.0,3396.39990234375,9.473191261291504,0.8122159838676453,106.19000244140625
2025-06-17,2950.300048828125,5982.72021484375,1357.780029296875,4.39300012588501,21.600000381469727,4.80049991607666,45.714778900146484,74.83999633789062,98.81999969482422,3386.60009765625,9.381403923034668,0.8137099742889404,115.5
2025-06-18,2972.18994140625,5980.8701171875,1380.5,4.396999835968018,20.139999389648438,4.84499979019165,45.7049674987793,75.13999938964844,98.91000366210938,3389.800048828125,9.495902061462402,0.8168699741363525,106.19999694824219
2025-06-19,2977.739990234375,5980.8701171875,1370.75,4.396999835968018,20.139999389648438,4.84499979019165,45.7049674987793,75.13999938964844,98.91000366210938,3389.800048828125,9.456937789916992,0.8190600275993347,106.19999694824219
2025-06-20,3021.840087890625,5967.83984375,1374.8900146484375,4.375,20.6200008392334,4.826000213623047,45.44015884399414,74.93000030517578,98.70999908447266,3368.10009765625,9.436283111572266,0.8163899779319763,108.86000061035156
2025-06-23,3014.469970703125,6025.169921875,1369.469970703125,4.320000171661377,19.829999923706055,4.8429999351501465,45.81285858154297,68.51000213623047,98.41999816894531,3377.699951171875,9.36530590057373,0.8177499771118164,104.31999969482422
2025-06-24,3103.639892578125,6092.18017578125,1361.93994140625,4.293000221252441,17.479999542236328,4.867000102996826,46.99961853027344,64.37000274658203,97.86000061035156,3317.39990234375,9.341917991638184,0.8125799894332886,92.29000091552734
2025-06-25,3108.25,6092.16015625,1353.780029296875,4.293000221252441,16.760000228881836,4.913000106811523,47.03884506225586,64.91999816894531,97.68000030517578,3327.10009765625,9.338088035583496,0.8051499724388123,89.6500015258789
2025-06-26,3079.56005859375,6141.02001953125,1357.030029296875,4.252999782562256,16.59000015258789,5.065499782562256,47.35270309448242,65.23999786376953,97.1500015258789,3333.5,9.365188598632812,0.8037300109863281,89.5999984741211
2025-06-27,3055.93994140625,6173.06982421875,1352.760009765625,4.2829999923706055,16.31999969482422,5.06850004196167,47.166351318359375,65.5199966430664,97.4000015258789,3273.699951171875,9.346783638000488,0.8008900284767151,91.83999633789062
2025-06-30,3071.699951171875,6204.9501953125,1363.5899658203125,4.230000019073486,16.729999542236328,5.03000020980835,47.313472747802734,65.11000061035156,96.87999725341797,3294.39990234375,9.434290885925293,0.7982500195503235,89.73999786376953
2025-07-01,3089.64990234375,6198.009765625,1348.5,4.250999927520752,16.829999923706055,5.047999858856201,47.4017448425293,65.44999694824219,96.81999969482422,3336.699951171875,9.37728214263916,0.7927200198173523,89.54000091552734
2025-07-02,3075.06005859375,6227.419921875,1355.5899658203125,4.293000221252441,16.639999389648438,5.14900016784668,47.60770797729492,67.44999694824219,96.77999877929688,3348.0,9.452943801879883,0.790690004825592,89.80000305175781
2025-07-03,3116.27001953125,6279.35009765625,1354.75,4.3480000495910645,16.3799991607666,5.0970001220703125,47.823482513427734,67.0,97.18000030517578,3331.60009765625,9.439088821411133,0.7914999723434448,90.5999984741211
2025-07-04,3054.280029296875,6279.35009765625,1357.0999755859375,4.3480000495910645,16.3799991607666,5.018499851226807,47.823482513427734,66.5,97.18000030517578,3332.5,9.378779411315918,0.7940999865531921,90.5999984741211
2025-07-07,3059.469970703125,6229.97998046875,1362.199951171875,4.394999980926514,17.790000915527344,4.984499931335449,47.14673614501953,67.93000030517578,97.4800033569336,3332.199951171875,9.427021980285645,0.7940400242805481,96.30000305175781
2025-07-08,3114.949951171875,6225.52001953125,1374.6400146484375,4.414999961853027,16.809999465942383,5.644999980926514,47.440975189208984,68.33000183105469,97.51000213623047,3307.0,9.420955657958984,0.7971600294113159,91.30999755859375
2025-07-09,3133.739990234375,6263.259765625,1370.300048828125,4.3420000076293945,15.9399995803833,5.44350004196167,47.362510681152344,68.37999725341797,97.47000122070312,3311.60009765625,9.32429027557373,0.7958700060844421,91.76000213623047
2025-07-10,3183.22998046875,6280.4599609375,1373.0,4.3460001945495605,15.779999732971191,5.547999858856201,47.490013122558594,66.56999969482422,97.6500015258789,3317.39990234375,9.396387100219727,0.792930006980896,90.94000244140625
2025-07-11,3175.77001953125,6259.75,1372.6400146484375,4.422999858856201,16.399999618530273,5.561999797821045,47.33308792114258,68.44999694824219,97.8499984741211,3356.0,9.382685661315918,0.796720027923584,93.52999877929688
2025-07-14,3202.030029296875,6268.56005859375,1378.1700439453125,4.427000045776367,17.200000762939453,5.514999866485596,47.4017448425293,66.9800033569336,98.08000183105469,3351.5,9.356402397155762,0.7967900037765503,95.75
2025-07-15,3215.280029296875,6243.759765625,1382.010009765625,4.488999843597412,17.3799991607666,5.546000003814697,47.745018005371094,66.5199966430664,98.62000274658203,3329.800048828125,9.350826263427734,0.7978699803352356,94.66000366210938
2025-07-16,3186.3798828125,6263.7001953125,1386.449951171875,4.454999923706055,17.15999984741211,5.496500015258789,47.970603942871094,66.37999725341797,98.38999938964844,3352.5,9.321110725402832,0.8014199733734131,95.55999755859375
2025-07-17,3192.2900390625,6297.35986328125,1384.9200439453125,4.4629998207092285,16.520000457763672,5.486000061035156,48.24522399902344,67.54000091552734,98.7300033569336,3340.10009765625,9.355607986450195,0.8009200096130371,92.9000015258789
2025-07-18,3188.070068359375,6296.7900390625,1391.5799560546875,4.432000160217285,16.40999984741211,5.578000068664551,48.13733673095703,67.33999633789062,98.4800033569336,3353.0,9.3746337890625,0.8028799891471863,93.1500015258789
2025-07-21,3210.81005859375,6305.60009765625,1390.5699462890625,4.372000217437744,16.649999618530273,5.610499858856201,48.451194763183594,67.19999694824219,97.8499984741211,3401.89990234375,9.368207931518555,0.8011800050735474,92.26000213623047
2025-07-22,3169.93994140625,6309.6201171875,1381.8199462890625,4.335999965667725,16.5,5.697000026702881,48.48061752319336,66.20999908447266,97.38999938964844,3439.199951171875,9.37386417388916,0.798084020614624,90.58000183105469
2025-07-23,3183.77001953125,6358.91015625,1379.780029296875,4.388000011444092,15.369999885559082,5.795000076293945,48.971012115478516,65.25,97.20999908447266,3394.10009765625,9.391530990600586,0.7936300039291382,88.04000091552734
2025-07-24,3190.449951171875,6363.35009765625,1373.719970703125,4.4079999923706055,15.390000343322754,5.7769999504089355,48.70619583129883,66.02999877929688,97.37999725341797,3371.0,9.384936332702637,0.7920470237731934,89.75
2025-07-25,3196.050048828125,6388.64013671875,1372.0,4.386000156402588,14.930000305175781,5.763500213623047,48.55907440185547,65.16000366210938,97.6500015258789,3334.0,9.332634925842285,0.7948700189590454,90.58999633789062
2025-07-28,3209.52001953125,6389.77001953125,1382.780029296875,4.420000076293945,15.029999732971191,5.59499979019165,48.23542022705078,66.70999908447266,98.66000366210938,3309.10009765625,9.354168891906738,0.7953699827194214,88.58999633789062
2025-07-29,3230.570068359375,6370.85986328125,1388.2900390625,4.329999923706055,15.979999542236328,5.603499889373779,48.255035400390625,69.20999908447266,98.91000366210938,3323.39990234375,9.34821891784668,0.8030999898910522,95.13999938964844
2025-07-30,3254.469970703125,6362.89990234375,1388.8599853515625,4.375999927520752,15.479999542236328,5.570000171661377,47.90195083618164,70.0,99.94000244140625,3295.800048828125,9.355932235717773,0.8054699897766113,94.33000183105469
2025-07-31,3245.43994140625,6339.39013671875,1392.52001953125,4.360000133514404,16.719999313354492,4.33050012588501,47.62732696533203,69.26000213623047,100.02999877929688,3293.199951171875,9.325353622436523,0.8132100105285645,98.37000274658203
2025-08-01,3119.409912109375,6238.009765625,1391.510009765625,4.21999979019165,20.3799991607666,4.412499904632568,47.27423858642578,67.33000183105469,98.69000244140625,3347.699951171875,9.222600936889648,0.8138999938964844,109.79000091552734
2025-08-04,3147.75,6329.93994140625,1390.1800537109375,4.199999809265137,17.520000457763672,4.414999961853027,47.7646369934082,66.29000091552734,98.77999877929688,3374.39990234375,9.434320449829102,0.8040099740028381,95.8499984741211
2025-08-05,3198.0,6299.18994140625,1383.5899658203125,4.196000099182129,17.850000381469727,4.363999843597412,47.90195083618164,65.16000366210938,98.77999877929688,3381.89990234375,9.425064086914062,0.8070899844169617,97.6500015258789
2025-08-06,3198.139892578125,6345.06005859375,1386.5799560546875,4.21999979019165,16.770000457763672,4.390999794006348,48.12752914428711,64.3499984741211,98.18000030517578,3380.0,9.397994041442871,0.8069199919700623,97.80999755859375
2025-08-07,3227.679931640625,6340.0,1384.3900146484375,4.24399995803833,16.56999969482422,4.378499984741211,48.52965545654297,63.880001068115234,98.4000015258789,3400.300048828125,9.405557632446289,0.8060500025749207,97.37000274658203
2025-08-08,3210.010009765625,6389.4501953125,1384.969970703125,4.284999847412109,15.149999618530273,4.45550012588501,48.490421295166016,63.880001068115234,98.18000030517578,3439.10009765625,9.432344436645508,0.8056899905204773,93.13999938964844
2025-08-11,3206.77001953125,6373.4501953125,1387.81005859375,4.2729997634887695,16.25,4.423500061035156,48.353111267089844,63.959999084472656,98.5199966430664,3353.10009765625,9.398431777954102,0.8074700236320496,97.08999633789062
2025-08-12,3189.909912109375,6445.759765625,1389.7900390625,4.293000221252441,14.729999542236328,4.508500099182129,48.94158935546875,63.16999816894531,98.0999984741211,3348.89990234375,9.382485389709473,0.8118000030517578,92.86000061035156
2025-08-13,3224.3701171875,6466.580078125,1383.0899658203125,4.23799991607666,14.489999771118164,4.48199987411499,49.53006362915039,62.650001525878906,97.83999633789062,3358.699951171875,9.35924243927002,0.8061400055885315,98.16999816894531
2025-08-14,3225.659912109375,6468.5400390625,1378.780029296875,4.293000221252441,14.829999923706055,4.4644999504089355,48.921974182128906,63.959999084472656,98.25,3335.199951171875,9.37021255493164,0.8047199845314026,98.04000091552734
2025-08-15,3225.659912109375,6449.7998046875,1387.8699951171875,4.328000068664551,15.09000015258789,4.478000164031982,48.98081970214844,62.79999923706055,97.8499984741211,3336.0,9.396674156188965,0.8075199723243713,97.8499984741211
2025-08-18,3177.280029296875,6449.14990234375,1387.97998046875,4.341000080108643,14.989999771118164,4.456999778747559,49.2652473449707,63.41999816894531,98.16999816894531,3331.699951171875,9.424601554870605,0.8065999746322632,96.62999725341797
2025-08-19,3151.56005859375,6411.3701171875,1386.9100341796875,4.302000045776367,15.569999694824219,4.408999919891357,48.86312484741211,62.349998474121094,98.2699966430664,3313.39990234375,9.37582778930664,0.8074100017547607,102.08999633789062
2025-08-20,3130.090087890625,6395.77978515625,1391.3399658203125,4.296000003814697,15.6899995803833,4.426000118255615,48.79446792602539,63.209999084472656,98.22000122070312,3343.39990234375,9.417586326599121,0.8077700138092041,98.5999984741211
2025-08-21,3141.739990234375,6370.169921875,1396.9100341796875,4.329999923706055,16.600000381469727,4.43149995803833,48.686580657958984,63.52000045776367,98.62000274658203,3336.89990234375,9.480506896972656,0.8041399717330933,99.98999786376953
2025-08-22,3168.72998046875,6466.91015625,1399.6099853515625,4.260000228881836,14.220000267028809,4.447500228881836,49.65756607055664,63.65999984741211,97.72000122070312,3374.39990234375,9.431652069091797,0.8086699843406677,89.77999877929688
2025-08-25,3209.860107421875,6439.31982421875,1382.8900146484375,4.275000095367432,14.789999961853027,4.4664998054504395,49.37313461303711,64.80000305175781,98.43000030517578,3373.800048828125,9.391571044921875,0.8022599816322327,92.30000305175781
2025-08-26,3179.360107421875,6465.93994140625,1389.050048828125,4.257999897003174,14.619999885559082,4.450500011444092,49.245635986328125,63.25,98.2300033569336,3388.60009765625,9.395057678222656,0.8061699867248535,91.6500015258789
2025-08-27,3187.159912109375,6481.39990234375,1393.949951171875,4.23799991607666,14.850000381469727,4.4145002365112305,48.95139694213867,64.1500015258789,98.2300033569336,3404.60009765625,9.452912330627441,0.8037599921226501,94.93000030517578
2025-08-28,3196.320068359375,6501.85986328125,1392.75,4.206999778747559,14.430000305175781,4.463500022888184,49.13774871826172,64.5999984741211,97.80999755859375,3431.800048828125,9.453493118286133,0.8015000224113464,92.02999877929688
2025-08-29,3186.010009765625,6460.259765625,1384.4100341796875,4.2270002365112305,15.359999656677246,4.518499851226807,48.90235900878906,64.01000213623047,97.7699966430664,3473.699951171875,9.429815292358398,0.8015900254249573,97.16999816894531
2025-09-01,3142.929931640625,6460.259765625,1388.8399658203125,4.2270002365112305,15.359999656677246,4.518499851226807,48.90235900878906,64.01000213623047,97.7699966430664,3473.699951171875,9.442366600036621,0.8006399869918823,97.16999816894531
2025-09-02,3172.35009765625,6415.5400390625,1392.93994140625,4.2769999504089355,17.170000076293945,4.569499969482422,48.86312484741211,65.58999633789062,98.4000015258789,3549.39990234375,9.470532417297363,0.8001499772071838,103.87999725341797
2025-09-03,3184.419921875,6448.259765625,1394.5699462890625,4.210999965667725,16.350000381469727,4.558499813079834,49.049476623535156,63.970001220703125,98.13999938964844,3593.199951171875,9.382708549499512,0.8052899837493896,99.62000274658203
2025-09-04,3200.830078125,6502.080078125,1389.6300048828125,4.176000118255615,15.300000190734863,4.48799991607666,48.892547607421875,63.47999954223633,98.3499984741211,3565.800048828125,9.389899253845215,0.8037999868392944,95.27999877929688
2025-09-05,3205.1201171875,6481.5,1392.06005859375,4.085999965667725,15.180000305175781,4.482500076293945,49.48102569580078,61.869998931884766,97.7699966430664,3613.199951171875,9.382323265075684,0.8051300048828125,93.05999755859375
2025-09-08,3219.590087890625,6495.14990234375,1385.510009765625,4.046000003814697,15.109999656677246,4.490499973297119,49.93218994140625,62.2599983215332,97.44999694824219,3638.10009765625,9.339216232299805,0.7991799712181091,92.29000091552734
2025-09-09,3260.050048828125,6512.60986328125,1385.719970703125,4.073999881744385,15.039999961853027,4.500999927520752,50.206809997558594,62.630001068115234,97.79000091552734,3643.300048828125,9.403797149658203,0.7928100228309631,93.16000366210938
2025-09-10,3314.530029296875,6532.0400390625,1387.25,4.0320000648498535,15.350000381469727,4.550000190734863,50.55009078979492,63.66999816894531,97.77999877929688,3643.60009765625,9.41108226776123,0.7972999811172485,100.52999877929688
2025-09-11,3344.199951171875,6587.47021484375,1387.199951171875,4.011000156402588,14.710000038146973,4.5904998779296875,51.28568649291992,62.369998931884766,97.54000091552734,3636.89990234375,9.414798736572266,0.7986699938774109,96.31999969482422
2025-09-12,3395.5400390625,6584.2900390625,1389.5,4.060999870300293,14.760000228881836,4.588500022888184,51.25625991821289,62.689998626708984,97.55000305175781,3649.39990234375,9.43835163116455,0.7959499955177307,96.77999877929688
2025-09-15,3407.31005859375,6615.27978515625,1393.699951171875,4.033999919891357,15.6899995803833,4.6554999351501465,51.628963470458984,63.29999923706055,97.30000305175781,3682.199951171875,9.437360763549805,0.7967000007629395,99.55000305175781
2025-09-16,3449.6201171875,6606.759765625,1385.010009765625,4.026000022888184,16.360000610351562,4.632999897003174,52.011470794677734,64.5199966430664,96.62999725341797,3688.89990234375,9.395599365234375,0.7946599721908569,104.0999984741211
2025-09-17,3413.39990234375,6600.35009765625,1377.6400146484375,4.076000213623047,15.720000267028809,4.571000099182129,52.23705291748047,64.05000305175781,96.87000274658203,3681.800048828125,9.40914535522461,0.7859100103378296,96.16999816894531
2025-09-18,3461.300048828125,6631.9599609375,1378.68994140625,4.104000091552734,15.699999809265137,4.540999889373779,52.10955047607422,63.56999969482422,97.3499984741211,3643.699951171875,9.386122703552246,0.7883399724960327,97.27999877929688
2025-09-19,3445.239990234375,6664.35986328125,1386.75,4.138999938964844,15.449999809265137,4.568999767303467,51.991851806640625,62.68000030517578,97.63999938964844,3671.5,9.37341594696045,0.7925099730491638,96.9000015258789
2025-09-22,3468.64990234375,6693.75,1396.22998046875,4.14300012588501,16.100000381469727,4.572999954223633,52.246864318847656,62.63999938964844,97.33000183105469,3740.699951171875,9.428157806396484,0.7962300181388855,99.75
2025-09-23,3486.18994140625,6656.919921875,1389.3900146484375,4.119999885559082,16.639999389648438,4.584499835968018,52.276283264160156,63.40999984741211,97.26000213623047,3780.60009765625,9.403972625732422,0.792389988899231,101.2300033569336
2025-09-24,3472.139892578125,6637.97021484375,1391.8499755859375,4.146999835968018,16.18000030517578,4.752500057220459,52.0997428894043,64.98999786376953,97.87000274658203,3732.10009765625,9.428377151489258,0.7914299964904785,99.98999786376953
2025-09-25,3471.110107421875,6604.72021484375,1403.6500244140625,4.171999931335449,16.739999771118164,4.699999809265137,51.79569625854492,64.9800033569336,98.55000305175781,3736.89990234375,9.436333656311035,0.7946599721908569,100.33999633789062
2025-09-26,3386.050048828125,6643.7001953125,1408.9200439453125,4.186999797821045,15.289999961853027,4.7154998779296875,51.69761657714844,65.72000122070312,98.1500015258789,3775.300048828125,9.40129566192627,0.8000400066375732,93.4000015258789
2025-09-29,3431.2099609375,6661.2099609375,1408.7099609375,4.140999794006348,16.1200008392334,4.841000080108643,52.16839599609375,63.45000076293945,97.91000366210938,3820.89990234375,9.428674697875977,0.7974799871444702,96.73999786376953
2025-09-30,3424.60009765625,6688.4599609375,1399.3299560546875,4.1479997634887695,16.280000686645508,4.804999828338623,52.374366760253906,62.369998931884766,97.7699966430664,3840.800048828125,9.416692733764648,0.7972000241279602,95.88999938964844
2025-10-01,3455.830078125,6711.2001953125,1403.1500244140625,4.105999946594238,16.290000915527344,4.83050012588501,52.78629684448242,61.779998779296875,97.70999908447266,3867.5,9.4801025390625,0.7961999773979187,93.22000122070312
2025-10-02,3549.2099609375,6715.35009765625,1401.8199462890625,4.0879998207092285,16.6299991607666,4.8979997634887695,53.031494140625,60.47999954223633,97.8499984741211,3839.699951171875,9.530614852905273,0.7969099879264832,94.0999984741211
2025-10-03,3549.2099609375,6715.7900390625,1405.6300048828125,4.11899995803833,16.649999618530273,5.058000087738037,53.18842315673828,60.880001068115234,97.72000122070312,3880.800048828125,9.551841735839844,0.7970200181007385,94.79000091552734
2025-10-06,3549.2099609375,6740.27978515625,1406.06005859375,4.1620001792907715,16.3700008392334,4.986999988555908,53.433624267578125,61.689998626708984,98.11000061035156,3948.5,9.398012161254883,0.7971900105476379,95.37999725341797
2025-10-07,3549.2099609375,6714.58984375,1409.9200439453125,4.126999855041504,17.239999771118164,5.047999858856201,53.021690368652344,61.72999954223633,98.58000183105469,3976.60009765625,9.378957748413086,0.7949100136756897,98.69999694824219
2025-10-08,3549.2099609375,6753.72021484375,1414.5699462890625,4.129000186920166,16.299999237060547,5.046000003814697,53.44343185424805,62.54999923706055,98.8499984741211,4043.300048828125,9.302618026733398,0.7985900044441223,96.22000122070312
2025-10-09,3549.2099609375,6735.10986328125,1422.52001953125,4.1479997634887695,16.43000030517578,5.075500011444092,52.89418411254883,61.5099983215332,99.54000091552734,3946.300048828125,9.31657600402832,0.8015000224113464,97.25
2025-10-10,3610.60009765625,6552.509765625,1421.510009765625,4.051000118255615,21.65999984741211,4.848499774932861,50.942405700683594,58.900001525878906,98.9800033569336,3975.89990234375,9.292919158935547,0.8061699867248535,116.25
2025-10-13,3584.550048828125,6654.72021484375,1429.030029296875,4.051000118255615,19.030000686645508,5.100500106811523,52.42340850830078,59.4900016784668,99.2699966430664,4108.60009765625,9.396783828735352,0.8023200035095215,106.44999694824219
2025-10-14,3561.81005859375,6644.31005859375,1426.0699462890625,4.021999835968018,20.809999465942383,4.980500221252441,51.9526252746582,58.70000076293945,99.05000305175781,4138.7001953125,9.3494234085083,0.8042899966239929,113.19000244140625
2025-10-15,3657.280029296875,6671.06005859375,1429.4300537109375,4.046000003814697,20.639999389648438,4.9720001220703125,52.80591583251953,58.27000045776367,98.79000091552734,4176.89990234375,9.420165061950684,0.8015300035476685,117.30000305175781
2025-10-16,3748.3701171875,6629.06982421875,1420.0899658203125,3.9760000705718994,25.309999465942383,4.958000183105469,53.149192810058594,57.459999084472656,98.38999938964844,4280.2001953125,9.406158447265625,0.7965499758720398,134.25
2025-10-17,3748.889892578125,6664.009765625,1415.719970703125,4.006999969482422,20.780000686645508,4.93149995803833,53.13938522338867,57.540000915527344,98.43000030517578,4189.89990234375,9.430432319641113,0.7918300032615662,115.62999725341797
2025-10-20,3814.68994140625,6735.1298828125,1419.739990234375,3.9860000610351562,18.229999542236328,4.998000144958496,53.865169525146484,57.52000045776367,98.58999633789062,4336.39990234375,9.40630054473877,0.7935900092124939,103.18000030517578
2025-10-21,3823.840087890625,6735.35009765625,1419.739990234375,3.9630000591278076,17.8700008392334,4.929999828338623,53.26688766479492,57.81999969482422,98.93000030517578,4087.699951171875,9.41650104522705,0.7924000024795532,103.36000061035156
2025-10-22,3883.679931640625,6699.39990234375,1430.739990234375,3.953000068664551,18.600000381469727,4.960999965667725,53.21784591674805,58.5,98.9000015258789,4044.39990234375,9.41843318939209,0.7967000007629395,104.87000274658203
2025-10-23,3845.56005859375,6738.43994140625,1430.4000244140625,3.990999937057495,17.299999237060547,5.081999778747559,53.688629150390625,61.790000915527344,98.94000244140625,4125.5,9.412693977355957,0.7960900068283081,98.5999984741211
2025-10-24,3941.590087890625,6791.68994140625,1435.8399658203125,3.996999979019165,16.3700008392334,5.093500137329102,54.04171371459961,61.5,98.94999694824219,4118.39990234375,9.408249855041504,0.7950800061225891,98.02999877929688
2025-10-27,4042.830078125,6875.16015625,1436.969970703125,3.996999979019165,15.789999961853027,5.140500068664551,54.63999557495117,61.310001373291016,98.77999877929688,4001.89990234375,9.387603759765625,0.7960500121116638,97.4000015258789
2025-10-28,4010.409912109375,6890.89013671875,1430.969970703125,3.9830000400543213,16.420000076293945,5.140500068664551,54.62038040161133,60.150001525878906,98.69000244140625,3966.199951171875,9.370322227478027,0.7946100234985352,101.51000213623047
2025-10-29,4081.14990234375,6890.58984375,1425.969970703125,4.058000087738037,16.920000076293945,5.233500003814697,54.934234619140625,60.47999954223633,99.22000122070312,3983.699951171875,9.391328811645508,0.7928299903869629,103.56999969482422
2025-10-30,4086.889892578125,6822.33984375,1424.010009765625,4.0929999351501465,16.90999984741211,5.078000068664551,54.36537551879883,60.56999969482422,99.52999877929688,4001.300048828125,9.323433876037598,0.7997999787330627,102.83999633789062
2025-10-31,4107.5,6840.2001953125,1424.02001953125,4.10099983215332,17.440000534057617,5.065499782562256,54.23787307739258,60.97999954223633,99.80000305175781,3982.199951171875,9.25244140625,0.8015900254249573,104.45999908447266
2025-11-03,4221.8701171875,6851.97021484375,1427.1700439453125,4.105999946594238,17.170000076293945,5.046999931335449,54.581153869628906,61.04999923706055,99.87000274658203,4000.300048828125,9.27340030670166,0.8048999905586243,101.43000030517578
2025-11-04,4121.740234375,6771.5498046875,1428.969970703125,4.089000225067139,19.0,4.926000118255615,53.58074188232422,60.560001373291016,100.22000122070312,3947.699951171875,9.266240119934082,0.8081300258636475,104.44000244140625
2025-11-05,4004.419921875,6796.2900390625,1439.81005859375,4.1570000648498535,18.010000228881836,4.9629998207092285,54.06132888793945,59.599998474121094,100.19999694824219,3980.300048828125,9.376387596130371,0.8103299736976624,100.7699966430664
2025-11-06,4026.449951171875,6720.31982421875,1439.739990234375,4.0929999351501465,19.5,4.945499897003174,53.65920639038086,59.43000030517578,99.7300033569336,3979.89990234375,9.344803810119629,0.8097299933433533,105.70999908447266
2025-11-07,3953.760009765625,6728.7998046875,1447.9000244140625,4.0929999351501465,19.079999923706055,4.938000202178955,53.50227737426758,59.75,99.5999984741211,3999.39990234375,9.46550178527832,0.805899977684021,103.5999984741211
2025-11-10,4073.239990234375,6832.43017578125,1454.0,4.110000133514404,17.600000381469727,5.086999893188477,54.4438362121582,60.130001068115234,99.62000274658203,4111.7998046875,9.451899528503418,0.8070899844169617,98.91000366210938
2025-11-11,4106.39013671875,6846.60986328125,1456.0899658203125,4.119999885559082,17.280000686645508,5.048500061035156,54.502685546875,61.040000915527344,99.45999908447266,4106.7998046875,9.445684432983398,0.8051599860191345,99.5999984741211
2025-11-12,4150.39013671875,6850.919921875,1459.8399658203125,4.065000057220459,17.510000228881836,5.0894999504089355,54.51249313354492,58.4900016784668,99.4800033569336,4204.39990234375,9.474343299865723,0.8003299832344055,103.47000122070312
2025-11-13,4170.6298828125,6737.490234375,1468.02001953125,4.111999988555908,20.0,5.087500095367432,53.87498092651367,58.689998626708984,99.18000030517578,4186.89990234375,9.488053321838379,0.797819972038269,111.25
2025-11-14,4011.570068359375,6734.10986328125,1468.7099609375,4.1479997634887695,19.829999923706055,5.049499988555908,53.90440368652344,60.09000015258789,99.2699966430664,4087.60009765625,9.497607231140137,0.7932699918746948,107.94999694824219
2025-11-17,4089.25,6672.41015625,1446.530029296875,4.132999897003174,22.3799991607666,5.0,53.26688766479492,59.90999984741211,99.58999633789062,4068.300048828125,9.35620403289795,0.7942799925804138,117.86000061035156
2025-11-18,3953.6201171875,6617.31982421875,1461.68994140625,4.123000144958496,24.690000534057617,4.962500095367432,53.0020751953125,60.7400016784668,99.55000305175781,4061.300048828125,9.413776397705078,0.796239972114563,124.31999969482422
2025-11-19,3929.510009765625,6642.16015625,1456.550048828125,4.132999897003174,23.65999984741211,5.007999897003174,52.81571960449219,59.439998626708984,100.2300033569336,4077.699951171875,9.364030838012695,0.8001999855041504,119.56999969482422
2025-11-20,4004.85009765625,6538.759765625,1466.1300048828125,4.105999946594238,26.420000076293945,4.959499835968018,52.08993911743164,59.13999938964844,100.16000366210938,4056.5,9.338866233825684,0.8054199814796448,128.64999389648438
2025-11-21,3853.260009765625,6602.990234375,1473.25,4.063000202178955,23.43000030517578,5.008500099182129,52.08012390136719,58.060001373291016,100.18000030517578,4076.699951171875,9.362539291381836,0.8054800033569336,118.33999633789062
2025-11-24,3846.06005859375,6705.1201171875,1467.72998046875,4.038000106811523,20.520000457763672,4.961999893188477,52.629371643066406,58.84000015258789,100.13999938964844,4091.89990234375,9.366556167602539,0.8086699843406677,103.95999908447266
2025-11-25,3857.780029296875,6765.8798828125,1474.8599853515625,4.001999855041504,18.559999465942383,4.999499797821045,52.81571960449219,57.95000076293945,99.66000366210938,4139.2001953125,9.398421287536621,0.8086100220680237,96.8499984741211
2025-11-26,3960.8701171875,6812.60986328125,1464.9200439453125,3.997999906539917,17.190000534057617,5.104499816894531,53.19823455810547,58.650001525878906,99.5999984741211,4165.2001953125,9.371796607971191,0.8079800009727478,92.16999816894531
2025-11-27,3986.909912109375,6812.60986328125,1470.5899658203125,3.997999906539917,17.190000534057617,5.104499816894531,53.19823455810547,58.650001525878906,99.5999984741211,4165.2001953125,9.411564826965332,0.8034899830818176,92.16999816894531
2025-11-28,3926.590087890625,6849.08984375,1461.4000244140625,4.017000198364258,16.350000381469727,5.185500144958496,53.27669143676758,58.54999923706055,99.45999908447266,4218.2998046875,9.350296974182129,0.8046000003814697,90.33999633789062
2025-12-01,3920.3701171875,6812.6298828125,1465.6199951171875,4.0960001945495605,17.239999771118164,5.218999862670898,53.237464904785156,59.31999969482422,99.41000366210938,4239.2998046875,9.399669647216797,0.8033400177955627,93.76000213623047
2025-12-02,3994.929931640625,6829.3701171875,1470.1700439453125,4.085999965667725,16.59000015258789,5.160999774932861,53.257080078125,58.63999938964844,99.36000061035156,4186.60009765625,9.45064640045166,0.8046000003814697,91.70999908447266
2025-12-03,4036.300048828125,6849.72021484375,1467.3599853515625,4.057000160217285,16.079999923706055,5.308000087738037,53.29631042480469,58.95000076293945,98.8499984741211,4199.2998046875,9.417902946472168,0.8028600215911865,92.38999938964844
2025-12-04,4028.510009765625,6857.1201171875,1465.030029296875,4.107999801635742,15.779999732971191,5.291500091552734,53.28650665283203,59.66999816894531,98.98999786376953,4211.7998046875,9.446173667907715,0.7997599840164185,91.27999877929688
2025-12-05,4100.0498046875,6870.39990234375,1472.3800048828125,4.138999938964844,15.40999984741211,5.381999969482422,53.688629150390625,60.08000183105469,98.98999786376953,4212.89990234375,9.490867614746094,0.8037800192832947,90.6500015258789
2025-12-08,4154.85009765625,6846.509765625,1471.81005859375,4.171999931335449,16.65999984741211,5.364500045776367,53.5709342956543,58.880001068115234,99.08999633789062,4187.2001953125,9.473575592041016,0.8048499822616577,97.3499984741211
2025-12-09,4143.5498046875,6840.509765625,1468.510009765625,4.185999870300293,16.93000030517578,5.240499973297119,53.482662200927734,58.25,99.22000122070312,4206.7001953125,9.422404289245605,0.8066380023956299,98.13999938964844
2025-12-10,4135.0,6886.68017578125,1467.9300537109375,4.164000034332275,15.770000457763672,5.2754998207092285,54.0809440612793,58.459999084472656,98.79000091552734,4196.39990234375,9.359898567199707,0.805899977684021,99.11000061035156
2025-12-11,4110.6201171875,6901.0,1469.0400390625,4.140999794006348,14.850000381469727,5.427000045776367,53.8259391784668,57.599998474121094,98.3499984741211,4285.5,9.429072380065918,0.7993800044059753,95.41000366210938
2025-12-12,4167.16015625,6827.41015625,1470.8499755859375,4.193999767303467,15.739999771118164,5.2835001945495605,53.19823455810547,57.439998626708984,98.4000015258789,4300.10009765625,9.454191207885742,0.7947900295257568,97.33000183105469
2025-12-15,4090.590087890625,6816.509765625,1472.9100341796875,4.182000160217285,16.5,5.338500022888184,53.04130935668945,56.81999969482422,98.1500015258789,4306.7001953125,9.448513984680176,0.7961400151252747,100.37000274658203
2025-12-16,3999.1298828125,6800.259765625,1467.47998046875,4.14900016784668,16.479999542236328,5.2870001792907715,52.70604705810547,55.27000045776367,98.1500015258789,4304.5,9.466086387634277,0.7960100173950195,98.36000061035156
2025-12-17,4056.409912109375,6721.43017578125,1471.739990234375,4.151000022888184,17.6200008392334,5.363500118255615,52.32801055908203,55.939998626708984,98.37000274658203,4347.5,9.508378028869629,0.795199990272522,99.88999938964844
2025-12-18,3994.510009765625,6774.759765625,1474.0,4.116000175476074,16.8700008392334,5.366499900817871,52.92491149902344,56.150001525878906,98.43000030517578,4339.5,9.479525566101074,0.795199990272522,92.61000061035156
2025-12-19,4020.550048828125,6834.5,1474.3599853515625,4.151000022888184,14.90999984741211,5.439499855041504,53.442222595214844,56.65999984741211,98.5999984741211,4361.39990234375,9.474894523620605,0.7940099835395813,83.87000274658203
2025-12-22,4105.93017578125,6878.490234375,1473.719970703125,4.169000148773193,14.079999923706055,5.4375,53.73072052001953,58.0099983215332,98.29000091552734,4444.60009765625,9.345796585083008,0.7958300113677979,81.97000122070312
2025-12-23,4117.31982421875,6909.7900390625,1476.8399658203125,4.169000148773193,14.0,5.47599983215332,54.029170989990234,58.380001068115234,97.94000244140625,4482.7998046875,9.412776947021484,0.7914299964904785,85.13999938964844
2025-12-24,4108.6201171875,6932.0498046875,1478.6700439453125,4.136000156402588,13.470000267028809,5.498499870300293,54.13859939575195,58.349998474121094,97.9800033569336,4480.60009765625,9.468733787536621,0.7874500155448914,85.23999786376953
2025-12-26,4129.68017578125,6929.93994140625,1446.52001953125,4.136000156402588,13.600000381469727,5.766499996185303,54.51663589477539,56.7400016784668,98.0199966430664,4529.10009765625,9.266654014587402,0.7880499958992004,84.23999786376953
2025-12-29,4220.56005859375,6905.740234375,1441.3299560546875,4.116000175476074,14.199999809265137,5.490499973297119,54.37736129760742,58.08000183105469,98.04000091552734,4325.10009765625,9.237106323242188,0.7892400026321411,85.87999725341797
2025-12-30,4214.169921875,6896.240234375,1434.7099609375,4.130000114440918,14.329999923706055,5.727499961853027,54.596221923828125,57.95000076293945,98.23999786376953,4370.10009765625,9.189115524291992,0.7886999845504761,87.12999725341797
2025-12-31,4214.169921875,6845.5,1437.9100341796875,4.163000106811523,14.949999809265137,5.630000114440918,54.427101135253906,57.41999816894531,98.27999877929688,4325.60009765625,9.193496704101562,0.791700005531311,92.66999816894531
2026-01-02,4309.6298828125,6858.47021484375,1443.6400146484375,4.186999797821045,14.510000228881836,5.639999866485596,55.94919204711914,57.31999969482422,98.41999816894531,4314.39990234375,8.96144962310791,0.7920299768447876,90.0999984741211
2026-01-05,4457.52001953125,6902.0498046875,1440.47998046875,4.164999961853027,14.899999618530273,5.924499988555908,56.565982818603516,58.31999969482422,98.2699966430664,4436.89990234375,9.175089836120605,0.79339998960495,90.51000213623047
2026-01-06,4525.47998046875,6944.81982421875,1445.56005859375,4.178999900817871,14.75,6.010499954223633,56.98381042480469,57.130001068115234,98.58000183105469,4482.2001953125,9.229049682617188,0.7921000123023987,89.01000213623047
2026-01-07,4551.06005859375,6920.93017578125,1444.9599609375,4.138000011444092,15.380000114440918,5.809000015258789,56.556034088134766,55.9900016784668,98.68000030517578,4449.2998046875,9.22191333770752,0.7954999804496765,91.86000061035156
2026-01-08,4552.3701171875,6921.4599609375,1446.1400146484375,4.183000087738037,15.449999809265137,5.746500015258789,56.575931549072266,57.7599983215332,98.93000030517578,4449.7001953125,9.226881980895996,0.7976499795913696,89.8499984741211
2026-01-09,4586.31982421875,6966.27978515625,1450.0799560546875,4.171000003814697,14.489999771118164,5.855500221252441,56.84453582763672,59.119998931884766,99.12999725341797,4490.2998046875,9.242850303649902,0.7990099787712097,88.19000244140625
2026-01-12,4624.7900390625,6977.27001953125,1455.239990234375,4.186999797821045,15.119999885559082,5.985000133514404,57.64039611816406,59.5,98.86000061035156,4604.2998046875,9.201266288757324,0.8015260100364685,93.12999725341797
2026-01-13,4692.64013671875,6963.740234375,1464.9300537109375,4.171000003814697,15.979999542236328,5.96999979019165,57.21261978149414,61.150001525878906,99.12999725341797,4589.2001953125,9.272107124328613,0.7973600029945374,101.06999969482422
2026-01-14,4723.10009765625,6926.60009765625,1473.010009765625,4.139999866485596,16.75,6.008999824523926,57.45138168334961,62.02000045776367,99.12999725341797,4626.2998046875,9.253552436828613,0.801010012626648,104.8499984741211
2026-01-15,4797.5498046875,6944.47021484375,1462.9000244140625,4.159999847412109,15.84000015258789,5.947999954223633,57.78962326049805,59.189998626708984,99.31999969482422,4616.2998046875,9.234827995300293,0.7997199892997742,100.9000015258789
2026-01-16,4840.740234375,6940.009765625,1468.8399658203125,4.230999946594238,15.859999656677246,5.78849983215332,57.57075881958008,59.439998626708984,99.38999938964844,4588.39990234375,9.260924339294434,0.8034200072288513,102.05000305175781
2026-01-19,4904.66015625,6940.009765625,1471.5799560546875,4.230999946594238,15.859999656677246,5.78849983215332,57.57075881958008,59.439998626708984,99.38999938964844,4588.39990234375,9.340578079223633,0.7987200021743774,102.05000305175781
2026-01-20,4885.75,6796.85986328125,1471.52001953125,4.295000076293945,20.09000015258789,5.7729997634887695,57.01365661621094,60.34000015258789,98.63999938964844,4759.60009765625,9.302349090576172,0.7978900074958801,117.05000305175781
2026-01-21,4909.93017578125,6875.6201171875,1477.780029296875,4.252999782562256,16.899999618530273,5.729499816894531,57.958744049072266,60.619998931884766,98.76000213623047,4831.7998046875,9.344314575195312,0.7894999980926514,102.56999969482422
2026-01-22,4952.52978515625,6913.35009765625,1464.8299560546875,4.249000072479248,15.640000343322754,5.742499828338623,58.39646911621094,59.36000061035156,98.36000061035156,4908.7998046875,9.247084617614746,0.7963899970054626,96.12000274658203
2026-01-23,4990.06982421875,6915.60986328125,1463.260009765625,4.238999843597412,16.09000015258789,5.910999774932861,58.764556884765625,61.06999969482422,97.5999984741211,4976.2001953125,9.232701301574707,0.7889999747276306,101.83000183105469
2026-01-26,4949.58984375,6950.22998046875,1444.81005859375,4.2129998207092285,16.149999618530273,5.984000205993652,58.864036560058594,60.630001068115234,97.04000091552734,5079.7001953125,9.306953430175781,0.7778699994087219,99.75
2026-01-27,5084.85009765625,6978.60009765625,1440.97998046875,4.2230000495910645,16.350000381469727,5.828499794006348,60.02798843383789,62.38999938964844,96.22000122070312,5079.89990234375,9.336503982543945,0.777239978313446,101.26000213623047
2026-01-28,5170.81005859375,6978.02978515625,1432.510009765625,4.250999927520752,16.350000381469727,5.892499923706055,60.43586730957031,63.209999084472656,96.44999694824219,5301.60009765625,9.396158218383789,0.7631999850273132,100.45999908447266
2026-01-29,5221.25,6969.009765625,1429.27001953125,4.2270002365112305,16.8799991607666,6.17549991607666,60.127471923828125,65.41999816894531,96.27999877929688,5318.39990234375,9.33646011352539,0.7657399773597717,101.76000213623047
2026-01-30,5224.35986328125,6939.02978515625,1428.760009765625,4.241000175476074,17.440000534057617,5.896999835968018,58.79439926147461,65.20999908447266,96.98999786376953,4713.89990234375,9.328102111816406,0.7644100189208984,108.18000030517578
2026-02-02,4949.669921875,6976.43994140625,1448.800048828125,4.275000095367432,16.34000015258789,5.801499843597412,58.97346878051758,62.13999938964844,97.61000061035156,4622.5,9.333247184753418,0.7735599875450134,98.7699966430664
2026-02-03,5288.080078125,6917.81005859375,1452.5400390625,4.27400016784668,18.0,6.0625,59.291812896728516,63.209999084472656,97.44000244140625,4903.7001953125,9.346574783325195,0.779009997844696,103.81999969482422
2026-02-04,5371.10009765625,6882.72021484375,1446.6800537109375,4.275000095367432,18.639999389648438,5.826000213623047,58.49595260620117,65.13999938964844,97.62000274658203,4920.39990234375,9.285673141479492,0.7757599949836731,106.16000366210938
2026-02-05,5163.56982421875,6798.39990234375,1460.1099853515625,4.210000038146973,21.770000457763672,5.798999786376953,58.22734832763672,63.290000915527344,97.81999969482422,4861.39990234375,9.30538272857666,0.7773100137710571,117.06999969482422
2026-02-06,5089.14013671875,6932.2998046875,1470.6800537109375,4.205999851226807,20.3700008392334,5.863500118255615,59.75938415527344,63.54999923706055,97.62999725341797,4951.2001953125,9.381051063537598,0.7777000069618225,100.98999786376953
2026-02-09,5298.0400390625,6964.81982421875,1462.4000244140625,4.197999954223633,17.360000610351562,5.945000171661377,60.19710922241211,64.36000061035156,96.81999969482422,5050.89990234375,9.294440269470215,0.7758299708366394,98.5999984741211
2026-02-10,5301.68994140625,6941.81005859375,1458.5400390625,4.146999835968018,17.790000915527344,5.895999908447266,60.286643981933594,63.959999084472656,96.80000305175781,5003.7998046875,9.341232299804688,0.7671200037002563,100.80999755859375
2026-02-11,5354.490234375,6941.47021484375,1455.3299560546875,4.171999931335449,17.649999618530273,5.948999881744385,61.24168014526367,64.62999725341797,96.83000183105469,5071.60009765625,9.420312881469727,0.7685700058937073,102.1500015258789
2026-02-12,5522.27001953125,6832.759765625,1444.18994140625,4.104000091552734,20.81999969482422,5.770999908447266,60.5452995300293,62.84000015258789,96.93000030517578,4923.7001953125,9.42249870300293,0.7711399793624878,112.30000305175781
2026-02-13,5507.009765625,6836.169921875,1440.9000244140625,4.056000232696533,20.600000381469727,5.792500019073486,60.803955078125,62.88999938964844,96.87999725341797,5022.0,9.426426887512207,0.7695500254631042,115.5199966430664
2026-02-16,5507.009765625,6836.169921875,1439.52001953125,4.056000232696533,20.600000381469727,5.792500019073486,60.803955078125,62.88999938964844,96.87999725341797,5022.0,9.415245056152344,0.7682099938392639,115.5199966430664
2026-02-17,5507.009765625,6843.22021484375,1440.22998046875,4.052000045776367,20.290000915527344,5.632999897003174,60.55524826049805,62.33000183105469,97.16000366210938,4882.89990234375,9.375215530395508,0.769599974155426,107.08999633789062
2026-02-18,5507.009765625,6881.31005859375,1439.969970703125,4.078999996185303,19.6200008392334,5.793499946594238,60.873592376708984,65.19000244140625,97.69999694824219,4986.5,9.40063190460205,0.7702000141143799,108.69000244140625
2026-02-19,5677.25,6861.89013671875,1440.1600341796875,4.074999809265137,20.229999542236328,5.730000019073486,60.724369049072266,66.43000030517578,97.93000030517578,4975.89990234375,9.309102058410645,0.7721999883651733,111.66999816894531
2026-02-20,5808.52978515625,6909.509765625,1447.75,4.085999965667725,19.09000015258789,5.830999851226807,62.01764678955078,66.38999938964844,97.80000305175781,5059.2998046875,9.330300331115723,0.7753400206565857,108.70999908447266
2026-02-23,5846.08984375,6837.75,1443.43994140625,4.0289998054504395,21.010000228881836,5.7729997634887695,61.331214904785156,66.30999755859375,97.69999694824219,5204.7001953125,9.356864929199219,0.7717000246047974,115.66000366210938
2026-02-24,5969.64013671875,6890.06982421875,1442.199951171875,4.0329999923706055,19.549999237060547,5.922999858856201,62.296199798583984,65.62999725341797,97.87999725341797,5155.7998046875,9.324819564819336,0.7742300033569336,108.61000061035156
2026-02-25,6083.85986328125,6946.1298828125,1439.989990234375,4.047999858856201,17.93000030517578,5.979499816894531,62.98263168334961,65.41999816894531,97.69999694824219,5206.39990234375,9.237456321716309,0.7737299799919128,103.9800033569336
2026-02-26,6307.27001953125,6908.85986328125,1426.9300537109375,4.017000198364258,18.6299991607666,5.947000026702881,62.38573455810547,65.20999908447266,97.79000091552734,5176.5,9.134690284729004,0.7721400260925293,104.1500015258789
2026-02-27,6244.1298828125,6878.8798828125,1432.3199462890625,3.9619998931884766,19.860000610351562,6.004499912261963,62.25640869140625,67.0199966430664,97.61000061035156,5230.5,9.190692901611328,0.7732300162315369,110.88999938964844
2026-03-02,6244.1298828125,6881.6201171875,1438.5,4.047999858856201,21.440000534057617,5.894499778747559,61.18199157714844,71.2300033569336,98.37999725341797,5294.39990234375,9.179009437561035,0.7695299983024597,113.44000244140625
2026-03-03,5791.91015625,6816.6298828125,1452.27001953125,4.056000232696533,23.56999969482422,5.773499965667725,58.117916107177734,74.55999755859375,99.05000305175781,5107.39990234375,9.234922409057617,0.7787100076675415,116.0199966430664
2026-03-04,5093.5400390625,6869.5,1483.0699462890625,4.079999923706055,21.149999618530273,5.855000019073486,58.744659423828125,74.66000366210938,98.7699966430664,5120.2001953125,9.40056037902832,0.7819200158119202,106.94000244140625
2026-03-05,5583.89990234375,6830.7099609375,1460.75,4.145999908447266,23.75,5.752999782562256,57.33200454711914,81.01000213623047,99.31999969482422,5065.2998046875,9.305665969848633,0.7791500091552734,115.93000030517578
2026-03-06,5584.8701171875,6740.02001953125,1479.510009765625,4.132999897003174,29.489999771118164,5.756999969482422,57.02360534667969,90.9000015258789,98.98999786376953,5146.10009765625,9.392739295959473,0.7806599736213684,140.44000244140625
2026-03-09,5251.8701171875,6795.990234375,1483.8900146484375,4.136000156402588,25.5,5.80049991607666,58.147762298583984,94.7699966430664,99.18000030517578,5091.5,9.359066009521484,0.781220018863678,122.5999984741211
2026-03-10,5532.58984375,6781.47998046875,1464.469970703125,4.136000156402588,24.93000030517578,5.9039998054504395,58.37657165527344,83.44999694824219,98.83000183105469,5229.7001953125,9.280390739440918,0.7778800129890442,125.36000061035156
2026-03-11,5609.9501953125,6775.7998046875,1472.780029296875,4.208000183105469,24.229999542236328,5.8454999923706055,58.52579879760742,87.25,99.2300033569336,5167.39990234375,9.313536643981934,0.778577983379364,122.48999786376953
2026-03-12,5583.25,6672.6201171875,1475.3399658203125,4.2729997634887695,27.290000915527344,5.82450008392334,56.655517578125,95.7300033569336,99.73999786376953,5115.7998046875,9.277461051940918,0.7817400097846985,130.17999267578125
2026-03-13,5487.240234375,6632.18994140625,1470.5799560546875,4.284999847412109,27.190000534057617,5.7144999504089355,56.50629425048828,98.70999908447266,100.36000061035156,5052.5,9.345001220703125,0.7853400111198425,131.0500030517578
2026-03-16,5549.85009765625,6699.3798828125,1501.75,4.21999979019165,23.510000228881836,5.790500164031982,58.078125,93.5,99.70999908447266,4994.0,9.414847373962402,0.7899199724197388,116.77999877929688
2026-03-17,5640.47998046875,6716.08984375,1488.9100341796875,4.202000141143799,22.3700008392334,5.726500034332275,58.44620895385742,96.20999908447266,99.58000183105469,5001.0,9.360912322998047,0.7880499958992004,110.55000305175781
2026-03-18,5925.02978515625,6624.7001953125,1484.8699951171875,4.258999824523926,25.09000015258789,5.553999900817871,57.262367248535156,96.31999969482422,100.08999633789062,4889.89990234375,9.338547706604004,0.7847700119018555,126.5
2026-03-19,5763.22021484375,6606.490234375,1505.25,4.281000137329102,24.059999465942383,5.433000087738037,57.322052001953125,96.13999938964844,99.2300033569336,4600.7001953125,9.422510147094727,0.7926300168037415,118.08999633789062
2026-03-20,5781.2001953125,6506.47998046875,1489.8399658203125,4.390999794006348,26.780000686645508,5.34250020980835,55.352291107177734,98.31999969482422,99.6500015258789,4570.39990234375,9.433812141418457,0.7886999845504761,126.27999877929688
2026-03-23,5405.75,6581.0,1504.2099609375,4.334000110626221,26.149999618530273,5.439499855041504,57.01365661621094,88.12999725341797,98.94999694824219,4404.10009765625,9.447454452514648,0.7878199815750122,122.81999969482422
2026-03-24,5553.919921875,6556.3701171875,1485.3599853515625,4.392000198364258,26.950000762939453,5.422500133514404,56.22774124145508,92.3499984741211,99.43000030517578,4399.2998046875,9.366003036499023,0.7864000201225281,124.13999938964844
2026-03-25,5642.2099609375,6591.89990234375,1497.31005859375,4.328000068664551,25.329999923706055,5.5289998054504395,57.123085021972656,90.31999969482422,99.5999984741211,4549.7998046875,9.428609848022461,0.7879999876022339,119.37000274658203
2026-03-26,5460.4599609375,6477.16015625,1500.969970703125,4.415999889373779,27.440000534057617,5.446499824523926,55.18317413330078,94.4800033569336,99.9000015258789,4375.5,9.417532920837402,0.7915499806404114,124.43000030517578
2026-03-27,5438.8701171875,6368.85009765625,1508.3599853515625,4.440000057220459,31.049999237060547,5.4670000076293945,54.91456985473633,99.63999938964844,100.1500015258789,4492.0,9.443923950195312,0.7946799993515015,133.17999267578125
2026-03-30,5277.2998046875,6343.72021484375,1507.02001953125,4.3420000076293945,30.610000610351562,5.47599983215332,54.466896057128906,102.87999725341797,100.51000213623047,4526.0,9.404561996459961,0.7997999787330627,127.83999633789062
2026-03-31,5052.4599609375,6528.52001953125,1516.1300048828125,4.310999870300293,25.25,5.587500095367432,56.49634552001953,101.37999725341797,99.95999908447266,4647.60009765625,9.48485279083252,0.7998800277709961,116.05000305175781
2026-04-01,5478.7001953125,6575.31982421875,1503.3299560546875,4.318999767303467,24.540000915527344,5.624000072479248,56.9340705871582,100.12000274658203,99.6500015258789,4783.2001953125,9.480036735534668,0.7976300120353699,114.83000183105469
2026-04-02,5234.0498046875,6582.68994140625,1512.0899658203125,4.313000202178955,23.8700008392334,5.563000202178955,56.29737854003906,111.54000091552734,100.02999877929688,4651.5,9.527196884155273,0.7939500212669373,115.33000183105469
2026-04-03,5377.2998046875,6582.68994140625,1509.219970703125,4.313000202178955,23.8700008392334,5.563000202178955,56.29737854003906,111.54000091552734,100.02999877929688,4651.5,9.462431907653809,0.7986299991607666,115.33000183105469
2026-04-06,5450.330078125,6611.830078125,1509.260009765625,4.335000038146973,24.170000076293945,5.583499908447266,56.814693450927734,112.41000366210938,99.9800033569336,4656.7998046875,9.445272445678711,0.8011500239372253,113.52999877929688
2026-04-07,5494.77978515625,6616.85009765625,1507.8499755859375,4.3429999351501465,25.780000686645508,5.54449987411499,57.01365661621094,112.94999694824219,99.63999938964844,4657.10009765625,9.441943168640137,0.7980999946594238,117.30000305175781
2026-04-08,5872.33984375,6782.81005859375,1499.1300048828125,4.290999889373779,21.040000915527344,5.759500026702881,60.127471923828125,94.41000366210938,99.12999725341797,4749.5,9.444587707519531,0.7904000282287598,111.06999969482422
2026-04-09,5778.009765625,6824.66015625,1477.5999755859375,4.293000221252441,19.489999771118164,5.748000144958496,59.968299865722656,97.87000274658203,98.81999969482422,4792.2001953125,9.313319206237793,0.7914000153541565,105.37000274658203
2026-04-10,5858.8701171875,6816.89013671875,1473.280029296875,4.316999912261963,19.229999542236328,5.870500087738037,60.24685287475586,96.56999969482422,98.6500015258789,4761.89990234375,9.259272575378418,0.7908700108528137,107.30000305175781
2026-04-13,5808.6201171875,6886.240234375,1482.1800537109375,4.296999931335449,19.1200008392334,5.97599983215332,60.754215240478516,99.08000183105469,98.37000274658203,4742.39990234375,9.281347274780273,0.7926099896430969,102.62999725341797
2026-04-14,5967.75,6967.3798828125,1476.8399658203125,4.25600004196167,18.360000610351562,6.070499897003174,61.91816711425781,91.27999877929688,98.12000274658203,4825.0,9.275862693786621,0.7832000255584717,95.4000015258789
2026-04-15,6091.39013671875,7022.9501953125,1469.4200439453125,4.2820000648498535,18.170000076293945,6.072000026702881,61.87837219238281,91.29000091552734,98.05999755859375,4800.0,9.253157615661621,0.7809100151062012,97.6500015258789
2026-04-16,6226.0498046875,7041.27978515625,1474.06005859375,4.309000015258789,17.940000534057617,6.066500186920166,62.127079010009766,94.69000244140625,98.22000122070312,4785.39990234375,9.28134536743164,0.7813100218772888,96.80000305175781
2026-04-17,6191.919921875,7126.06005859375,1477.9200439453125,4.245999813079834,17.479999542236328,6.103499889373779,63.3109245300293,83.8499984741211,98.0999984741211,4857.60009765625,9.283329963684082,0.7832000255584717,95.12999725341797
2026-04-20,6219.08984375,7109.14013671875,1465.1500244140625,4.25,18.8700008392334,6.035999774932861,62.85330581665039,89.61000061035156,98.05000305175781,4806.60009765625,9.20522689819336,0.7836599946022034,98.1500015258789
2026-04-21,6388.47021484375,7064.009765625,1469.260009765625,4.291999816894531,19.5,6.001500129699707,61.9281120300293,92.12999725341797,98.41000366210938,4698.39990234375,9.24903392791748,0.7785099744796753,101.88999938964844
2026-04-22,6417.93017578125,7137.89990234375,1485.800048828125,4.294000148773193,18.920000076293945,6.119999885559082,63.052268981933594,92.95999908447266,98.58999633789062,4732.5,9.322813034057617,0.7805500030517578,98.7300033569336
2026-04-23,6475.81005859375,7108.39990234375,1477.9599609375,4.322999954223633,19.309999465942383,6.075500011444092,62.02759552001953,95.8499984741211,98.80000305175781,4705.10009765625,9.266875267028809,0.784820020198822,98.56999969482422
2026-04-24,6475.6298828125,7165.080078125,1479.949951171875,4.309999942779541,18.709999084472656,6.023499965667725,63.41040802001953,94.4000015258789,98.51000213623047,4722.2998046875,9.26291561126709,0.7862399816513062,97.18000030517578
2026-04-27,6615.02978515625,7173.91015625,1474.68994140625,4.335999965667725,18.020000457763672,6.01800012588501,63.3109245300293,96.37000274658203,98.4800033569336,4675.39990234375,9.240694046020508,0.786300003528595,93.86000061035156
2026-04-28,6641.02001953125,7138.7998046875,1473.0,4.354000091552734,17.829999923706055,5.9145002365112305,62.66428756713867,99.93000030517578,98.62000274658203,4591.5,9.24284553527832,0.785290002822876,91.02999877929688
2026-04-29,6690.89990234375,7135.9501953125,1471.989990234375,4.418000221252441,18.809999465942383,5.878499984741211,62.36583709716797,106.87999725341797,98.91999816894531,4545.2001953125,9.225789070129395,0.7889900207519531,96.0199966430664
2026-04-30,6598.8701171875,7209.009765625,1487.3800048828125,4.389999866485596,16.889999389648438,5.926000118255615,63.65911865234375,105.06999969482422,98.08000183105469,4614.7001953125,9.284954071044922,0.7905600070953369,93.69999694824219
2026-05-01,6598.8701171875,7230.1201171875,1474.010009765625,4.377999782562256,16.989999771118164,5.932000160217285,63.79838943481445,101.94000244140625,98.20999908447266,4629.89990234375,9.38931941986084,0.7814000248908997,95.16999816894531
2026-05-04,6936.990234375,7200.75,1471.72998046875,4.446000099182129,18.290000915527344,5.795000076293945,63.7685432434082,106.41999816894531,98.47000122070312,4519.5,9.382652282714844,0.7811300158500671,98.29000091552734
2026-05-05,6936.990234375,7259.22021484375,1476.050048828125,4.415999889373779,17.3799991607666,5.942999839782715,65.06182861328125,102.2699966430664,98.4800033569336,4555.7998046875,9.389751434326172,0.7839699983596802,95.26000213623047
2026-05-06,7384.56005859375,7365.1201171875,1473.9599609375,4.355999946594238,17.389999389648438,6.136499881744385,67.1410140991211,95.08000183105469,98.0199966430664,4681.89990234375,9.34631061553955,0.7813799977302551,93.69999694824219
2026-05-07,7490.0498046875,7337.10986328125,1444.449951171875,4.392000198364258,17.079999923706055,6.127500057220459,66.24566650390625,94.80999755859375,98.25,4699.7998046875,9.229888916015625,0.7788599729537964,93.61000061035156
2026-05-08,7498.0,7398.93017578125,1454.7900390625,4.363999843597412,17.190000534057617,6.249000072479248,67.58869171142578,95.41999816894531,97.83999633789062,4720.39990234375,9.275602340698242,0.7802000045776367,96.77999877929688
2026-05-11,7822.240234375,7412.83984375,1460.550048828125,4.409999847412109,18.3799991607666,6.41349983215332,67.53894805908203,98.06999969482422,97.94000244140625,4718.7001953125,9.310219764709473,0.7777699828147888,98.05999755859375
2026-05-12,7643.14990234375,7400.9599609375,1474.449951171875,4.4629998207092285,17.989999771118164,6.485000133514404,65.47965240478516,102.18000030517578,98.29000091552734,4677.60009765625,9.371074676513672,0.7781599760055542,98.55000305175781
2026-05-13,7844.009765625,7444.25,1492.989990234375,4.480999946594238,17.8700008392334,6.635499954223633,66.86246490478516,101.0199966430664,98.4800033569336,4697.7001953125,9.470849990844727,0.7804099917411804,98.36000061035156
2026-05-14,7981.41015625,7501.240234375,1489.8399658203125,4.460999965667725,17.260000228881836,6.567500114440918,67.03158569335938,101.16999816894531,98.87999725341797,4678.10009765625,9.437192916870117,0.781499981880188,94.26000213623047
2026-05-15,7493.18017578125,7408.5,1493.3399658203125,4.59499979019165,18.43000030517578,6.251500129699707,64.73352813720703,105.41999816894531,99.2699966430664,4555.7998046875,9.431783676147461,0.7841799855232239,92.94000244140625
2026-05-18,7516.0400390625,7403.0498046875,1497.1500244140625,4.623000144958496,17.81999969482422,6.271999835968018,64.63404846191406,108.66000366210938,98.97000122070312,4552.5,9.426324844360352,0.7872899770736694,91.18000030517578
2026-05-19,7271.66015625,7353.60986328125,1492.3199462890625,4.666999816894531,18.059999465942383,6.164999961853027,63.9277229309082,107.7699966430664,99.30000305175781,4506.2998046875,9.390259742736816,0.7844700217247009,94.61000061035156
2026-05-20,7208.9501953125,7432.97021484375,1507.8499755859375,4.572000026702881,17.440000534057617,6.290500164031982,65.12151336669922,98.26000213623047,99.11000061035156,4531.2998046875,9.480530738830566,0.7888000011444092,96.44999694824219
2026-05-21,7815.58984375,7445.72021484375,1499.77001953125,4.585999965667725,16.760000228881836,6.256999969482422,65.68856811523438,96.3499984741211,99.19000244140625,4539.7998046875,9.440711975097656,0.7869200110435486,91.87999725341797
2026-05-22,7847.7099609375,7473.47021484375,1504.4000244140625,4.558000087738037,16.700000762939453,6.3420000076293945,65.53933715820312,96.5999984741211,99.31999969482422,4521.0,9.455455780029297,0.7864999771118164,91.16000366210938
2026-05-25,7847.7099609375,7473.47021484375,1512.8299560546875,4.558000087738037,16.59000015258789,6.3420000076293945,65.53933715820312,96.5999984741211,99.31999969482422,4521.0,9.51722526550293,0.782289981842041,91.16000366210938
2026-05-26,8047.509765625,7519.1201171875,1514.7900390625,4.493000030517578,17.010000228881836,6.361000061035156,68.04631042480469,93.88999938964844,99.16999816894531,4500.39990234375,9.529397010803223,0.78302001953125,89.55000305175781
2026-05-27,8228.7001953125,7520.35986328125,1505.43994140625,4.480999946594238,16.290000915527344,6.304999828338623,68.03636169433594,88.68000030517578,99.20999908447266,4447.5,9.457401275634766,0.7851099967956543,87.52999877929688
2026-05-28,8185.2900390625,7563.6298828125,1503.1099853515625,4.454999923706055,15.739999771118164,6.395999908447266,68.2552261352539,88.9000015258789,99.0199966430664,4499.2998046875,9.414684295654297,0.7878599762916565,86.02999877929688
2026-05-29,8476.150390625,7580.06005859375,1495.2900390625,4.453000068664551,15.319999694824219,6.359499931335449,68.24527740478516,87.36000061035156,98.91000366210938,4560.5,9.383105278015137,0.7836599946022034,86.05999755859375
2026-06-01,8788.3798828125,7599.9599609375,1506.8399658203125,4.474999904632568,16.049999237060547,6.52400016784668,69.7176284790039,92.16000366210938,99.19999694824219,4475.2001953125,9.455424308776855,0.7818599939346313,91.5999984741211
2026-06-02,8801.490234375,7609.77978515625,1511.27001953125,4.454999923706055,15.770000457763672,6.649499893188477,70.43390655517578,93.76000213623047,99.22000122070312,4489.10009765625,9.465814590454102,0.7861400246620178,90.52999877929688
2026-06-03,8801.490234375,7553.68017578125,1516.5999755859375,4.491000175476074,16.059999465942383,6.480999946594238,69.5584487915039,96.0199966430664,99.52999877929688,4436.7001953125,9.480544090270996,0.7882500290870667,89.80000305175781
2026-06-04,8639.41015625,7584.31005859375,1530.1099853515625,4.4770002365112305,15.399999618530273,6.511000156402588,68.74269104003906,93.04000091552734,99.41000366210938,4475.7998046875,9.565587043762207,0.7910299897193909,85.75
2026-06-05,8160.58984375,7383.740234375,1533.0699462890625,4.535999774932861,21.510000228881836,6.263500213623047,64.25601196289062,90.54000091552734,100.06999969482422,4337.10009765625,9.579889297485352,0.7889000177383423,102.04000091552734
2026-06-08,7484.41015625,7405.72998046875,1554.47998046875,4.552000045776367,18.920000076293945,6.329500198364258,65.4100112915039,91.30000305175781,100.05000305175781,4335.89990234375,9.693187713623047,0.7964199781417847,92.4000015258789
2026-06-09,8096.93017578125,7386.64990234375,1528.8800048828125,4.5279998779296875,19.8700008392334,6.302499771118164,65.47965240478516,88.19999694824219,99.91000366210938,4260.0,9.542614936828613,0.7981699705123901,95.80999755859375
2026-06-10,7730.81982421875,7266.990234375,1525.81005859375,4.541999816894531,22.219999313354492,6.249000072479248,64.32565307617188,90.02999877929688,99.94999694824219,4108.2001953125,9.513023376464844,0.7992600202560425,108.16000366210938
2026-06-11,7763.9501953125,7394.2998046875,1525.050048828125,4.4629998207092285,19.440000534057617,6.258999824523926,67.15096282958984,87.70999908447266,99.86000061035156,4090.300048828125,9.49983024597168,0.7999500036239624,100.62999725341797
2026-06-12,8123.6201171875,7431.4599609375,1517.3800048828125,4.486999988555908,17.68000030517578,6.430500030517578,67.52899932861328,84.87999725341797,99.75,4215.0,9.478581428527832,0.7950500249862671,93.81999969482422
2026-06-15,8123.6201171875,7431.4599609375,1509.5,4.486999988555908,17.68000030517578,6.482500076293945,67.52899932861328,80.75,99.75,4328.0,9.436771392822266,0.7939000129699707,87.58000183105469
